840003250681788,  1773,53,00:02:30,00:02:37,     7,  0.19,  0.20,TEST  , -0.01,  0.000,  0.00,  0.000,  0.000,  0.000,  0.000
840003250681788,  1773,53,00:02:42,00:02:48,     6,  0.19,  0.20,TEST  , -0.01,  0.000,  0.00,  0.000,  0.000,  0.000,  0.000
840003287324988,  9593,68,00:02:31,00:02:54,    23,  2.69,  2.49,TEST  ,  0.20,  0.000,  0.00,  0.000,  0.000,  0.000,  0.000
840003268256460,  9534,14,00:04:51,00:04:55,     4, 47.00, 47.00,HS    ,  0.00,  0.000,  0.00,  0.000,  0.000,  0.000,  0.000
840003250681620,  1605,20,00:02:06,00:05:37,   211, 33.50, 33.10,LS    ,  0.40,  0.000,  0.00,  0.000,  0.000,  0.000,  0.000
840003268256460,  9534,14,00:05:04,00:05:38,    34, 47.00, 46.70,HS    ,  0.30,  0.000,  0.00,  0.000,  0.000,  0.000,  0.000
840003274076181,  9663,53,00:06:14,00:06:20,     6,  0.20,  0.20,TEST  ,  0.00,  0.000,  0.00,  0.000,  0.000,  0.000,  0.000
840003274076181,  9663,53,00:06:23,00:06:29,     6,  0.20,  0.20,TEST  ,  0.00,  0.000,  0.00,  0.000,  0.000,  0.000,  0.000
840003250681788,  1773,54,00:03:47,00:06:39,   172,  4.07,  3.53,TEST  ,  0.54,  0.000,  0.00,  0.000,  0.000,  0.000,  0.000
840003250681669,  1654, 9,00:02:00,00:08:31,   391, 46.30, 44.20,HS    ,  2.10,  0.000,  0.00,  0.000,  0.000,  0.000,  0.000
840003287324988,  9593,68,00:02:55,00:08:47,   352,  2.49,  0.13,TEST  ,  2.36,  0.000,  0.00,  0.000,  0.000,  0.000,  0.000
840003250681788,  1773,55,00:06:46,00:09:01,   135,  9.43,  9.11,TEST  ,  0.32,  0.000,  0.00,  0.000,  0.000,  0.000,  0.000
840003268256460,  9534, 8,00:06:43,00:09:19,   156, 59.50, 58.70,HS    ,  0.80,  0.000,  0.00,  0.000,  0.000,  0.000,  0.000
840003274076181,  9663,54,00:06:40,00:10:00,   200,  3.53,  2.33,TEST  ,  1.20,  0.000,  0.00,  0.000,  0.000,  0.000,  0.000
840003268256460,  9534,11,00:09:44,00:12:12,   148, 42.00, 41.40,LS    ,  0.60,  0.000,  0.00,  0.000,  0.000,  0.000,  0.000
840003250681620,  1605,19,00:06:15,00:13:29,   434, 34.20, 33.10,LS    ,  1.10,  0.000,  0.00,  0.000,  0.000,  0.000,  0.000
840003268256460,  9534, 9,00:12:34,00:17:04,   270, 44.30, 42.80,HS    ,  1.50,  0.000,  0.00,  0.000,  0.000,  0.000,  0.000
840003268256460,  9534, 7,00:17:34,00:17:41,     7, 43.00, 43.00,LS    ,  0.00,  0.000,  0.00,  0.000,  0.000,  0.000,  0.000
840003250681788,  1773,58,00:09:12,00:18:06,   534, 34.77, 32.56,TEST  ,  2.21,  0.000,  0.00,  0.000,  0.000,  0.000,  0.000
840003268256460,  9534, 7,00:17:52,00:18:15,    23, 43.00, 42.60,LS    ,  0.40,  0.000,  0.00,  0.000,  0.000,  0.000,  0.000
840003250681672,  1657,25,00:02:37,00:18:35,   958, 19.60, 15.50,LS    ,  4.10,  0.000,  0.00,  0.000,  0.000,  0.000,  0.000
840003250681669,  1654,13,00:09:15,00:18:41,   566, 38.20, 35.60,HS    ,  2.60,  0.000,  0.00,  0.000,  0.000,  0.000,  0.000
840003250681788,  1773,61,00:18:24,00:20:02,    98, 57.09, 56.71,TEST  ,  0.38,  0.000,  0.00,  0.000,  0.000,  0.000,  0.000
840003250681669,  1654,14,00:18:58,00:20:00,    62, 46.70, 46.40,HS    ,  0.30,  0.000,  0.00,  0.000,  0.000,  0.000,  0.000
840003234513693,  1301,56,00:20:57,00:21:03,     6, 16.19, 16.19,TEST  ,  0.00,  0.000,  0.00,  0.000,  0.000,  0.000,  0.000
840003218920887,  1129,83,00:20:10,00:21:06,    56,  3.33,  3.23,TEST  ,  0.10,  0.000,  0.00,  0.000,  0.000,  0.000,  0.000
840003250681620,  1605,18,00:13:47,00:21:11,   444, 38.40, 37.20,LS    ,  1.20,  0.000,  0.00,  0.000,  0.000,  0.000,  0.000
840003250681788,  1773,66,00:20:43,00:22:30,   107, 21.94, 21.38,TEST  ,  0.56,  0.000,  0.00,  0.000,  0.000,  0.000,  0.000
840003287324988,  9593,67,00:08:49,00:23:23,   874, 12.15,  5.67,TEST  ,  6.48,  0.000,  0.00,  0.000,  0.000,  0.000,  0.000
840003287324973,  9890,14,00:23:33,00:25:12,    99, 46.40, 45.80,HS    ,  0.60,  0.000,  0.00,  0.000,  0.000,  0.000,  0.000
840003218920887,  1129,80,00:21:21,00:25:43,   262, 22.86, 21.75,TEST  ,  1.11,  0.000,  0.00,  0.000,  0.000,  0.000,  0.000
840003205049588,  9702,17,00:26:01,00:26:09,     8, 40.90, 40.90,HS    ,  0.00,  0.000,  0.00,  0.000,  0.000,  0.000,  0.000
840003250681620,  1605,15,00:21:28,00:26:36,   308, 33.80, 33.20,LS    ,  0.60,  0.000,  0.00,  0.000,  0.000,  0.000,  0.000
840003218920887,  1129,79,00:25:46,00:27:57,   131, 11.76, 11.44,TEST  ,  0.32,  0.000,  0.00,  0.000,  0.000,  0.000,  0.000
840003287324973,  9890,13,00:25:35,00:28:09,   154, 35.60, 35.00,HS    ,  0.60,  0.000,  0.00,  0.000,  0.000,  0.000,  0.000
840003234513990,  1598,31,00:06:02,00:28:14,  1332, 23.90, 19.20,LS    ,  4.70,  0.000,  0.00,  0.000,  0.000,  0.000,  0.000
840003218920873,  1115,30,00:19:55,00:28:18,   503, 48.80, 46.60,HS    ,  2.20,  0.000,  0.00,  0.000,  0.000,  0.000,  0.000
840003250681620,  1605,12,00:26:50,00:28:18,    88, 33.40, 33.30,LS    ,  0.10,  0.000,  0.00,  0.000,  0.000,  0.000,  0.000
840003250681788,  1773,63,00:22:38,00:29:51,   433, 69.04, 67.15,TEST  ,  1.89,  0.000,  0.00,  0.000,  0.000,  0.000,  0.000
840003250681669,  1654, 8,00:20:36,00:32:46,   730, 58.70, 55.40,HS    ,  3.30,  0.000,  0.00,  0.000,  0.000,  0.000,  0.000
840003287324988,  9593,66,00:23:44,00:35:00,   676, 21.39, 16.35,TEST  ,  5.04,  0.000,  0.00,  0.000,  0.000,  0.000,  0.000
840003250681788,  1773,63,00:30:18,00:36:25,   367, 67.16, 65.50,TEST  ,  1.66,  0.000,  0.00,  0.000,  0.000,  0.000,  0.000
840003234513693,  1301,56,00:21:03,00:36:43,   940, 16.19, 10.10,TEST  ,  6.09,  0.000,  0.00,  0.000,  0.000,  0.000,  0.000
840003250681788,  1773,63,00:36:50,00:36:55,     5, 65.50, 65.50,TEST  ,  0.00,  0.000,  0.00,  0.000,  0.000,  0.000,  0.000
840003250681669,  1654, 8,00:33:48,00:37:09,   201, 55.40, 54.60,HS    ,  0.80,  0.000,  0.00,  0.000,  0.000,  0.000,  0.000
840003250681620,  1605, 7,00:29:05,00:37:28,   503, 42.60, 41.50,LS    ,  1.10,  0.000,  0.00,  0.000,  0.000,  0.000,  0.000
840003250681787,  1772,80,00:32:51,00:37:45,   294, 21.76, 20.34,TEST  ,  1.42,  0.000,  0.00,  0.000,  0.000,  0.000,  0.000
840003250681669,  1654, 7,00:37:37,00:37:47,    10, 41.50, 41.50,LS    ,  0.00,  0.000,  0.00,  0.000,  0.000,  0.000,  0.000
840003250681787,  1772,80,00:38:01,00:38:07,     6, 20.34, 20.34,TEST  ,  0.00,  0.000,  0.00,  0.000,  0.000,  0.000,  0.000
840003250681620,  1605, 6,00:37:34,00:38:13,    39, 43.20, 43.10,LS    ,  0.10,  0.000,  0.00,  0.000,  0.000,  0.000,  0.000
840003268256460,  9534, 5,00:19:18,00:38:23,  1145, 51.40, 47.40,HS    ,  4.00,  0.000,  0.00,  0.000,  0.000,  0.000,  0.000
840003205049610,  9724, 4,00:33:28,00:38:47,   319, 39.60, 38.30,HS    ,  1.30,  0.000,  0.00,  0.000,  0.000,  0.000,  0.000
840003234513693,  1301,56,00:36:44,00:44:16,   452, 10.10,  7.13,TEST  ,  2.97,  0.000,  0.00,  0.000,  0.000,  0.000,  0.000
840003234513693,  1301,56,00:44:17,00:44:23,     6,  7.13,  7.14,TEST  , -0.01,  0.000,  0.00,  0.000,  0.000,  0.000,  0.000
840003250681787,  1772,78,00:39:22,00:44:32,   310, 27.39, 25.70,TEST  ,  1.69,  0.000,  0.00,  0.000,  0.000,  0.000,  0.000
840003234513693,  1301,56,00:44:47,00:44:52,     5,  7.14,  7.15,TEST  , -0.01,  0.000,  0.00,  0.000,  0.000,  0.000,  0.000
840003287324973,  9890, 9,00:28:58,00:46:03,  1025, 42.80, 38.10,HS    ,  4.70,  0.000,  0.00,  0.000,  0.000,  0.000,  0.000
840003250681620,  1605, 7,00:38:35,00:47:01,   506, 41.50, 40.40,LS    ,  1.10,  0.000,  0.00,  0.000,  0.000,  0.000,  0.000
840003234513693,  1301,56,00:45:02,00:47:36,   154,  7.14,  7.13,TEST  ,  0.01,  0.000,  0.00,  0.000,  0.000,  0.000,  0.000
840003234513693,  1301,56,00:47:48,00:47:55,     7,  6.17,  6.17,TEST  ,  0.00,  0.000,  0.00,  0.000,  0.000,  0.000,  0.000
840003250681787,  1772,77,00:44:42,00:48:54,   252, 43.64, 42.01,TEST  ,  1.63,  0.000,  0.00,  0.000,  0.000,  0.000,  0.000
840003250681787,  1772,77,00:48:55,00:49:01,     6, 42.01, 42.02,TEST  , -0.01,  0.000,  0.00,  0.000,  0.000,  0.000,  0.000
840003250681669,  1654, 5,00:38:33,00:49:06,   633, 47.40, 45.00,HS    ,  2.40,  0.000,  0.00,  0.000,  0.000,  0.000,  0.000
840003218920901,  1143,18,00:33:29,00:50:02,   993, 37.20, 33.20,LS    ,  4.00,  0.000,  0.00,  0.000,  0.000,  0.000,  0.000
840003250681674,  1659,17,00:43:03,00:50:12,   429, 40.90, 39.20,HS    ,  1.70,  0.000,  0.00,  0.000,  0.000,  0.000,  0.000
840003218920887,  1129,64,00:39:36,00:50:38,   662, 63.33, 60.93,TEST  ,  2.40,  0.000,  0.00,  0.000,  0.000,  0.000,  0.000
840003205049486,  9600,66,00:40:15,00:51:05,   650, 16.38, 12.90,TEST  ,  3.48,  0.000,  0.00,  0.000,  0.000,  0.000,  0.000
840003205049486,  9600,66,00:52:41,00:52:47,     6, 12.90, 12.90,TEST  ,  0.00,  0.000,  0.00,  0.000,  0.000,  0.000,  0.000
840003205049610,  9724, 4,00:44:27,00:53:07,   520, 38.30, 36.70,HS    ,  1.60,  0.000,  0.00,  0.000,  0.000,  0.000,  0.000
840003274076181,  9663,58,00:37:07,00:54:10,  1023, 32.57, 26.34,TEST  ,  6.23,  0.000,  0.00,  0.000,  0.000,  0.000,  0.000
840003205049588,  9702,21,00:26:22,00:54:08,  1666, 41.60, 34.80,HS    ,  6.80,  0.000,  0.00,  0.000,  0.000,  0.000,  0.000
840003205049588,  9702,22,00:54:23,00:55:28,    65, 32.30, 32.20,HS    ,  0.10,  0.000,  0.00,  0.000,  0.000,  0.000,  0.000
840003205049486,  9600,66,00:52:52,00:55:47,   175, 12.90, 11.83,TEST  ,  1.07,  0.000,  0.00,  0.000,  0.000,  0.000,  0.000
840003218920882,  1124,16,00:23:14,00:56:13,  1979, 53.40, 45.20,HS    ,  8.20,  0.000,  0.00,  0.000,  0.000,  0.000,  0.000
840003250681819,  1804,81,00:47:35,00:56:37,   542, 14.80, 12.45,TEST  ,  2.35,  0.000,  0.00,  0.000,  0.000,  0.000,  0.000
840003287325014,  9956,27,00:55:02,00:56:47,   105, 42.70, 42.70,LS    ,  0.00,  0.000,  0.00,  0.000,  0.000,  0.000,  0.000
840003287324973,  9890,29,00:55:03,00:57:05,   122, 49.30, 48.00,HS    ,  1.30,  0.000,  0.00,  0.000,  0.000,  0.000,  0.000
840003250681674,  1659,17,00:50:56,00:57:11,   375, 39.20, 37.60,HS    ,  1.60,  0.000,  0.00,  0.000,  0.000,  0.000,  0.000
840003287324973,  9890,28,00:57:43,00:57:46,     3, 25.70, 25.70,LS    ,  0.00,  0.000,  0.00,  0.000,  0.000,  0.000,  0.000
840003287324973,  9890,27,00:57:52,00:58:00,     8, 42.60, 42.30,LS    ,  0.30,  0.000,  0.00,  0.000,  0.000,  0.000,  0.000
840003287325014,  9956,30,00:57:18,00:58:04,    46, 46.40, 46.20,HS    ,  0.20,  0.000,  0.00,  0.000,  0.000,  0.000,  0.000
840003218920873,  1115,26,00:28:52,00:58:07,  1755, 32.20, 25.20,HS    ,  7.00,  0.000,  0.00,  0.000,  0.000,  0.000,  0.000
840003287325014,  9956,31,00:58:13,00:59:22,    69, 19.20, 19.00,LS    ,  0.20,  0.000,  0.00,  0.000,  0.000,  0.000,  0.000
840003205049588,  9702,29,00:59:04,00:59:36,    32, 48.30, 48.00,HS    ,  0.30,  0.000,  0.00,  0.000,  0.000,  0.000,  0.000
840003205049610,  9724, 5,00:53:23,01:00:49,   446, 45.00, 43.50,HS    ,  1.50,  0.000,  0.00,  0.000,  0.000,  0.000,  0.000
840003250681819,  1804,80,00:58:08,01:02:37,   269, 20.34, 19.20,TEST  ,  1.14,  0.000,  0.00,  0.000,  0.000,  0.000,  0.000
840003218920901,  1143,20,00:50:17,01:03:51,   814, 33.00, 29.90,LS    ,  3.10,  0.000,  0.00,  0.000,  0.000,  0.000,  0.000
840003234513799,  1407,68,01:04:55,01:05:17,    22,  0.16,  0.14,TEST  ,  0.02,  0.000,  0.00,  0.000,  0.000,  0.000,  0.000
840003234513799,  1407,68,01:05:20,01:05:28,     8,  0.14,  0.13,TEST  ,  0.01,  0.000,  0.00,  0.000,  0.000,  0.000,  0.000
840003250681674,  1659,16,00:57:46,01:05:39,   473, 45.20, 43.00,HS    ,  2.20,  0.000,  0.00,  0.000,  0.000,  0.000,  0.000
840003218920767,  1009,57,00:15:28,01:06:50,  3082, 22.84, 20.14,TEST  ,  2.70,  0.000,  0.00,  0.000,  0.000,  0.000,  0.000
840003218920920,  1162,18,01:00:48,01:07:25,   397, 33.20, 32.00,LS    ,  1.20,  0.000,  0.00,  0.000,  0.000,  0.000,  0.000
840003287325014,  9956,28,00:59:47,01:08:09,   502, 25.70, 23.50,LS    ,  2.20,  0.000,  0.00,  0.000,  0.000,  0.000,  0.000
840003218920920,  1162, 7,01:08:28,01:09:06,    38, 40.40, 40.20,LS    ,  0.20,  0.000,  0.00,  0.000,  0.000,  0.000,  0.000
840003287325014,  9956,30,01:08:38,01:09:32,    54, 46.20, 46.00,HS    ,  0.20,  0.000,  0.00,  0.000,  0.000,  0.000,  0.000
840003218920920,  1162, 4,01:09:27,01:09:37,    10, 36.70, 36.70,HS    ,  0.00,  0.000,  0.00,  0.000,  0.000,  0.000,  0.000
840003234513873,  1481,67,01:00:58,01:11:29,   631,  5.67,  2.46,TEST  ,  3.21,  0.000,  0.00,  0.000,  0.000,  0.000,  0.000
840003274076119,  9867, 7,01:09:15,01:11:33,   138, 40.20, 39.30,LS    ,  0.90,  0.000,  0.00,  0.000,  0.000,  0.000,  0.000
840003218920920,  1162, 3,01:09:44,01:11:47,   123, 30.10, 29.60,LS    ,  0.50,  0.000,  0.00,  0.000,  0.000,  0.000,  0.000
840003218920873,  1115,24,00:58:53,01:13:35,   882, 16.80, 12.90,HS    ,  3.90,  0.000,  0.00,  0.000,  0.000,  0.000,  0.000
840003205049486,  9600,64,00:56:05,01:13:41,  1056, 60.93, 55.25,TEST  ,  5.68,  0.000,  0.00,  0.000,  0.000,  0.000,  0.000
840003274076119,  9867, 6,01:12:04,01:13:36,    92, 43.10, 42.70,LS    ,  0.40,  0.000,  0.00,  0.000,  0.000,  0.000,  0.000
840003287325014,  9956,31,01:09:40,01:13:58,   258, 19.00, 18.00,LS    ,  1.00,  0.000,  0.00,  0.000,  0.000,  0.000,  0.000
840003218920901,  1143,19,01:04:52,01:14:08,   556, 33.00, 31.00,LS    ,  2.00,  0.000,  0.00,  0.000,  0.000,  0.000,  0.000
840003274076179,  8966,79,01:02:10,01:14:14,   724, 11.44,  7.42,TEST  ,  4.02,  0.000,  0.00,  0.000,  0.000,  0.000,  0.000
840003274076119,  9867, 8,01:14:20,01:14:39,    19, 54.50, 54.20,HS    ,  0.30,  0.000,  0.00,  0.000,  0.000,  0.000,  0.000
840003274076179,  8966,80,01:14:41,01:14:47,     6, 19.20, 19.31,TEST  , -0.11,  0.000,  0.00,  0.000,  0.000,  0.000,  0.000
840003274076119,  9867, 8,01:15:58,01:16:35,    37, 54.20, 53.80,HS    ,  0.40,  0.000,  0.00,  0.000,  0.000,  0.000,  0.000
840003274076179,  8966,80,01:14:47,01:17:55,   188, 19.31, 18.10,TEST  ,  1.21,  0.000,  0.00,  0.000,  0.000,  0.000,  0.000
840003274076119,  9867, 9,01:18:06,01:18:16,    10, 38.10, 38.00,HS    ,  0.10,  0.000,  0.00,  0.000,  0.000,  0.000,  0.000
840003274076119,  9867, 9,01:18:34,01:18:51,    17, 38.10, 37.80,HS    ,  0.30,  0.000,  0.00,  0.000,  0.000,  0.000,  0.000
840003250681820,  1805,78,01:06:31,01:19:47,   796, 25.70, 21.78,TEST  ,  3.92,  0.000,  0.00,  0.000,  0.000,  0.000,  0.000
840003250681820,  1805,75,01:20:25,01:21:22,    57, 43.86, 43.55,TEST  ,  0.31,  0.000,  0.00,  0.000,  0.000,  0.000,  0.000
840003218920920,  1162, 2,01:12:42,01:22:16,   574, 16.10, 14.60,LS    ,  1.50,  0.000,  0.00,  0.000,  0.000,  0.000,  0.000
840003287324973,  9890,26,00:58:28,01:22:22,  1434, 25.20, 20.30,HS    ,  4.90,  0.000,  0.00,  0.000,  0.000,  0.000,  0.000
840003250681673,  1658,24,01:15:02,01:23:31,   509, 12.90, 10.90,HS    ,  2.00,  0.000,  0.00,  0.000,  0.000,  0.000,  0.000
840003205049588,  9702,22,00:59:54,01:24:19,  1465, 32.20, 27.80,HS    ,  4.40,  0.000,  0.00,  0.000,  0.000,  0.000,  0.000
840003287324973,  9890,28,01:24:23,01:24:27,     4, 23.50, 23.50,LS    ,  0.00,  0.000,  0.00,  0.000,  0.000,  0.000,  0.000
840003234513873,  1481,66,01:11:49,01:25:26,   817, 11.84,  8.14,TEST  ,  3.70,  0.000,  0.00,  0.000,  0.000,  0.000,  0.000
840003250681674,  1659, 5,01:18:41,01:25:22,   401, 43.50, 41.90,HS    ,  1.60,  0.000,  0.00,  0.000,  0.000,  0.000,  0.000
840003234513799,  1407,65,01:05:45,01:26:34,  1249, 50.64, 43.99,TEST  ,  6.65,  0.000,  0.00,  0.000,  0.000,  0.000,  0.000
840003234513873,  1481,69,01:25:54,01:27:09,    75,  4.11,  3.77,TEST  ,  0.34,  0.000,  0.00,  0.000,  0.000,  0.000,  0.000
840003274076119,  9867,11,01:19:45,01:27:09,   444, 41.40, 39.50,LS    ,  1.90,  0.000,  0.00,  0.000,  0.000,  0.000,  0.000
840003234513799,  1407,67,01:27:38,01:27:43,     5,  2.48,  2.59,TEST  , -0.11,  0.000,  0.00,  0.000,  0.000,  0.000,  0.000
840003274076119,  9867,11,01:27:28,01:29:47,   139, 39.50, 38.70,LS    ,  0.80,  0.000,  0.00,  0.000,  0.000,  0.000,  0.000
840003234513799,  1407,67,01:30:13,01:30:20,     7,  1.95,  1.95,TEST  ,  0.00,  0.000,  0.00,  0.000,  0.000,  0.000,  0.000
840003234513799,  1407,67,01:30:21,01:30:27,     6,  1.95,  1.95,TEST  ,  0.00,  0.000,  0.00,  0.000,  0.000,  0.000,  0.000
840003250681673,  1658, 1,01:25:07,01:31:01,   354, 47.70, 46.40,HS    ,  1.30,  0.000,  0.00,  0.000,  0.000,  0.000,  0.000
840003250681674,  1659, 5,01:26:15,01:32:43,   388, 41.90, 39.90,HS    ,  2.00,  0.000,  0.00,  0.000,  0.000,  0.000,  0.000
840003274076119,  9867,14,01:31:23,01:33:00,    97, 45.80, 45.20,HS    ,  0.60,  0.000,  0.00,  0.000,  0.000,  0.000,  0.000
840003250681820,  1805,78,01:22:23,01:34:13,   710, 21.79, 18.84,TEST  ,  2.95,  0.000,  0.00,  0.000,  0.000,  0.000,  0.000
840003234513873,  1481,71,01:28:18,01:34:14,   356,  2.20,  1.13,TEST  ,  1.07,  0.000,  0.00,  0.000,  0.000,  0.000,  0.000
840003250681649,  1634, 2,01:31:00,01:35:09,   249, 14.60, 13.70,LS    ,  0.90,  0.000,  0.00,  0.000,  0.000,  0.000,  0.000
840003250681673,  1658, 1,01:31:17,01:35:12,   235, 46.40, 45.40,HS    ,  1.00,  0.000,  0.00,  0.000,  0.000,  0.000,  0.000
840003250681674,  1659, 8,01:33:30,01:36:08,   158, 53.80, 53.00,HS    ,  0.80,  0.000,  0.00,  0.000,  0.000,  0.000,  0.000
840003205049588,  9702,26,01:24:42,01:36:30,   708, 20.30, 18.40,HS    ,  1.90,  0.000,  0.00,  0.000,  0.000,  0.000,  0.000
840003250681673,  1658, 4,01:35:47,01:37:09,    82, 36.70, 36.30,HS    ,  0.40,  0.000,  0.00,  0.000,  0.000,  0.000,  0.000
840003274076201,  1702,67,01:33:07,01:37:21,   254,  1.96,  1.25,TEST  ,  0.71,  0.000,  0.00,  0.000,  0.000,  0.000,  0.000
840003274076119,  9867,15,01:34:05,01:37:39,   214, 33.10, 32.60,LS    ,  0.50,  0.000,  0.00,  0.000,  0.000,  0.000,  0.000
840003250681674,  1659, 8,01:36:57,01:37:57,    60, 53.10, 52.80,HS    ,  0.30,  0.000,  0.00,  0.000,  0.000,  0.000,  0.000
840003250681649,  1634, 6,01:35:40,01:38:17,   157, 42.70, 41.70,LS    ,  1.00,  0.000,  0.00,  0.000,  0.000,  0.000,  0.000
840003250681681,  1666,16,01:36:38,01:38:27,   109, 43.00, 42.70,HS    ,  0.30,  0.000,  0.00,  0.000,  0.000,  0.000,  0.000
840003287324973,  9890,29,01:24:36,01:38:35,   839, 47.90, 46.50,HS    ,  1.40,  0.000,  0.00,  0.000,  0.000,  0.000,  0.000
840003218920990,  1232,32,01:33:09,01:38:39,   330, 70.90, 68.90,HS    ,  2.00,  0.000,  0.00,  0.000,  0.000,  0.000,  0.000
840003287324990,  9827,31,01:30:00,01:39:11,   551, 18.00, 15.80,LS    ,  2.20,  0.000,  0.00,  0.000,  0.000,  0.000,  0.000
840003287325011,  1064,10,01:39:07,01:39:13,     6, -0.30, -0.30,LS    ,  0.00,  0.000,  0.00,  0.000,  0.000,  0.000,  0.000
840003268256516,  9779, 6,01:39:11,01:39:20,     9, 41.70, 41.70,LS    ,  0.00,  0.000,  0.00,  0.000,  0.000,  0.000,  0.000
840003250681681,  1666,17,01:38:49,01:39:36,    47, 37.50, 37.40,HS    ,  0.10,  0.000,  0.00,  0.000,  0.000,  0.000,  0.000
840003234513873,  1481,72,01:34:27,01:39:44,   317, 27.71, 26.69,TEST  ,  1.02,  0.000,  0.00,  0.000,  0.000,  0.000,  0.000
840003250681674,  1659,14,01:39:26,01:39:58,    32, 45.20, 45.20,HS    ,  0.00,  0.000,  0.00,  0.000,  0.000,  0.000,  0.000
840003274076119,  9867,18,01:39:56,01:40:20,    24, 32.00, 32.00,LS    ,  0.00,  0.000,  0.00,  0.000,  0.000,  0.000,  0.000
840003250681674,  1659,13,01:40:06,01:41:56,   110, 35.00, 34.60,HS    ,  0.40,  0.000,  0.00,  0.000,  0.000,  0.000,  0.000
840003274076119,  9867,23,01:40:51,01:42:02,    71, 40.90, 40.60,LS    ,  0.30,  0.000,  0.00,  0.000,  0.000,  0.000,  0.000
840003234513799,  1407,65,01:30:39,01:42:08,   689, 44.01, 40.98,TEST  ,  3.03,  0.000,  0.00,  0.000,  0.000,  0.000,  0.000
840003250681681,  1666,14,01:40:09,01:42:08,   119, 45.20, 44.70,HS    ,  0.50,  0.000,  0.00,  0.000,  0.000,  0.000,  0.000
840003274076119,  9867,26,01:42:36,01:43:16,    40, 18.40, 18.00,HS    ,  0.40,  0.000,  0.00,  0.000,  0.000,  0.000,  0.000
840003218920990,  1232,32,01:39:23,01:43:22,   239, 69.00, 67.70,HS    ,  1.30,  0.000,  0.00,  0.000,  0.000,  0.000,  0.000
840003234513799,  1407,64,01:42:08,01:44:07,   119, 55.23, 54.75,TEST  ,  0.48,  0.000,  0.00,  0.000,  0.000,  0.000,  0.000
840003287324993,  9134,71,01:44:18,01:44:24,     6,  1.14,  1.22,TEST  , -0.08,  0.000,  0.00,  0.000,  0.000,  0.000,  0.000
840003218920990,  1232,32,01:43:45,01:44:45,    60, 67.70, 67.50,HS    ,  0.20,  0.000,  0.00,  0.000,  0.000,  0.000,  0.000
840003274076201,  1702,69,01:38:46,01:45:26,   400,  3.77,  1.86,TEST  ,  1.91,  0.000,  0.00,  0.000,  0.000,  0.000,  0.000
840003287324993,  9134,71,01:44:40,01:46:26,   106,  1.01,  0.50,TEST  ,  0.51,  0.000,  0.00,  0.000,  0.000,  0.000,  0.000
840003268256516,  9779, 5,01:40:30,01:46:45,   375, 39.80, 38.40,HS    ,  1.40,  0.000,  0.00,  0.000,  0.000,  0.000,  0.000
840003218920990,  1232,32,01:46:14,01:47:44,    90, 67.40, 66.80,HS    ,  0.60,  0.000,  0.00,  0.000,  0.000,  0.000,  0.000
840003274076119,  9867,27,01:45:03,01:48:04,   181, 42.30, 41.90,LS    ,  0.40,  0.000,  0.00,  0.000,  0.000,  0.000,  0.000
840003287324993,  9134,72,01:46:33,01:48:11,    98, 26.68, 25.89,TEST  ,  0.79,  0.000,  0.00,  0.000,  0.000,  0.000,  0.000
840003287325013,  9824,26,01:44:23,01:48:40,   257, 18.00, 16.60,HS    ,  1.40,  0.000,  0.00,  0.000,  0.000,  0.000,  0.000
840003250681674,  1659, 9,01:42:15,01:48:42,   387, 37.80, 36.10,HS    ,  1.70,  0.000,  0.00,  0.000,  0.000,  0.000,  0.000
840003287325013,  9824,25,01:48:51,01:48:54,     3, 15.40, 15.40,LS    ,  0.00,  0.000,  0.00,  0.000,  0.000,  0.000,  0.000
840003268256516,  9779,21,01:48:52,01:49:03,    11, 34.70, 34.70,HS    ,  0.00,  0.000,  0.00,  0.000,  0.000,  0.000,  0.000
840003268256516,  9779,24,01:49:12,01:49:16,     4, 10.90, 10.90,HS    ,  0.00,  0.000,  0.00,  0.000,  0.000,  0.000,  0.000
840003268256516,  9779,27,01:49:41,01:49:54,    13, 41.90, 41.20,LS    ,  0.70,  0.000,  0.00,  0.000,  0.000,  0.000,  0.000
840003268256516,  9779,25,01:50:02,01:50:07,     5, 15.40, 15.40,LS    ,  0.00,  0.000,  0.00,  0.000,  0.000,  0.000,  0.000
840003268256516,  9779,20,01:50:24,01:50:46,    22, 29.80, 29.80,LS    ,  0.00,  0.000,  0.00,  0.000,  0.000,  0.000,  0.000
840003250681674,  1659, 9,01:49:17,01:52:18,   181, 36.10, 35.20,HS    ,  0.90,  0.000,  0.00,  0.000,  0.000,  0.000,  0.000
840003234513799,  1407,62,01:44:11,01:54:17,   606, 54.70, 52.47,TEST  ,  2.23,  0.000,  0.00,  0.000,  0.000,  0.000,  0.000
840003234513799,  1407,62,01:54:18,01:54:27,     9, 52.47, 52.46,TEST  ,  0.01,  0.000,  0.00,  0.000,  0.000,  0.000,  0.000
840003234513893,  1501,65,01:42:11,01:55:31,   800, 40.98, 36.04,TEST  ,  4.94,  0.000,  0.00,  0.000,  0.000,  0.000,  0.000
840003218920820,  1062,28,01:54:27,01:56:16,   109, 23.50, 23.10,LS    ,  0.40,  0.000,  0.00,  0.000,  0.000,  0.000,  0.000
840003287325011,  1064, 4,01:39:41,01:56:56,  1035, 36.30, 32.80,HS    ,  3.50,  0.000,  0.00,  0.000,  0.000,  0.000,  0.000
840003250681649,  1634, 3,01:38:41,01:57:10,  1109, 29.60, 25.00,LS    ,  4.60,  0.000,  0.00,  0.000,  0.000,  0.000,  0.000
840003250681674,  1659, 9,01:53:37,01:57:40,   243, 35.20, 34.00,HS    ,  1.20,  0.000,  0.00,  0.000,  0.000,  0.000,  0.000
840003250681681,  1666, 8,01:42:27,01:57:41,   914, 52.80, 49.10,HS    ,  3.70,  0.000,  0.00,  0.000,  0.000,  0.000,  0.000
840003274076119,  9867,26,01:57:54,01:58:26,    32, 16.50, 16.20,HS    ,  0.30,  0.000,  0.00,  0.000,  0.000,  0.000,  0.000
840003234513925,  1533,28,01:56:26,01:58:27,   121, 23.10, 22.60,LS    ,  0.50,  0.000,  0.00,  0.000,  0.000,  0.000,  0.000
840003218920820,  1062,27,01:56:33,01:58:41,   128, 41.20, 41.30,LS    , -0.10,  0.000,  0.00,  0.000,  0.000,  0.000,  0.000
840003287325013,  9824,22,01:49:33,01:58:53,   560, 27.80, 25.10,HS    ,  2.70,  0.000,  0.00,  0.000,  0.000,  0.000,  0.000
840003234513925,  1533,28,01:58:38,01:59:16,    38, 22.60, 22.40,LS    ,  0.20,  0.000,  0.00,  0.000,  0.000,  0.000,  0.000
840003287325011,  1064, 3,01:57:20,01:59:17,   117, 25.00, 24.10,LS    ,  0.90,  0.000,  0.00,  0.000,  0.000,  0.000,  0.000
840003268256516,  9779,17,01:50:56,01:59:22,   506, 37.40, 35.40,HS    ,  2.00,  0.000,  0.00,  0.000,  0.000,  0.000,  0.000
840003268256516,  9779,15,02:00:08,02:00:11,     3, 32.30, 32.30,LS    ,  0.00,  0.000,  0.00,  0.000,  0.000,  0.000,  0.000
840003287324993,  9134,72,01:49:04,02:00:18,   674, 25.90, 22.58,TEST  ,  3.32,  0.000,  0.00,  0.000,  0.000,  0.000,  0.000
840003218920820,  1062,25,01:59:14,02:00:21,    67, 15.40, 15.10,LS    ,  0.30,  0.000,  0.00,  0.000,  0.000,  0.000,  0.000
840003287324993,  9134,75,02:00:28,02:00:33,     5, 43.57, 43.57,TEST  ,  0.00,  0.000,  0.00,  0.000,  0.000,  0.000,  0.000
840003250681673,  1658, 1,01:46:21,02:00:41,   860, 45.40, 42.20,HS    ,  3.20,  0.000,  0.00,  0.000,  0.000,  0.000,  0.000
840003234513777,  1385,69,01:55:25,02:01:50,   385,  1.86,  0.33,TEST  ,  1.53,  0.000,  0.00,  0.000,  0.000,  0.000,  0.000
840003268256516,  9779,12,02:00:23,02:02:12,   109, 33.80, 32.70,LS    ,  1.10,  0.000,  0.00,  0.000,  0.000,  0.000,  0.000
840003274076201,  1702,66,01:45:59,02:03:07,  1028,  8.14,  3.75,TEST  ,  4.39,  0.000,  0.00,  0.000,  0.000,  0.000,  0.000
840003268256516,  9779,12,02:02:23,02:03:38,    75, 32.00, 32.10,LS    , -0.10,  0.000,  0.00,  0.000,  0.000,  0.000,  0.000
840003268256516,  9779,12,02:03:49,02:04:17,    28, 32.10, 32.20,LS    , -0.10,  0.000,  0.00,  0.000,  0.000,  0.000,  0.000
840003268256516,  9779,12,02:04:30,02:05:02,    32, 32.20, 31.90,LS    ,  0.30,  0.000,  0.00,  0.000,  0.000,  0.000,  0.000
840003234513799,  1407,61,01:55:33,02:05:32,   599, 57.17, 53.68,TEST  ,  3.49,  0.000,  0.00,  0.000,  0.000,  0.000,  0.000
840003274076119,  9867,20,02:02:02,02:08:16,   374, 29.80, 28.00,LS    ,  1.80,  0.000,  0.00,  0.000,  0.000,  0.000,  0.000
840003250681681,  1666, 1,02:01:42,02:09:18,   456, 42.20, 41.00,HS    ,  1.20,  0.000,  0.00,  0.000,  0.000,  0.000,  0.000
840003234513923,  1531,17,02:01:24,02:09:39,   495, 35.40, 34.50,HS    ,  0.90,  0.000,  0.00,  0.000,  0.000,  0.000,  0.000
840003287324998,  9295,70,02:10:39,02:10:44,     5,  0.07,  0.07,TEST  ,  0.00,  0.000,  0.00,  0.000,  0.000,  0.000,  0.000
840003234513923,  1531,24,02:10:21,02:11:01,    40, 10.80, 10.80,HS    ,  0.00,  0.000,  0.00,  0.000,  0.000,  0.000,  0.000
840003250681673,  1658, 4,02:01:12,02:11:17,   605, 32.80, 30.00,HS    ,  2.80,  0.000,  0.00,  0.000,  0.000,  0.000,  0.000
840003287324998,  9295,70,02:10:49,02:11:25,    36,  0.07,  0.07,TEST  ,  0.00,  0.000,  0.00,  0.000,  0.000,  0.000,  0.000
840003287324998,  9295,71,02:12:04,02:12:11,     7,  0.50,  0.53,TEST  , -0.03,  0.000,  0.00,  0.000,  0.000,  0.000,  0.000
840003234513777,  1385,72,02:02:02,02:12:14,   612, 22.57, 20.10,TEST  ,  2.47,  0.000,  0.00,  0.000,  0.000,  0.000,  0.000
840003268256516,  9779, 9,02:05:49,02:12:54,   425, 34.00, 32.40,HS    ,  1.60,  0.000,  0.00,  0.000,  0.000,  0.000,  0.000
840003234513923,  1531,26,02:11:10,02:13:34,   144, 16.20, 15.90,HS    ,  0.30,  0.000,  0.00,  0.000,  0.000,  0.000,  0.000
840003268256516,  9779,12,02:13:08,02:14:16,    68, 32.00, 31.50,LS    ,  0.50,  0.000,  0.00,  0.000,  0.000,  0.000,  0.000
840003268256516,  9779,12,02:14:29,02:15:09,    40, 31.20, 31.50,LS    , -0.30,  0.000,  0.00,  0.000,  0.000,  0.000,  0.000
840003250681681,  1666,13,02:10:31,02:15:33,   302, 34.50, 33.80,HS    ,  0.70,  0.000,  0.00,  0.000,  0.000,  0.000,  0.000
840003234513893,  1501,63,01:55:48,02:16:00,  1212, 65.53, 58.87,TEST  ,  6.66,  0.000,  0.00,  0.000,  0.000,  0.000,  0.000
840003268256516,  9779,13,02:15:42,02:16:46,    64, 33.80, 33.50,HS    ,  0.30,  0.000,  0.00,  0.000,  0.000,  0.000,  0.000
840003274076119,  9867,20,02:08:33,02:17:19,   526, 28.00, 25.80,LS    ,  2.20,  0.000,  0.00,  0.000,  0.000,  0.000,  0.000
840003250681644,  1629,14,01:58:13,02:17:23,  1150, 44.70, 39.70,HS    ,  5.00,  0.000,  0.00,  0.000,  0.000,  0.000,  0.000
840003268256516,  9779,12,02:17:27,02:17:58,    31, 31.40, 31.10,LS    ,  0.30,  0.000,  0.00,  0.000,  0.000,  0.000,  0.000
840003274076178,  9425,65,02:15:28,02:18:11,   163, 36.05, 34.71,TEST  ,  1.34,  0.000,  0.00,  0.000,  0.000,  0.000,  0.000
840003274076178,  9425,66,02:18:21,02:18:29,     8,  3.75,  3.75,TEST  ,  0.00,  0.000,  0.00,  0.000,  0.000,  0.000,  0.000
840003274076178,  9425,66,02:18:35,02:18:40,     5,  3.75,  3.75,TEST  ,  0.00,  0.000,  0.00,  0.000,  0.000,  0.000,  0.000
840003211748008,  9979,71,02:19:22,02:19:28,     6,  0.50,  0.50,TEST  ,  0.00,  0.000,  0.00,  0.000,  0.000,  0.000,  0.000
840003287324998,  9295,72,02:12:14,02:19:32,   438, 20.09, 16.66,TEST  ,  3.43,  0.000,  0.00,  0.000,  0.000,  0.000,  0.000
840003287324993,  9134,75,02:00:40,02:20:02,  1162, 43.57, 38.06,TEST  ,  5.51,  0.000,  0.00,  0.000,  0.000,  0.000,  0.000
840003250681673,  1658,16,02:13:50,02:20:21,   391, 42.60, 40.50,HS    ,  2.10,  0.000,  0.00,  0.000,  0.000,  0.000,  0.000
840003274076178,  9425,64,02:19:44,02:21:28,   104, 54.72, 53.89,TEST  ,  0.83,  0.000,  0.00,  0.000,  0.000,  0.000,  0.000
840003268256440,  9884,22,02:06:45,02:21:55,   910, 25.10, 18.40,HS    ,  6.70,  0.000,  0.00,  0.000,  0.000,  0.000,  0.000
840003250681681,  1666,32,02:22:06,02:22:57,    51, 66.70, 66.70,HS    ,  0.00,  0.000,  0.00,  0.000,  0.000,  0.000,  0.000
840003234513925,  1533,23,01:59:52,02:23:00,  1388, 40.60, 33.90,LS    ,  6.70,  0.000,  0.00,  0.000,  0.000,  0.000,  0.000
840003234513777,  1385,73,02:12:23,02:23:17,   654, 39.67, 37.45,TEST  ,  2.22,  0.000,  0.00,  0.000,  0.000,  0.000,  0.000
840003234513777,  1385,73,02:23:18,02:23:23,     5, 37.45, 37.45,TEST  ,  0.00,  0.000,  0.00,  0.000,  0.000,  0.000,  0.000
840003211747935,  9906, 3,02:23:46,02:24:15,    29, 24.10, 24.00,LS    ,  0.10,  0.000,  0.00,  0.000,  0.000,  0.000,  0.000
840003211748008,  9979,72,02:19:50,02:24:50,   300, 16.65, 14.58,TEST  ,  2.07,  0.000,  0.00,  0.000,  0.000,  0.000,  0.000
840003250681681,  1666,26,02:23:15,02:25:08,   113, 15.80, 15.30,HS    ,  0.50,  0.000,  0.00,  0.000,  0.000,  0.000,  0.000
840003234513777,  1385,74,02:24:31,02:25:47,    76, 47.05, 46.85,TEST  ,  0.20,  0.000,  0.00,  0.000,  0.000,  0.000,  0.000
840003211748008,  9979,73,02:25:05,02:25:50,    45, 37.46, 37.14,TEST  ,  0.32,  0.000,  0.00,  0.000,  0.000,  0.000,  0.000
840003218920820,  1062,28,02:00:44,02:26:06,  1522, 22.40, 17.50,LS    ,  4.90,  0.000,  0.00,  0.000,  0.000,  0.000,  0.000
840003287324998,  9295,75,02:20:06,02:26:16,   370, 38.06, 35.30,TEST  ,  2.76,  0.000,  0.00,  0.000,  0.000,  0.000,  0.000
840003234513923,  1531,29,02:14:13,02:27:33,   800, 45.10, 42.30,HS    ,  2.80,  0.000,  0.00,  0.000,  0.000,  0.000,  0.000
840003268256516,  9779, 8,02:18:31,02:28:45,   614, 49.10, 46.40,HS    ,  2.70,  0.000,  0.00,  0.000,  0.000,  0.000,  0.000
840003250681783,  1768,81,02:21:16,02:29:02,   466, 12.45, 11.45,TEST  ,  1.00,  0.000,  0.00,  0.000,  0.000,  0.000,  0.000
840003274076178,  9425,62,02:21:33,02:29:13,   460, 52.45, 49.47,TEST  ,  2.98,  0.000,  0.00,  0.000,  0.000,  0.000,  0.000
840003274076178,  9425,62,02:29:14,02:29:19,     5, 49.47, 49.47,TEST  ,  0.00,  0.000,  0.00,  0.000,  0.000,  0.000,  0.000
840003250681656,  1641,28,02:29:28,02:29:33,     5, 17.50, 17.50,LS    ,  0.00,  0.000,  0.00,  0.000,  0.000,  0.000,  0.000
840003211748008,  9979,72,02:32:53,02:32:59,     6, 14.57, 14.56,TEST  ,  0.01,  0.000,  0.00,  0.000,  0.000,  0.000,  0.000
840003218920820,  1062,25,02:26:28,02:34:36,   488, 15.10, 13.90,LS    ,  1.20,  0.000,  0.00,  0.000,  0.000,  0.000,  0.000
840003268256440,  9884,17,02:23:23,02:36:49,   806, 34.40, 30.80,HS    ,  3.60,  0.000,  0.00,  0.000,  0.000,  0.000,  0.000
840003268256516,  9779,31,02:37:05,02:37:12,     7, 15.80, 15.80,LS    ,  0.00,  0.000,  0.00,  0.000,  0.000,  0.000,  0.000
840003218920767,  1009,67,02:32:36,02:38:05,   329,  1.25,  0.11,TEST  ,  1.14,  0.000,  0.00,  0.000,  0.000,  0.000,  0.000
840003218920767,  1009,70,02:38:18,02:38:25,     7,  0.07,  0.07,TEST  ,  0.00,  0.000,  0.00,  0.000,  0.000,  0.000,  0.000
840003211748008,  9979,72,02:33:00,02:38:49,   349, 14.56, 12.29,TEST  ,  2.27,  0.000,  0.00,  0.000,  0.000,  0.000,  0.000
840003211747935,  9906, 7,02:24:45,02:41:46,  1021, 39.30, 33.70,LS    ,  5.60,  0.000,  0.00,  0.000,  0.000,  0.000,  0.000
840003234513852,  1460,67,02:42:13,02:42:29,    16,  0.11,  0.10,TEST  ,  0.01,  0.000,  0.00,  0.000,  0.000,  0.000,  0.000
840003234513923,  1531,29,02:27:54,02:42:38,   884, 42.30, 41.40,HS    ,  0.90,  0.000,  0.00,  0.000,  0.000,  0.000,  0.000
840003268256516,  9779,30,02:37:21,02:42:49,   328, 45.90, 44.90,HS    ,  1.00,  0.000,  0.00,  0.000,  0.000,  0.000,  0.000
840003250681681,  1666,24,02:25:31,02:43:18,  1067, 10.80,  7.00,HS    ,  3.80,  0.000,  0.00,  0.000,  0.000,  0.000,  0.000
840003234513972,  1580,19,02:38:53,02:43:55,   302, 31.00, 29.00,LS    ,  2.00,  0.000,  0.00,  0.000,  0.000,  0.000,  0.000
840003234513852,  1460,56,02:42:53,02:44:39,   106,  2.55,  1.79,TEST  ,  0.76,  0.000,  0.00,  0.000,  0.000,  0.000,  0.000
840003234513852,  1460,56,02:44:54,02:45:01,     7,  1.80,  1.80,TEST  ,  0.00,  0.000,  0.00,  0.000,  0.000,  0.000,  0.000
840003211747935,  9906, 7,02:42:01,02:45:40,   219, 33.70, 32.70,LS    ,  1.00,  0.000,  0.00,  0.000,  0.000,  0.000,  0.000
840003268256516,  9779,30,02:43:12,02:47:23,   251, 44.90, 43.80,HS    ,  1.10,  0.000,  0.00,  0.000,  0.000,  0.000,  0.000
840003250681632,  1617,15,02:25:21,02:47:38,  1337, 32.60, 27.50,LS    ,  5.10,  0.000,  0.00,  0.000,  0.000,  0.000,  0.000
840003211747935,  9906, 7,02:46:23,02:48:26,   123, 32.70, 32.30,LS    ,  0.40,  0.000,  0.00,  0.000,  0.000,  0.000,  0.000
840003250681659,  1644,31,02:43:38,02:48:29,   291, 15.80, 14.50,LS    ,  1.30,  0.000,  0.00,  0.000,  0.000,  0.000,  0.000
840003250681632,  1617,16,02:48:38,02:48:47,     9, 40.50, 40.50,HS    ,  0.00,  0.000,  0.00,  0.000,  0.000,  0.000,  0.000
840003218920767,  1009,72,02:38:49,02:50:59,   730, 12.29,  8.85,TEST  ,  3.44,  0.000,  0.00,  0.000,  0.000,  0.000,  0.000
840003234513852,  1460,56,02:45:09,02:51:17,   368,  1.57,  0.22,TEST  ,  1.35,  0.000,  0.00,  0.000,  0.000,  0.000,  0.000
840003250681627,  1612, 2,02:25:23,02:52:46,  1643, 13.70,  7.30,LS    ,  6.40,  0.000,  0.00,  0.000,  0.000,  0.000,  0.000
840003234513923,  1531,32,02:49:04,02:52:56,   232, 66.70, 66.20,HS    ,  0.50,  0.000,  0.00,  0.000,  0.000,  0.000,  0.000
840003250681632,  1617,15,02:48:54,02:53:00,   246, 27.50, 26.90,LS    ,  0.60,  0.000,  0.00,  0.000,  0.000,  0.000,  0.000
840003218920820,  1062,12,02:37:53,02:53:47,   954, 31.00, 27.80,LS    ,  3.20,  0.000,  0.00,  0.000,  0.000,  0.000,  0.000
840003268256482,  9300,18,02:45:32,02:54:01,   509, 32.10, 30.10,LS    ,  2.00,  0.000,  0.00,  0.000,  0.000,  0.000,  0.000
840003211747935,  9906, 7,02:49:13,02:55:37,   384, 32.30, 31.10,LS    ,  1.20,  0.000,  0.00,  0.000,  0.000,  0.000,  0.000
840003234513923,  1531,32,02:53:07,02:55:52,   165, 66.20, 65.90,HS    ,  0.30,  0.000,  0.00,  0.000,  0.000,  0.000,  0.000
840003250681783,  1768,78,02:29:12,02:56:24,  1632, 18.85, 14.13,TEST  ,  4.72,  0.000,  0.00,  0.000,  0.000,  0.000,  0.000
840003211747935,  9906, 7,02:56:11,02:57:44,    93, 31.10, 30.60,LS    ,  0.50,  0.000,  0.00,  0.000,  0.000,  0.000,  0.000
840003234513923,  1531,32,02:56:04,02:57:57,   113, 65.90, 65.60,HS    ,  0.30,  0.000,  0.00,  0.000,  0.000,  0.000,  0.000
840003211748008,  9979,73,02:38:58,02:58:21,  1163, 37.13, 30.31,TEST  ,  6.82,  0.000,  0.00,  0.000,  0.000,  0.000,  0.000
840003250681783,  1768,77,02:57:11,02:58:21,    70, 41.99, 41.69,TEST  ,  0.30,  0.000,  0.00,  0.000,  0.000,  0.000,  0.000
840003250681632,  1617, 6,02:54:03,02:58:19,   256, 41.70, 41.10,LS    ,  0.60,  0.000,  0.00,  0.000,  0.000,  0.000,  0.000
840003211748008,  9979,73,02:58:21,02:58:26,     5, 30.31, 30.31,TEST  ,  0.00,  0.000,  0.00,  0.000,  0.000,  0.000,  0.000
840003211747935,  9906, 7,02:58:20,02:58:52,    32, 30.60, 30.60,LS    ,  0.00,  0.000,  0.00,  0.000,  0.000,  0.000,  0.000
840003250681632,  1617, 5,02:58:47,02:59:20,    33, 38.40, 38.10,HS    ,  0.30,  0.000,  0.00,  0.000,  0.000,  0.000,  0.000
840003234513972,  1580,19,02:44:05,02:59:29,   924, 29.00, 23.80,LS    ,  5.20,  0.000,  0.00,  0.000,  0.000,  0.000,  0.000
840003250681632,  1617, 5,02:59:59,03:00:23,    24, 38.10, 37.90,HS    ,  0.20,  0.000,  0.00,  0.000,  0.000,  0.000,  0.000
840003234513852,  1460,55,02:51:23,03:02:02,   639,  8.87,  5.66,TEST  ,  3.21,  0.000,  0.00,  0.000,  0.000,  0.000,  0.000
840003234513847,  1455,71,03:02:21,03:02:28,     7,  0.50,  0.49,TEST  ,  0.01,  0.000,  0.00,  0.000,  0.000,  0.000,  0.000
840003250681632,  1617, 6,03:00:36,03:02:40,   124, 41.10, 40.60,LS    ,  0.50,  0.000,  0.00,  0.000,  0.000,  0.000,  0.000
840003211747935,  9906, 7,02:59:54,03:02:41,   167, 30.60, 29.90,LS    ,  0.70,  0.000,  0.00,  0.000,  0.000,  0.000,  0.000
840003218920939,  1181, 2,02:58:03,03:04:31,   388,  7.30,  6.10,LS    ,  1.20,  0.000,  0.00,  0.000,  0.000,  0.000,  0.000
840003250681627,  1612, 3,02:53:35,03:04:42,   667, 24.00, 21.70,LS    ,  2.30,  0.000,  0.00,  0.000,  0.000,  0.000,  0.000
840003250681659,  1644,27,02:48:59,03:05:17,   978, 41.10, 36.70,LS    ,  4.40,  0.000,  0.00,  0.000,  0.000,  0.000,  0.000
840003234513847,  1455,72,03:02:42,03:06:11,   209,  8.86,  7.17,TEST  ,  1.69,  0.000,  0.00,  0.000,  0.000,  0.000,  0.000
840003250681656,  1641,26,02:29:56,03:06:43,  2207, 15.30,  8.30,HS    ,  7.00,  0.000,  0.00,  0.000,  0.000,  0.000,  0.000
840003234513925,  1533,11,02:28:52,03:08:26,  2374, 38.70, 30.00,LS    ,  8.70,  0.000,  0.00,  0.000,  0.000,  0.000,  0.000
840003218920939,  1181, 3,03:04:53,03:08:55,   242, 21.70, 20.70,LS    ,  1.00,  0.000,  0.00,  0.000,  0.000,  0.000,  0.000
840003250681627,  1612, 6,03:05:12,03:09:33,   261, 40.60, 39.80,LS    ,  0.80,  0.000,  0.00,  0.000,  0.000,  0.000,  0.000
840003211748008,  9979,60,03:03:41,03:11:29,   468, 60.80, 58.20,TEST  ,  2.60,  0.000,  0.00,  0.000,  0.000,  0.000,  0.000
840003250681653,  1638,17,03:03:04,03:13:28,   624, 30.70, 27.80,HS    ,  2.90,  0.000,  0.00,  0.000,  0.000,  0.000,  0.000
840003218920939,  1181, 2,03:09:28,03:13:59,   271,  6.10,  5.40,LS    ,  0.70,  0.000,  0.00,  0.000,  0.000,  0.000,  0.000
840003250681627,  1612,31,03:13:34,03:14:27,    53, 14.40, 14.40,LS    ,  0.00,  0.000,  0.00,  0.000,  0.000,  0.000,  0.000
840003287324980,  1557,16,02:58:00,03:14:42,  1002, 40.50, 35.50,HS    ,  5.00,  0.000,  0.00,  0.000,  0.000,  0.000,  0.000
840003234513847,  1455,74,03:06:13,03:15:03,   530, 46.84, 42.37,TEST  ,  4.47,  0.000,  0.00,  0.000,  0.000,  0.000,  0.000
840003234513847,  1455,74,03:15:10,03:15:15,     5, 42.37, 42.37,TEST  ,  0.00,  0.000,  0.00,  0.000,  0.000,  0.000,  0.000
840003234513847,  1455,74,03:15:17,03:15:29,    12, 42.37, 42.37,TEST  ,  0.00,  0.000,  0.00,  0.000,  0.000,  0.000,  0.000
840003250681656,  1641,29,03:09:07,03:16:06,   419, 40.80, 39.50,HS    ,  1.30,  0.000,  0.00,  0.000,  0.000,  0.000,  0.000
840003234513923,  1531,30,02:58:09,03:16:09,  1080, 43.80, 40.40,HS    ,  3.40,  0.000,  0.00,  0.000,  0.000,  0.000,  0.000
840003234513847,  1455,75,03:16:07,03:16:13,     6, 35.30, 35.30,TEST  ,  0.00,  0.000,  0.00,  0.000,  0.000,  0.000,  0.000
840003211747972,  9943,28,03:14:34,03:16:20,   106, 17.50, 16.90,LS    ,  0.60,  0.000,  0.00,  0.000,  0.000,  0.000,  0.000
840003250681659,  1644,27,03:05:27,03:16:25,   658, 36.60, 34.00,LS    ,  2.60,  0.000,  0.00,  0.000,  0.000,  0.000,  0.000
840003268256482,  9300,15,02:54:52,03:16:30,  1298, 26.90, 21.80,LS    ,  5.10,  0.000,  0.00,  0.000,  0.000,  0.000,  0.000
840003274076117,  9785,18,03:13:27,03:16:43,   196, 30.10, 29.30,LS    ,  0.80,  0.000,  0.00,  0.000,  0.000,  0.000,  0.000
840003234513972,  1580,23,03:03:15,03:17:23,   848, 33.90, 29.70,LS    ,  4.20,  0.000,  0.00,  0.000,  0.000,  0.000,  0.000
840003234513833,  1441,73,03:06:13,03:17:47,   694, 30.32, 25.92,TEST  ,  4.40,  0.000,  0.00,  0.000,  0.000,  0.000,  0.000
840003234513840,  1448,65,03:10:56,03:18:03,   427, 34.71, 31.64,TEST  ,  3.07,  0.000,  0.00,  0.000,  0.000,  0.000,  0.000
840003205049521,  9635, 3,03:09:47,03:18:16,   509, 20.70, 17.90,LS    ,  2.80,  0.000,  0.00,  0.000,  0.000,  0.000,  0.000
840003234513852,  1460,61,03:10:07,03:18:35,   508, 54.20, 53.09,TEST  ,  1.11,  0.000,  0.00,  0.000,  0.000,  0.000,  0.000
840003234513923,  1531,30,03:16:32,03:18:42,   130, 40.50, 40.00,HS    ,  0.50,  0.000,  0.00,  0.000,  0.000,  0.000,  0.000
840003250681640,  1625, 4,02:52:33,03:18:44,  1571, 30.00, 24.10,HS    ,  5.90,  0.000,  0.00,  0.000,  0.000,  0.000,  0.000
840003211747972,  9943,31,03:17:01,03:18:56,   115, 14.40, 14.10,LS    ,  0.30,  0.000,  0.00,  0.000,  0.000,  0.000,  0.000
840003234513840,  1448,64,03:18:04,03:19:08,    64, 53.91, 53.55,TEST  ,  0.36,  0.000,  0.00,  0.000,  0.000,  0.000,  0.000
840003211747972,  9943,32,03:19:14,03:19:30,    16, 65.60, 65.30,HS    ,  0.30,  0.000,  0.00,  0.000,  0.000,  0.000,  0.000
840003250681672,  1657,19,03:00:53,03:19:34,  1121, 23.80, 19.20,LS    ,  4.60,  0.000,  0.00,  0.000,  0.000,  0.000,  0.000
840003268256482,  9300,31,03:19:06,03:20:29,    83, 14.10, 13.80,LS    ,  0.30,  0.000,  0.00,  0.000,  0.000,  0.000,  0.000
840003234513840,  1448,64,03:19:12,03:21:57,   165, 53.54, 52.28,TEST  ,  1.26,  0.000,  0.00,  0.000,  0.000,  0.000,  0.000
840003218920961,  1203,63,03:09:36,03:22:09,   753, 58.89, 53.23,TEST  ,  5.66,  0.000,  0.00,  0.000,  0.000,  0.000,  0.000
982000372939914,  8693,80,03:20:56,03:22:13,    77, 18.11, 17.66,TEST  ,  0.45,  0.000,  0.00,  0.000,  0.000,  0.000,  0.000
840003234513847,  1455,62,03:21:30,03:23:05,    95, 49.46, 48.77,TEST  ,  0.69,  0.000,  0.00,  0.000,  0.000,  0.000,  0.000
840003274076117,  9785,15,03:16:57,03:23:22,   385, 21.80, 21.30,LS    ,  0.50,  0.000,  0.00,  0.000,  0.000,  0.000,  0.000
840003234513840,  1448,65,03:22:35,03:23:34,    59, 31.65, 31.20,TEST  ,  0.45,  0.000,  0.00,  0.000,  0.000,  0.000,  0.000
840003234513932,  1540,14,03:18:48,03:23:41,   293, 39.70, 38.90,HS    ,  0.80,  0.000,  0.00,  0.000,  0.000,  0.000,  0.000
840003211747972,  9943,31,03:20:39,03:23:45,   186, 13.80, 13.00,LS    ,  0.80,  0.000,  0.00,  0.000,  0.000,  0.000,  0.000
840003218920820,  1062,12,03:04:22,03:23:48,  1166, 27.70, 24.30,LS    ,  3.40,  0.000,  0.00,  0.000,  0.000,  0.000,  0.000
840003250681653,  1638,13,03:15:26,03:24:24,   538, 33.50, 30.90,HS    ,  2.60,  0.000,  0.00,  0.000,  0.000,  0.000,  0.000
982000372939914,  8693,79,03:22:30,03:24:39,   129,  7.42,  6.88,TEST  ,  0.54,  0.000,  0.00,  0.000,  0.000,  0.000,  0.000
840003274076117,  9785, 7,03:24:03,03:24:35,    32, 29.80, 29.80,LS    ,  0.00,  0.000,  0.00,  0.000,  0.000,  0.000,  0.000
840003234513932,  1540,12,03:24:33,03:24:44,    11, 24.40, 24.40,LS    ,  0.00,  0.000,  0.00,  0.000,  0.000,  0.000,  0.000
840003234513923,  1531,30,03:18:59,03:25:02,   363, 40.00, 39.10,HS    ,  0.90,  0.000,  0.00,  0.000,  0.000,  0.000,  0.000
840003234513972,  1580,31,03:24:08,03:25:42,    94, 13.00, 12.70,LS    ,  0.30,  0.000,  0.00,  0.000,  0.000,  0.000,  0.000
982000372939914,  8693,78,03:25:07,03:26:17,    70, 14.15, 13.93,TEST  ,  0.22,  0.000,  0.00,  0.000,  0.000,  0.000,  0.000
840003234513964,  1572, 8,03:18:45,03:26:13,   448, 46.40, 43.90,HS    ,  2.50,  0.000,  0.00,  0.000,  0.000,  0.000,  0.000
840003218920961,  1203,55,03:23:31,03:26:23,   172,  6.08,  5.05,TEST  ,  1.03,  0.000,  0.00,  0.000,  0.000,  0.000,  0.000
840003218920939,  1181, 6,03:18:58,03:26:20,   442, 39.80, 37.80,LS    ,  2.00,  0.000,  0.00,  0.000,  0.000,  0.000,  0.000
840003274076117,  9785, 2,03:25:07,03:26:40,    93,  5.40,  5.10,LS    ,  0.30,  0.000,  0.00,  0.000,  0.000,  0.000,  0.000
840003287324980,  1557, 9,03:17:44,03:26:53,   549, 32.40, 30.00,HS    ,  2.40,  0.000,  0.00,  0.000,  0.000,  0.000,  0.000
840003287324983,  9870,20,03:04:15,03:27:17,  1382, 25.70, 19.80,LS    ,  5.90,  0.000,  0.00,  0.000,  0.000,  0.000,  0.000
840003250681653,  1638,16,03:24:40,03:27:17,   157, 35.50, 34.80,HS    ,  0.70,  0.000,  0.00,  0.000,  0.000,  0.000,  0.000
840003218920820,  1062,19,03:25:09,03:27:24,   135, 19.20, 18.80,LS    ,  0.40,  0.000,  0.00,  0.000,  0.000,  0.000,  0.000
840003218920939,  1181, 7,03:26:51,03:27:36,    45, 29.90, 29.70,LS    ,  0.20,  0.000,  0.00,  0.000,  0.000,  0.000,  0.000
840003234513964,  1572,15,03:27:33,03:27:39,     6, 20.30, 20.70,LS    , -0.40,  0.000,  0.00,  0.000,  0.000,  0.000,  0.000
840003234513990,  1598,27,03:19:05,03:27:55,   530, 33.10, 31.60,LS    ,  1.50,  0.000,  0.00,  0.000,  0.000,  0.000,  0.000
840003250681640,  1625,21,03:25:23,03:27:56,   153, 34.50, 34.10,HS    ,  0.40,  0.000,  0.00,  0.000,  0.000,  0.000,  0.000
840003268256482,  9300,31,03:25:53,03:28:04,   131, 12.70, 12.20,LS    ,  0.50,  0.000,  0.00,  0.000,  0.000,  0.000,  0.000
840003234513932,  1540, 5,03:25:26,03:28:19,   173, 37.90, 37.10,HS    ,  0.80,  0.000,  0.00,  0.000,  0.000,  0.000,  0.000
840003205049521,  9635, 3,03:24:26,03:29:05,   279, 17.90, 16.40,LS    ,  1.50,  0.000,  0.00,  0.000,  0.000,  0.000,  0.000
840003234513987,  1595,22,03:00:43,03:29:41,  1738, 18.30, 11.30,HS    ,  7.00,  0.000,  0.00,  0.000,  0.000,  0.000,  0.000
840003211747972,  9943,31,03:29:06,03:29:40,    34, 12.20, 12.10,LS    ,  0.10,  0.000,  0.00,  0.000,  0.000,  0.000,  0.000
840003218920961,  1203,54,03:29:47,03:29:52,     5,  0.46,  0.59,TEST  , -0.13,  0.000,  0.00,  0.000,  0.000,  0.000,  0.000
840003234513932,  1540, 8,03:28:50,03:29:49,    59, 43.90, 43.70,HS    ,  0.20,  0.000,  0.00,  0.000,  0.000,  0.000,  0.000
840003211747972,  9943,32,03:29:48,03:30:03,    15, 65.30, 65.00,HS    ,  0.30,  0.000,  0.00,  0.000,  0.000,  0.000,  0.000
840003218920939,  1181,20,03:28:38,03:30:15,    97, 19.80, 19.60,LS    ,  0.20,  0.000,  0.00,  0.000,  0.000,  0.000,  0.000
840003205049521,  9635, 8,03:30:17,03:30:20,     3, 43.70, 43.70,HS    ,  0.00,  0.000,  0.00,  0.000,  0.000,  0.000,  0.000
840003218920820,  1062,18,03:27:46,03:30:25,   159, 29.30, 28.90,LS    ,  0.40,  0.000,  0.00,  0.000,  0.000,  0.000,  0.000
840003203286181,  1204, 1,03:21:50,03:30:29,   519, 41.00, 37.90,HS    ,  3.10,  0.000,  0.00,  0.000,  0.000,  0.000,  0.000
840003250681653,  1638,21,03:28:06,03:30:31,   145, 34.10, 33.20,HS    ,  0.90,  0.000,  0.00,  0.000,  0.000,  0.000,  0.000
840003234513828,  1436,72,03:29:27,03:31:05,    98,  7.17,  6.48,TEST  ,  0.69,  0.000,  0.00,  0.000,  0.000,  0.000,  0.000
840003211747972,  9943,32,03:30:50,03:31:05,    15, 65.00, 64.70,HS    ,  0.30,  0.000,  0.00,  0.000,  0.000,  0.000,  0.000
840003218920961,  1203,54,03:30:59,03:31:36,    37,  0.13,  0.13,TEST  ,  0.00,  0.000,  0.00,  0.000,  0.000,  0.000,  0.000
840003218920961,  1203,55,03:31:45,03:31:50,     5,  5.12,  5.12,TEST  ,  0.00,  0.000,  0.00,  0.000,  0.000,  0.000,  0.000
840003218920939,  1181,28,03:31:01,03:31:49,    48, 16.90, 16.60,LS    ,  0.30,  0.000,  0.00,  0.000,  0.000,  0.000,  0.000
840003234513814,  1422,83,03:22:02,03:31:55,   593,  3.21,  0.10,TEST  ,  3.11,  0.000,  0.00,  0.000,  0.000,  0.000,  0.000
840003234513923,  1531,30,03:25:40,03:31:57,   377, 39.10, 38.00,HS    ,  1.10,  0.000,  0.00,  0.000,  0.000,  0.000,  0.000
840003211747972,  9943,32,03:31:47,03:32:01,    14, 64.70, 64.40,HS    ,  0.30,  0.000,  0.00,  0.000,  0.000,  0.000,  0.000
840003287324980,  1557,16,03:31:04,03:32:04,    60, 34.80, 34.60,HS    ,  0.20,  0.000,  0.00,  0.000,  0.000,  0.000,  0.000
840003234513966,  1574,65,03:25:01,03:32:21,   440, 31.20, 28.11,TEST  ,  3.09,  0.000,  0.00,  0.000,  0.000,  0.000,  0.000
840003274076135,  1033,17,03:17:20,03:32:23,   903, 27.80, 23.90,HS    ,  3.90,  0.000,  0.00,  0.000,  0.000,  0.000,  0.000
840003234513840,  1448,64,03:23:40,03:32:28,   528, 52.27, 49.00,TEST  ,  3.27,  0.000,  0.00,  0.000,  0.000,  0.000,  0.000
840003250681653,  1638,21,03:30:55,03:32:35,   100, 33.20, 32.70,HS    ,  0.50,  0.000,  0.00,  0.000,  0.000,  0.000,  0.000
840003250681640,  1625,22,03:29:49,03:32:47,   178, 11.30, 10.70,HS    ,  0.60,  0.000,  0.00,  0.000,  0.000,  0.000,  0.000
840003234513833,  1441,77,03:17:54,03:33:24,   930, 41.69, 36.73,TEST  ,  4.96,  0.000,  0.00,  0.000,  0.000,  0.000,  0.000
840003211747972,  9943,30,03:33:09,03:33:23,    14, 38.00, 37.60,HS    ,  0.40,  0.000,  0.00,  0.000,  0.000,  0.000,  0.000
840003218920939,  1181,31,03:32:13,03:33:28,    75, 12.10, 11.80,LS    ,  0.30,  0.000,  0.00,  0.000,  0.000,  0.000,  0.000
840003234513972,  1580,27,03:28:07,03:33:46,   339, 31.60, 29.80,LS    ,  1.80,  0.000,  0.00,  0.000,  0.000,  0.000,  0.000
840003287324983,  9870,19,03:27:35,03:35:35,   480, 18.80, 16.80,LS    ,  2.00,  0.000,  0.00,  0.000,  0.000,  0.000,  0.000
840003234513828,  1436,62,03:31:30,03:35:41,   251, 48.79, 46.96,TEST  ,  1.83,  0.000,  0.00,  0.000,  0.000,  0.000,  0.000
840003234513925,  1533,11,03:21:39,03:36:00,   861, 30.00, 26.90,LS    ,  3.10,  0.000,  0.00,  0.000,  0.000,  0.000,  0.000
840003211747972,  9943,28,03:34:01,03:35:59,   118, 16.60, 16.10,LS    ,  0.50,  0.000,  0.00,  0.000,  0.000,  0.000,  0.000
840003250681653,  1638,22,03:32:57,03:36:18,   201, 10.70,  9.70,HS    ,  1.00,  0.000,  0.00,  0.000,  0.000,  0.000,  0.000
840003203286181,  1204, 4,03:33:51,03:36:18,   147, 24.10, 23.50,HS    ,  0.60,  0.000,  0.00,  0.000,  0.000,  0.000,  0.000
840003234513987,  1595,24,03:30:09,03:36:29,   380,  7.00,  5.30,HS    ,  1.70,  0.000,  0.00,  0.000,  0.000,  0.000,  0.000
840003274076117,  9785, 6,03:27:05,03:36:35,   570, 37.90, 34.10,LS    ,  3.80,  0.000,  0.00,  0.000,  0.000,  0.000,  0.000
840003205049521,  9635,18,03:32:40,03:36:54,   254, 28.90, 27.60,LS    ,  1.30,  0.000,  0.00,  0.000,  0.000,  0.000,  0.000
840003218920939,  1181,27,03:33:56,03:37:29,   213, 29.80, 28.90,LS    ,  0.90,  0.000,  0.00,  0.000,  0.000,  0.000,  0.000
840003287324980,  1557, 9,03:32:29,03:37:47,   318, 30.00, 28.30,HS    ,  1.70,  0.000,  0.00,  0.000,  0.000,  0.000,  0.000
840003234513964,  1572,13,03:27:48,03:37:48,   600, 30.90, 27.40,HS    ,  3.50,  0.000,  0.00,  0.000,  0.000,  0.000,  0.000
840003218920983,  1225,28,03:36:40,03:37:50,    70, 16.10, 15.80,LS    ,  0.30,  0.000,  0.00,  0.000,  0.000,  0.000,  0.000
840003234513840,  1448,63,03:32:31,03:38:05,   334, 53.26, 51.13,TEST  ,  2.13,  0.000,  0.00,  0.000,  0.000,  0.000,  0.000
840003234513932,  1540,14,03:30:41,03:38:00,   439, 38.90, 36.80,HS    ,  2.10,  0.000,  0.00,  0.000,  0.000,  0.000,  0.000
840003250681649,  1634,20,03:37:13,03:38:04,    51, 19.50, 19.30,LS    ,  0.20,  0.000,  0.00,  0.000,  0.000,  0.000,  0.000
840003250681640,  1625,26,03:32:59,03:38:15,   316,  8.20,  7.40,HS    ,  0.80,  0.000,  0.00,  0.000,  0.000,  0.000,  0.000
840003250681653,  1638,24,03:36:47,03:38:20,    93,  5.30,  4.80,HS    ,  0.50,  0.000,  0.00,  0.000,  0.000,  0.000,  0.000
840003287324980,  1557,29,03:38:17,03:38:23,     6, 39.10, 39.30,HS    , -0.20,  0.000,  0.00,  0.000,  0.000,  0.000,  0.000
982000372939914,  8693,76,03:26:26,03:38:30,   724, 51.73, 48.14,TEST  ,  3.59,  0.000,  0.00,  0.000,  0.000,  0.000,  0.000
840003234513966,  1574,64,03:32:29,03:38:34,   365, 49.00, 46.35,TEST  ,  2.65,  0.000,  0.00,  0.000,  0.000,  0.000,  0.000
840003274076135,  1033,21,03:32:45,03:38:30,   345, 32.70, 30.40,HS    ,  2.30,  0.000,  0.00,  0.000,  0.000,  0.000,  0.000
840003234513828,  1436,61,03:36:10,03:38:39,   149, 52.50, 51.46,TEST  ,  1.04,  0.000,  0.00,  0.000,  0.000,  0.000,  0.000
982000372939914,  8693,76,03:38:37,03:38:42,     5, 48.15, 48.14,TEST  ,  0.01,  0.000,  0.00,  0.000,  0.000,  0.000,  0.000
840003234513990,  1598,25,03:28:14,03:38:59,   645, 13.90, 11.40,LS    ,  2.50,  0.000,  0.00,  0.000,  0.000,  0.000,  0.000
840003218921056,  1298,73,03:27:23,03:40:24,   781, 25.91, 19.90,TEST  ,  6.01,  0.000,  0.00,  0.000,  0.000,  0.000,  0.000
840003274076170,  9253,74,03:21:35,03:40:59,  1164, 42.36, 37.49,TEST  ,  4.87,  0.000,  0.00,  0.000,  0.000,  0.000,  0.000
840003274076170,  9253,75,03:41:03,03:41:09,     6, 35.30, 35.31,TEST  , -0.01,  0.000,  0.00,  0.000,  0.000,  0.000,  0.000
840003250681791,  1776,81,03:35:01,03:41:28,   387, 11.45, 10.14,TEST  ,  1.31,  0.000,  0.00,  0.000,  0.000,  0.000,  0.000
840003234513840,  1448,61,03:38:48,03:43:46,   298, 51.50, 49.67,TEST  ,  1.83,  0.000,  0.00,  0.000,  0.000,  0.000,  0.000
840003234513966,  1574,63,03:39:05,03:44:12,   307, 51.15, 49.02,TEST  ,  2.13,  0.000,  0.00,  0.000,  0.000,  0.000,  0.000
840003205049565,  9679,62,03:42:31,03:44:23,   112, 46.97, 46.09,TEST  ,  0.88,  0.000,  0.00,  0.000,  0.000,  0.000,  0.000
840003218921056,  1298,74,03:41:05,03:44:24,   199, 37.48, 36.24,TEST  ,  1.24,  0.000,  0.00,  0.000,  0.000,  0.000,  0.000
840003211747927,  9898,71,03:44:15,03:45:04,    49,  0.52,  0.32,TEST  ,  0.20,  0.000,  0.00,  0.000,  0.000,  0.000,  0.000
840003234513814,  1422,82,03:32:05,03:45:43,   818,  6.71,  1.62,TEST  ,  5.09,  0.000,  0.00,  0.000,  0.000,  0.000,  0.000
840003234513966,  1574,62,03:44:23,03:46:17,   114, 46.08, 45.33,TEST  ,  0.75,  0.000,  0.00,  0.000,  0.000,  0.000,  0.000
840003250681791,  1776,80,03:41:30,03:46:23,   293, 17.66, 16.58,TEST  ,  1.08,  0.000,  0.00,  0.000,  0.000,  0.000,  0.000
840003218920961,  1203,55,03:32:13,03:47:39,   926,  4.67,  0.76,TEST  ,  3.91,  0.000,  0.00,  0.000,  0.000,  0.000,  0.000
840003234513828,  1436,58,03:41:39,03:48:25,   406, 26.34, 23.76,TEST  ,  2.58,  0.000,  0.00,  0.000,  0.000,  0.000,  0.000
840003250681791,  1776,80,03:47:11,03:49:48,   157, 16.58, 16.13,TEST  ,  0.45,  0.000,  0.00,  0.000,  0.000,  0.000,  0.000
982000372939914,  8693,76,03:39:03,03:49:54,   651, 47.90, 45.86,TEST  ,  2.04,  0.000,  0.00,  0.000,  0.000,  0.000,  0.000
840003274076170,  9253,75,03:41:10,03:50:08,   538, 35.31, 33.09,TEST  ,  2.22,  0.000,  0.00,  0.000,  0.000,  0.000,  0.000
840003234513840,  1448,53,03:49:37,03:50:08,    31,  0.09,  0.06,TEST  ,  0.03,  0.000,  0.00,  0.000,  0.000,  0.000,  0.000
840003211747927,  9898,73,03:45:09,03:51:07,   358, 19.91, 17.81,TEST  ,  2.10,  0.000,  0.00,  0.000,  0.000,  0.000,  0.000
840003234513811,  1419,66,03:45:13,03:52:20,   427,  3.75,  0.39,TEST  ,  3.36,  0.000,  0.00,  0.000,  0.000,  0.000,  0.000
840003234513811,  1419,66,03:52:21,03:52:26,     5,  0.39,  0.39,TEST  ,  0.00,  0.000,  0.00,  0.000,  0.000,  0.000,  0.000
840003234513840,  1448,55,03:50:45,03:52:26,   101,  0.64,  0.15,TEST  ,  0.49,  0.000,  0.00,  0.000,  0.000,  0.000,  0.000
840003234513850,  1458,65,03:44:10,03:52:43,   513, 28.13, 25.09,TEST  ,  3.04,  0.000,  0.00,  0.000,  0.000,  0.000,  0.000
840003205049565,  9679,61,03:44:25,03:54:24,   599, 49.74, 45.17,TEST  ,  4.57,  0.000,  0.00,  0.000,  0.000,  0.000,  0.000
840003211747927,  9898,74,03:51:26,03:54:48,   202, 36.24, 35.11,TEST  ,  1.13,  0.000,  0.00,  0.000,  0.000,  0.000,  0.000
840003234513850,  1458,64,03:52:46,03:55:50,   184, 46.33, 45.24,TEST  ,  1.09,  0.000,  0.00,  0.000,  0.000,  0.000,  0.000
840003234513966,  1574,65,03:52:48,03:56:14,   206, 25.10, 24.03,TEST  ,  1.07,  0.000,  0.00,  0.000,  0.000,  0.000,  0.000
840003234513898,  1506,59,03:55:52,03:56:47,    55, 49.81, 49.38,TEST  ,  0.43,  0.000,  0.00,  0.000,  0.000,  0.000,  0.000
840003234513811,  1419,73,03:54:00,03:56:57,   177, 17.81, 16.24,TEST  ,  1.57,  0.000,  0.00,  0.000,  0.000,  0.000,  0.000
840003250681791,  1776,81,03:50:17,03:57:33,   436, 10.16,  8.93,TEST  ,  1.23,  0.000,  0.00,  0.000,  0.000,  0.000,  0.000
840003234513811,  1419,75,03:57:22,03:59:55,   153, 33.09, 32.10,TEST  ,  0.99,  0.000,  0.00,  0.000,  0.000,  0.000,  0.000
840003234513850,  1458,73,03:57:10,04:00:04,   174, 16.25, 15.23,TEST  ,  1.02,  0.000,  0.00,  0.000,  0.000,  0.000,  0.000
840003234513811,  1419,75,03:59:55,04:00:04,     9, 32.10, 32.10,TEST  ,  0.00,  0.000,  0.00,  0.000,  0.000,  0.000,  0.000
840003211747927,  9898,66,03:59:54,04:00:06,    12,  0.40,  0.39,TEST  ,  0.01,  0.000,  0.00,  0.000,  0.000,  0.000,  0.000
840003234513811,  1419,75,04:00:05,04:00:10,     5, 32.10, 32.08,TEST  ,  0.02,  0.000,  0.00,  0.000,  0.000,  0.000,  0.000
840003234513850,  1458,75,04:00:11,04:00:16,     5, 32.06, 32.20,TEST  , -0.14,  0.000,  0.00,  0.000,  0.000,  0.000,  0.000
840003234513850,  1458,75,04:00:31,04:02:04,    93, 31.93, 31.45,TEST  ,  0.48,  0.000,  0.00,  0.000,  0.000,  0.000,  0.000
840003234513811,  1419,77,04:00:12,04:02:15,   123, 36.69, 35.73,TEST  ,  0.96,  0.000,  0.00,  0.000,  0.000,  0.000,  0.000
840003250681791,  1776,78,03:58:28,04:02:38,   250, 13.90, 13.34,TEST  ,  0.56,  0.000,  0.00,  0.000,  0.000,  0.000,  0.000
840003234513840,  1448,59,03:57:26,04:04:54,   448, 49.22, 46.64,TEST  ,  2.58,  0.000,  0.00,  0.000,  0.000,  0.000,  0.000
840003211747927,  9898,65,04:00:09,04:06:16,   367, 24.02, 22.26,TEST  ,  1.76,  0.000,  0.00,  0.000,  0.000,  0.000,  0.000
840003250681646,  1631,29,04:06:41,04:06:44,     3, 38.90, 39.30,HS    , -0.40,  0.000,  0.00,  0.000,  0.000,  0.000,  0.000
840003211747992,  9963,31,04:06:58,04:07:52,    54, 11.80, 11.20,LS    ,  0.60,  0.000,  0.00,  0.000,  0.000,  0.000,  0.000
840003234513850,  1458,80,04:07:36,04:08:14,    38, 16.14, 15.97,TEST  ,  0.17,  0.000,  0.00,  0.000,  0.000,  0.000,  0.000
840003268256441,  1148,27,04:06:49,04:08:19,    90, 28.70, 28.40,LS    ,  0.30,  0.000,  0.00,  0.000,  0.000,  0.000,  0.000
840003234513811,  1419,76,04:04:14,04:08:24,   250, 45.80, 44.15,TEST  ,  1.65,  0.000,  0.00,  0.000,  0.000,  0.000,  0.000
840003234513898,  1506,61,03:56:50,04:08:30,   700, 45.50, 39.94,TEST  ,  5.56,  0.000,  0.00,  0.000,  0.000,  0.000,  0.000
840003250681791,  1776,74,04:03:28,04:08:33,   305, 35.11, 33.78,TEST  ,  1.33,  0.000,  0.00,  0.000,  0.000,  0.000,  0.000
840003234513898,  1506,61,04:08:31,04:08:49,    18, 39.94, 39.93,TEST  ,  0.01,  0.000,  0.00,  0.000,  0.000,  0.000,  0.000
840003211747927,  9898,64,04:06:36,04:10:05,   209, 45.24, 44.00,TEST  ,  1.24,  0.000,  0.00,  0.000,  0.000,  0.000,  0.000
840003250681646,  1631,24,04:07:09,04:10:04,   175,  4.80,  4.30,HS    ,  0.50,  0.000,  0.00,  0.000,  0.000,  0.000,  0.000
840003250681791,  1776,74,04:08:39,04:10:10,    91, 33.79, 33.47,TEST  ,  0.32,  0.000,  0.00,  0.000,  0.000,  0.000,  0.000
840003234513850,  1458,72,04:10:07,04:10:25,    18,  2.74,  2.69,TEST  ,  0.05,  0.000,  0.00,  0.000,  0.000,  0.000,  0.000
840003268256460,  9534,21,04:09:43,04:10:24,    41, 30.40, 30.20,HS    ,  0.20,  0.000,  0.00,  0.000,  0.000,  0.000,  0.000
840003234513966,  1574,62,03:56:50,04:10:52,   842, 45.33, 40.90,TEST  ,  4.43,  0.000,  0.00,  0.000,  0.000,  0.000,  0.000
840003234513898,  1506,60,04:09:25,04:11:29,   124, 58.23, 57.42,TEST  ,  0.81,  0.000,  0.00,  0.000,  0.000,  0.000,  0.000
840003268256460,  9534,18,04:10:54,04:11:40,    46, 27.60, 27.40,LS    ,  0.20,  0.000,  0.00,  0.000,  0.000,  0.000,  0.000
840003205049565,  9679,58,03:55:00,04:11:51,  1011, 23.79, 18.71,TEST  ,  5.08,  0.000,  0.00,  0.000,  0.000,  0.000,  0.000
840003218920939,  1181,18,04:12:14,04:12:24,    10, 27.40, 27.40,LS    ,  0.00,  0.000,  0.00,  0.000,  0.000,  0.000,  0.000
840003203286181,  1204, 1,04:08:31,04:12:27,   236, 37.90, 36.50,HS    ,  1.40,  0.000,  0.00,  0.000,  0.000,  0.000,  0.000
840003268256460,  9534,17,04:11:45,04:12:29,    44, 23.80, 23.60,HS    ,  0.20,  0.000,  0.00,  0.000,  0.000,  0.000,  0.000
840003268256482,  9300,10,04:12:49,04:12:56,     7, -0.30, -0.30,LS    ,  0.00,  0.000,  0.00,  0.000,  0.000,  0.000,  0.000
840003234513973,  1581,31,04:12:51,04:12:59,     8, 11.20, 11.20,LS    ,  0.00,  0.000,  0.00,  0.000,  0.000,  0.000,  0.000
840003211747972,  9943, 2,04:12:35,04:13:08,    33,  5.10,  4.90,LS    ,  0.20,  0.000,  0.00,  0.000,  0.000,  0.000,  0.000
840003211747992,  9963,23,04:08:12,04:13:14,   302, 29.60, 27.10,LS    ,  2.50,  0.000,  0.00,  0.000,  0.000,  0.000,  0.000
840003218920983,  1225, 6,04:11:34,04:13:17,   103, 34.10, 33.60,LS    ,  0.50,  0.000,  0.00,  0.000,  0.000,  0.000,  0.000
840003203286181,  1204, 1,04:12:38,04:13:25,    47, 36.40, 36.20,HS    ,  0.20,  0.000,  0.00,  0.000,  0.000,  0.000,  0.000
840003234513850,  1458,61,04:11:47,04:13:56,   129, 40.31, 39.26,TEST  ,  1.05,  0.000,  0.00,  0.000,  0.000,  0.000,  0.000
840003234513937,  1545,14,04:06:37,04:13:55,   438, 36.80, 34.60,HS    ,  2.20,  0.000,  0.00,  0.000,  0.000,  0.000,  0.000
840003211747927,  9898,60,04:11:37,04:14:06,   149, 57.44, 56.59,TEST  ,  0.85,  0.000,  0.00,  0.000,  0.000,  0.000,  0.000
840003250681646,  1631,21,04:10:33,04:14:26,   233, 30.20, 28.80,HS    ,  1.40,  0.000,  0.00,  0.000,  0.000,  0.000,  0.000
840003250681669,  1654,22,04:11:19,04:14:34,   195,  9.70,  8.90,HS    ,  0.80,  0.000,  0.00,  0.000,  0.000,  0.000,  0.000
840003234513898,  1506,58,04:11:55,04:14:40,   165, 18.70, 18.10,TEST  ,  0.60,  0.000,  0.00,  0.000,  0.000,  0.000,  0.000
840003268256441,  1148,19,04:08:44,04:15:10,   386, 16.80, 15.10,LS    ,  1.70,  0.000,  0.00,  0.000,  0.000,  0.000,  0.000
840003250681646,  1631,17,04:14:58,04:15:29,    31, 23.60, 23.50,HS    ,  0.10,  0.000,  0.00,  0.000,  0.000,  0.000,  0.000
840003250681672,  1657,20,04:08:51,04:15:29,   398, 19.30, 18.20,LS    ,  1.10,  0.000,  0.00,  0.000,  0.000,  0.000,  0.000
840003211747992,  9963,18,04:13:34,04:15:42,   128, 27.40, 26.40,LS    ,  1.00,  0.000,  0.00,  0.000,  0.000,  0.000,  0.000
840003268256482,  9300, 7,04:13:07,04:15:46,   159, 29.70, 29.00,LS    ,  0.70,  0.000,  0.00,  0.000,  0.000,  0.000,  0.000
840003211747972,  9943, 3,04:13:18,04:16:01,   163, 16.30, 15.60,LS    ,  0.70,  0.000,  0.00,  0.000,  0.000,  0.000,  0.000
840003218920983,  1225,18,04:16:08,04:16:44,    36, 26.40, 26.20,LS    ,  0.20,  0.000,  0.00,  0.000,  0.000,  0.000,  0.000
840003211747992,  9963,10,04:16:36,04:16:47,    11, -0.30, -0.30,LS    ,  0.00,  0.000,  0.00,  0.000,  0.000,  0.000,  0.000
840003218920939,  1181, 7,04:15:59,04:16:58,    59, 29.00, 28.40,LS    ,  0.60,  0.000,  0.00,  0.000,  0.000,  0.000,  0.000
840003218920983,  1225,20,04:16:53,04:17:02,     9, 18.20, 18.20,LS    ,  0.00,  0.000,  0.00,  0.000,  0.000,  0.000,  0.000
840003234513973,  1581,12,04:14:06,04:17:33,   207, 24.50, 23.10,LS    ,  1.40,  0.000,  0.00,  0.000,  0.000,  0.000,  0.000
840003250681672,  1657,23,04:15:41,04:17:47,   126, 27.10, 26.50,LS    ,  0.60,  0.000,  0.00,  0.000,  0.000,  0.000,  0.000
840003268256482,  9300, 6,04:16:05,04:17:55,   110, 33.60, 33.20,LS    ,  0.40,  0.000,  0.00,  0.000,  0.000,  0.000,  0.000
840003234513850,  1458,60,04:14:07,04:18:00,   233, 56.59, 55.44,TEST  ,  1.15,  0.000,  0.00,  0.000,  0.000,  0.000,  0.000
840003268256460,  9534, 5,04:13:09,04:18:06,   297, 37.10, 35.40,HS    ,  1.70,  0.000,  0.00,  0.000,  0.000,  0.000,  0.000
840003234513966,  1574,59,04:12:13,04:18:11,   358, 46.65, 45.07,TEST  ,  1.58,  0.000,  0.00,  0.000,  0.000,  0.000,  0.000
840003211747972,  9943, 2,04:16:19,04:18:17,   118,  4.90,  4.40,LS    ,  0.50,  0.000,  0.00,  0.000,  0.000,  0.000,  0.000
840003218920939,  1181, 6,04:18:12,04:18:32,    20, 33.20, 33.20,LS    ,  0.00,  0.000,  0.00,  0.000,  0.000,  0.000,  0.000
840003211747992,  9963, 7,04:17:08,04:18:37,    89, 28.50, 27.50,LS    ,  1.00,  0.000,  0.00,  0.000,  0.000,  0.000,  0.000
840003234513937,  1545,13,04:14:08,04:19:16,   308, 27.40, 26.00,HS    ,  1.40,  0.000,  0.00,  0.000,  0.000,  0.000,  0.000
840003211747927,  9898,58,04:14:50,04:19:35,   285, 18.11, 16.52,TEST  ,  1.59,  0.000,  0.00,  0.000,  0.000,  0.000,  0.000
840003268256441,  1148,12,04:17:44,04:19:37,   113, 23.30, 22.80,LS    ,  0.50,  0.000,  0.00,  0.000,  0.000,  0.000,  0.000
840003268256482,  9300, 7,04:18:48,04:19:40,    52, 27.50, 27.30,LS    ,  0.20,  0.000,  0.00,  0.000,  0.000,  0.000,  0.000
840003234513991,  1599,11,04:09:30,04:20:07,   637, 26.90, 24.20,LS    ,  2.70,  0.000,  0.00,  0.000,  0.000,  0.000,  0.000
840003218920939,  1181, 7,04:19:51,04:22:33,   162, 27.30, 26.40,LS    ,  0.90,  0.000,  0.00,  0.000,  0.000,  0.000,  0.000
840003234513850,  1458,63,04:18:36,04:22:56,   260, 49.02, 47.80,TEST  ,  1.22,  0.000,  0.00,  0.000,  0.000,  0.000,  0.000
840003287325014,  9956,27,04:20:05,04:22:55,   170, 28.40, 27.10,LS    ,  1.30,  0.000,  0.00,  0.000,  0.000,  0.000,  0.000
840003211747972,  9943, 2,04:19:12,04:23:02,   230,  4.40,  3.50,LS    ,  0.90,  0.000,  0.00,  0.000,  0.000,  0.000,  0.000
840003268256482,  9300,12,04:20:43,04:23:02,   139, 23.40, 21.90,LS    ,  1.50,  0.000,  0.00,  0.000,  0.000,  0.000,  0.000
840003234513973,  1581, 6,04:18:58,04:23:03,   245, 33.20, 32.10,LS    ,  1.10,  0.000,  0.00,  0.000,  0.000,  0.000,  0.000
840003268256460,  9534, 5,04:19:25,04:23:03,   218, 35.40, 34.30,HS    ,  1.10,  0.000,  0.00,  0.000,  0.000,  0.000,  0.000
840003250681669,  1654,26,04:14:48,04:23:21,   513,  7.40,  5.20,HS    ,  2.20,  0.000,  0.00,  0.000,  0.000,  0.000,  0.000
840003250681681,  1666,13,04:21:13,04:23:29,   136, 26.00, 25.60,HS    ,  0.40,  0.000,  0.00,  0.000,  0.000,  0.000,  0.000
840003250681672,  1657,25,04:19:07,04:23:33,   266, 11.40, 10.10,LS    ,  1.30,  0.000,  0.00,  0.000,  0.000,  0.000,  0.000
840003203286181,  1204, 4,04:13:40,04:23:47,   607, 23.50, 20.50,HS    ,  3.00,  0.000,  0.00,  0.000,  0.000,  0.000,  0.000
840003287325014,  9956,25,04:23:43,04:23:55,    12, 10.10, 10.10,LS    ,  0.00,  0.000,  0.00,  0.000,  0.000,  0.000,  0.000
840003218920983,  1225,23,04:17:57,04:24:03,   366, 26.50, 24.60,LS    ,  1.90,  0.000,  0.00,  0.000,  0.000,  0.000,  0.000
840003211747992,  9963, 3,04:19:32,04:24:04,   272, 15.60, 13.60,LS    ,  2.00,  0.000,  0.00,  0.000,  0.000,  0.000,  0.000
840003250681649,  1634,15,04:20:29,04:24:08,   219, 20.10, 19.00,LS    ,  1.10,  0.000,  0.00,  0.000,  0.000,  0.000,  0.000
840003211747992,  9963, 7,04:24:36,04:24:52,    16, 26.40, 26.10,LS    ,  0.30,  0.000,  0.00,  0.000,  0.000,  0.000,  0.000
840003287324997,  1371,67,04:26:08,04:26:18,    10,  0.10,  0.09,TEST  ,  0.01,  0.000,  0.00,  0.000,  0.000,  0.000,  0.000
840003250681681,  1666,13,04:25:00,04:26:29,    89, 25.60, 25.40,HS    ,  0.20,  0.000,  0.00,  0.000,  0.000,  0.000,  0.000
840003211747992,  9963, 6,04:25:02,04:27:23,   141, 32.10, 31.10,LS    ,  1.00,  0.000,  0.00,  0.000,  0.000,  0.000,  0.000
840003218920939,  1181,12,04:23:36,04:27:56,   260, 22.30, 21.40,LS    ,  0.90,  0.000,  0.00,  0.000,  0.000,  0.000,  0.000
840003218920887,  1129,74,04:20:40,04:28:19,   459, 33.45, 31.08,TEST  ,  2.37,  0.000,  0.00,  0.000,  0.000,  0.000,  0.000
840003268256482,  9300,11,04:23:31,04:28:22,   291, 24.20, 23.10,LS    ,  1.10,  0.000,  0.00,  0.000,  0.000,  0.000,  0.000
840003250681672,  1657,19,04:25:26,04:28:37,   191, 15.10, 14.30,LS    ,  0.80,  0.000,  0.00,  0.000,  0.000,  0.000,  0.000
840003250681681,  1666, 9,04:26:54,04:28:52,   118, 28.30, 27.70,HS    ,  0.60,  0.000,  0.00,  0.000,  0.000,  0.000,  0.000
840003250681649,  1634, 7,04:25:03,04:28:59,   236, 26.10, 24.70,LS    ,  1.40,  0.000,  0.00,  0.000,  0.000,  0.000,  0.000
840003287324997,  1371,64,04:26:25,04:30:10,   225, 43.99, 42.50,TEST  ,  1.49,  0.000,  0.00,  0.000,  0.000,  0.000,  0.000
840003268256441,  1148,18,04:20:08,04:30:07,   599, 26.20, 24.10,LS    ,  2.10,  0.000,  0.00,  0.000,  0.000,  0.000,  0.000
840003218920939,  1181,11,04:28:33,04:31:02,   149, 23.10, 22.50,LS    ,  0.60,  0.000,  0.00,  0.000,  0.000,  0.000,  0.000
840003268256482,  9300, 7,04:29:41,04:31:13,    92, 24.70, 24.30,LS    ,  0.40,  0.000,  0.00,  0.000,  0.000,  0.000,  0.000
840003234513850,  1458,63,04:23:01,04:31:37,   516, 47.81, 45.87,TEST  ,  1.94,  0.000,  0.00,  0.000,  0.000,  0.000,  0.000
840003234513991,  1599,12,04:30:08,04:31:31,    83, 21.40, 21.00,LS    ,  0.40,  0.000,  0.00,  0.000,  0.000,  0.000,  0.000
840003287324997,  1371,64,04:30:16,04:31:51,    95, 42.56, 41.79,TEST  ,  0.77,  0.000,  0.00,  0.000,  0.000,  0.000,  0.000
840003250681646,  1631,16,04:15:43,04:31:54,   971, 34.60, 29.80,HS    ,  4.80,  0.000,  0.00,  0.000,  0.000,  0.000,  0.000
840003287324997,  1371,66,04:31:52,04:32:00,     8,  0.39,  0.39,TEST  ,  0.00,  0.000,  0.00,  0.000,  0.000,  0.000,  0.000
840003250681681,  1666,14,04:23:36,04:32:22,   526, 34.60, 31.40,HS    ,  3.20,  0.000,  0.00,  0.000,  0.000,  0.000,  0.000
840003211747992,  9963, 3,04:27:52,04:32:27,   275, 13.60, 11.50,LS    ,  2.10,  0.000,  0.00,  0.000,  0.000,  0.000,  0.000
840003268256515,  1097,62,04:23:00,04:32:38,   578, 40.89, 37.15,TEST  ,  3.74,  0.000,  0.00,  0.000,  0.000,  0.000,  0.000
840003234513973,  1581,15,04:24:18,04:32:49,   511, 19.00, 17.50,LS    ,  1.50,  0.000,  0.00,  0.000,  0.000,  0.000,  0.000
840003234513964,  1572,25,04:33:14,04:33:22,     8, 10.10, 10.10,LS    ,  0.00,  0.000,  0.00,  0.000,  0.000,  0.000,  0.000
840003268256514,  9411,54,04:33:44,04:33:50,     6,  0.13,  0.12,TEST  ,  0.01,  0.000,  0.00,  0.000,  0.000,  0.000,  0.000
840003250681646,  1631,17,04:32:19,04:33:56,    97, 23.50, 23.10,HS    ,  0.40,  0.000,  0.00,  0.000,  0.000,  0.000,  0.000
840003287325014,  9956,23,04:24:13,04:34:03,   590, 24.60, 21.50,LS    ,  3.10,  0.000,  0.00,  0.000,  0.000,  0.000,  0.000
840003250681669,  1654,21,04:24:23,04:34:13,   590, 28.90, 25.90,HS    ,  3.00,  0.000,  0.00,  0.000,  0.000,  0.000,  0.000
840003250681672,  1657,18,04:30:16,04:34:18,   242, 24.10, 22.90,LS    ,  1.20,  0.000,  0.00,  0.000,  0.000,  0.000,  0.000
840003274076113,  9290,28,04:30:43,04:34:21,   218, 15.80, 14.70,LS    ,  1.10,  0.000,  0.00,  0.000,  0.000,  0.000,  0.000
840003234513973,  1581,20,04:33:06,04:34:27,    81, 18.20, 17.80,LS    ,  0.40,  0.000,  0.00,  0.000,  0.000,  0.000,  0.000
840003205049486,  9600,57,03:53:24,04:34:43,  2479, 19.37, 10.80,TEST  ,  8.57,  0.000,  0.00,  0.000,  0.000,  0.000,  0.000
840003250681646,  1631,16,04:34:15,04:34:50,    35, 29.80, 29.70,HS    ,  0.10,  0.000,  0.00,  0.000,  0.000,  0.000,  0.000
840003250681638,  1623,23,04:34:13,04:35:07,    54, 21.50, 21.30,LS    ,  0.20,  0.000,  0.00,  0.000,  0.000,  0.000,  0.000
840003250681659,  1644,27,04:24:21,04:35:09,   648, 27.10, 23.70,LS    ,  3.40,  0.000,  0.00,  0.000,  0.000,  0.000,  0.000
840003234513826,  1434,19,04:28:46,04:35:10,   384, 14.30, 12.20,LS    ,  2.10,  0.000,  0.00,  0.000,  0.000,  0.000,  0.000
840003250681620,  1605,24,04:35:07,04:35:21,    14,  4.30,  4.30,HS    ,  0.00,  0.000,  0.00,  0.000,  0.000,  0.000,  0.000
840003287325014,  9956,20,04:34:38,04:35:33,    55, 17.80, 17.40,LS    ,  0.40,  0.000,  0.00,  0.000,  0.000,  0.000,  0.000
840003205049565,  9679,56,04:34:33,04:36:03,    90,  0.21,  0.04,TEST  ,  0.17,  0.000,  0.00,  0.000,  0.000,  0.000,  0.000
840003205049565,  9679,56,04:36:04,04:36:10,     6,  0.04,  0.05,TEST  , -0.01,  0.000,  0.00,  0.000,  0.000,  0.000,  0.000
840003250681649,  1634, 6,04:29:15,04:36:26,   431, 31.10, 29.10,LS    ,  2.00,  0.000,  0.00,  0.000,  0.000,  0.000,  0.000
840003234513826,  1434,18,04:35:18,04:36:27,    69, 22.90, 22.50,LS    ,  0.40,  0.000,  0.00,  0.000,  0.000,  0.000,  0.000
840003268256514,  9411,57,04:34:44,04:36:35,   111, 10.79, 10.08,TEST  ,  0.71,  0.000,  0.00,  0.000,  0.000,  0.000,  0.000
840003234513826,  1434,18,04:36:38,04:36:43,     5, 22.50, 22.50,LS    ,  0.00,  0.000,  0.00,  0.000,  0.000,  0.000,  0.000
840003250681638,  1623, 2,04:36:14,04:36:46,    32,  3.50,  3.50,LS    ,  0.00,  0.000,  0.00,  0.000,  0.000,  0.000,  0.000
840003211747972,  9943, 3,04:32:38,04:36:53,   255, 11.50, 10.40,LS    ,  1.10,  0.000,  0.00,  0.000,  0.000,  0.000,  0.000
840003234513973,  1581,23,04:35:30,04:37:10,   100, 21.30, 20.90,LS    ,  0.40,  0.000,  0.00,  0.000,  0.000,  0.000,  0.000
840003274076149,  9436,24,04:36:12,04:37:26,    74,  4.30,  3.60,HS    ,  0.70,  0.000,  0.00,  0.000,  0.000,  0.000,  0.000
840003250681672,  1657,11,04:34:58,04:37:36,   158, 22.50, 21.50,LS    ,  1.00,  0.000,  0.00,  0.000,  0.000,  0.000,  0.000
840003287325014,  9956,19,04:35:48,04:37:37,   109, 12.20, 11.70,LS    ,  0.50,  0.000,  0.00,  0.000,  0.000,  0.000,  0.000
840003287324998,  9295,83,04:37:54,04:37:59,     5,  0.07,  0.07,TEST  ,  0.00,  0.000,  0.00,  0.000,  0.000,  0.000,  0.000
840003274076113,  9290,25,04:34:58,04:37:57,   179, 10.10,  9.40,LS    ,  0.70,  0.000,  0.00,  0.000,  0.000,  0.000,  0.000
840003234513826,  1434,20,04:36:51,04:37:58,    67, 17.40, 16.90,LS    ,  0.50,  0.000,  0.00,  0.000,  0.000,  0.000,  0.000
840003234513987,  1595,26,04:27:41,04:38:04,   623,  5.20,  3.10,HS    ,  2.10,  0.000,  0.00,  0.000,  0.000,  0.000,  0.000
840003287324998,  9295,82,04:38:07,04:38:13,     6,  1.64,  1.63,TEST  ,  0.01,  0.000,  0.00,  0.000,  0.000,  0.000,  0.000
840003218920887,  1129,79,04:38:08,04:38:15,     7,  6.89,  6.89,TEST  ,  0.00,  0.000,  0.00,  0.000,  0.000,  0.000,  0.000
840003218920887,  1129,76,04:38:18,04:38:23,     5, 41.55, 41.55,TEST  ,  0.00,  0.000,  0.00,  0.000,  0.000,  0.000,  0.000
840003250681637,  1622,18,04:36:57,04:38:22,    85, 22.50, 22.30,LS    ,  0.20,  0.000,  0.00,  0.000,  0.000,  0.000,  0.000
840003218920887,  1129,75,04:38:28,04:38:33,     5, 31.48, 31.48,TEST  ,  0.00,  0.000,  0.00,  0.000,  0.000,  0.000,  0.000
840003250681669,  1654,14,04:35:04,04:38:36,   212, 31.40, 30.60,HS    ,  0.80,  0.000,  0.00,  0.000,  0.000,  0.000,  0.000
840003218920887,  1129,75,04:38:34,04:38:50,    16, 31.48, 31.47,TEST  ,  0.01,  0.000,  0.00,  0.000,  0.000,  0.000,  0.000
840003218920901,  1143,28,04:34:30,04:38:49,   259, 14.70, 14.20,LS    ,  0.50,  0.000,  0.00,  0.000,  0.000,  0.000,  0.000
840003218920939,  1181, 7,04:32:28,04:38:53,   385, 24.20, 22.50,LS    ,  1.70,  0.000,  0.00,  0.000,  0.000,  0.000,  0.000
840003250681620,  1605,18,04:38:32,04:39:05,    33, 22.30, 22.20,LS    ,  0.10,  0.000,  0.00,  0.000,  0.000,  0.000,  0.000
840003250681659,  1644,27,04:35:26,04:39:17,   231, 23.80, 23.50,LS    ,  0.30,  0.000,  0.00,  0.000,  0.000,  0.000,  0.000
840003274076113,  9290,23,04:38:10,04:39:27,    77, 20.90, 20.50,LS    ,  0.40,  0.000,  0.00,  0.000,  0.000,  0.000,  0.000
840003268256482,  9300,15,04:33:59,04:39:30,   331, 17.50, 16.40,LS    ,  1.10,  0.000,  0.00,  0.000,  0.000,  0.000,  0.000
840003287325011,  1064, 8,04:37:54,04:39:41,   107, 43.60, 43.30,HS    ,  0.30,  0.000,  0.00,  0.000,  0.000,  0.000,  0.000
840003250681669,  1654,10,04:39:01,04:39:43,    42, -0.30, -0.30,LS    ,  0.00,  0.000,  0.00,  0.000,  0.000,  0.000,  0.000
840003287325010,  9802,16,04:36:24,04:39:47,   203, 29.70, 28.50,HS    ,  1.20,  0.000,  0.00,  0.000,  0.000,  0.000,  0.000
840003287325014,  9956,19,04:37:56,04:39:54,   118, 11.70, 11.30,LS    ,  0.40,  0.000,  0.00,  0.000,  0.000,  0.000,  0.000
840003218920932,  1174,30,04:31:03,04:39:55,   532, 37.60, 34.10,HS    ,  3.50,  0.000,  0.00,  0.000,  0.000,  0.000,  0.000
840003250681646,  1631, 9,04:37:20,04:39:55,   155, 27.60, 27.10,HS    ,  0.50,  0.000,  0.00,  0.000,  0.000,  0.000,  0.000
840003234513973,  1581,20,04:38:10,04:40:03,   113, 16.90, 16.40,LS    ,  0.50,  0.000,  0.00,  0.000,  0.000,  0.000,  0.000
840003250681640,  1625,29,04:31:37,04:40:13,   516, 39.30, 37.50,HS    ,  1.80,  0.000,  0.00,  0.000,  0.000,  0.000,  0.000
840003234513826,  1434,25,04:38:35,04:40:15,   100,  9.40,  8.70,LS    ,  0.70,  0.000,  0.00,  0.000,  0.000,  0.000,  0.000
840003218920901,  1143,23,04:39:37,04:40:53,    76, 20.50, 20.30,LS    ,  0.20,  0.000,  0.00,  0.000,  0.000,  0.000,  0.000
840003268256482,  9300,19,04:40:25,04:41:09,    44, 11.30, 11.10,LS    ,  0.20,  0.000,  0.00,  0.000,  0.000,  0.000,  0.000
840003287324998,  9295,81,04:38:31,04:41:30,   179,  8.92,  7.87,TEST  ,  1.05,  0.000,  0.00,  0.000,  0.000,  0.000,  0.000
840003234513964,  1572,13,04:33:58,04:41:29,   451, 25.40, 23.00,HS    ,  2.40,  0.000,  0.00,  0.000,  0.000,  0.000,  0.000
840003274076135,  1033,32,04:28:32,04:41:31,   779, 64.50, 61.30,HS    ,  3.20,  0.000,  0.00,  0.000,  0.000,  0.000,  0.000
840003211747972,  9943, 7,04:39:39,04:41:38,   119, 22.50, 22.00,LS    ,  0.50,  0.000,  0.00,  0.000,  0.000,  0.000,  0.000
840003287325013,  9824,14,04:38:46,04:41:40,   174, 30.60, 29.40,HS    ,  1.20,  0.000,  0.00,  0.000,  0.000,  0.000,  0.000
840003218920983,  1225, 6,04:36:36,04:41:53,   317, 29.10, 27.70,LS    ,  1.40,  0.000,  0.00,  0.000,  0.000,  0.000,  0.000
840003250681646,  1631,10,04:40:18,04:41:56,    98, -0.30, -0.40,LS    ,  0.10,  0.000,  0.00,  0.000,  0.000,  0.000,  0.000
840003234513973,  1581,25,04:40:55,04:42:11,    76,  8.70,  8.50,LS    ,  0.20,  0.000,  0.00,  0.000,  0.000,  0.000,  0.000
840003287325014,  9956,20,04:40:14,04:42:33,   139, 16.40, 15.80,LS    ,  0.60,  0.000,  0.00,  0.000,  0.000,  0.000,  0.000
840003268256482,  9300,27,04:41:32,04:42:38,    66, 23.40, 23.30,LS    ,  0.10,  0.000,  0.00,  0.000,  0.000,  0.000,  0.000
840003274076149,  9436,22,04:37:46,04:42:38,   292,  8.80,  7.20,HS    ,  1.60,  0.000,  0.00,  0.000,  0.000,  0.000,  0.000
840003234513932,  1540,21,04:38:56,04:42:55,   239, 25.90, 25.20,HS    ,  0.70,  0.000,  0.00,  0.000,  0.000,  0.000,  0.000
840003218920932,  1174,29,04:40:57,04:42:58,   121, 37.50, 37.20,HS    ,  0.30,  0.000,  0.00,  0.000,  0.000,  0.000,  0.000
840003234513932,  1540,22,04:43:01,04:43:05,     4,  7.20,  7.20,HS    ,  0.00,  0.000,  0.00,  0.000,  0.000,  0.000,  0.000
840003234513826,  1434,23,04:41:03,04:43:12,   129, 20.30, 19.70,LS    ,  0.60,  0.000,  0.00,  0.000,  0.000,  0.000,  0.000
840003234513964,  1572,14,04:41:53,04:43:40,   107, 29.30, 28.80,HS    ,  0.50,  0.000,  0.00,  0.000,  0.000,  0.000,  0.000
840003287324966,  1261,18,04:39:18,04:43:42,   264, 22.20, 21.20,LS    ,  1.00,  0.000,  0.00,  0.000,  0.000,  0.000,  0.000
840003250681644,  1629,17,04:37:26,04:43:43,   377, 23.10, 21.70,HS    ,  1.40,  0.000,  0.00,  0.000,  0.000,  0.000,  0.000
840003274076149,  9436,26,04:43:22,04:43:44,    22,  3.10,  3.10,HS    ,  0.00,  0.000,  0.00,  0.000,  0.000,  0.000,  0.000
840003234513973,  1581,25,04:42:44,04:43:50,    66,  8.50,  8.20,LS    ,  0.30,  0.000,  0.00,  0.000,  0.000,  0.000,  0.000
840003234513826,  1434,20,04:43:32,04:44:02,    30, 15.80, 15.60,LS    ,  0.20,  0.000,  0.00,  0.000,  0.000,  0.000,  0.000
840003274076149,  9436,25,04:44:00,04:44:04,     4,  8.20,  8.20,LS    ,  0.00,  0.000,  0.00,  0.000,  0.000,  0.000,  0.000
840003250681637,  1622,31,04:42:47,04:44:18,    91, 11.20, 10.70,LS    ,  0.50,  0.000,  0.00,  0.000,  0.000,  0.000,  0.000
840003250681620,  1605, 2,04:40:34,04:44:21,   227,  3.50,  2.90,LS    ,  0.60,  0.000,  0.00,  0.000,  0.000,  0.000,  0.000
840003218920983,  1225,18,04:43:53,04:44:25,    32, 21.20, 21.10,LS    ,  0.10,  0.000,  0.00,  0.000,  0.000,  0.000,  0.000
840003268256515,  1097,59,04:33:03,04:44:31,   688, 45.06, 40.56,TEST  ,  4.50,  0.000,  0.00,  0.000,  0.000,  0.000,  0.000
840003250681644,  1629,17,04:44:13,04:44:44,    31, 21.70, 21.50,HS    ,  0.20,  0.000,  0.00,  0.000,  0.000,  0.000,  0.000
840003234513973,  1581,32,04:44:47,04:44:56,     9, 61.30, 61.30,HS    ,  0.00,  0.000,  0.00,  0.000,  0.000,  0.000,  0.000
840003234513987,  1595,24,04:38:24,04:45:11,   407,  3.60,  2.40,HS    ,  1.20,  0.000,  0.00,  0.000,  0.000,  0.000,  0.000
840003250681681,  1666, 4,04:29:19,04:45:58,   999, 20.50, 16.60,HS    ,  3.90,  0.000,  0.00,  0.000,  0.000,  0.000,  0.000
840003234513932,  1540,14,04:45:20,04:46:12,    52, 28.80, 28.60,HS    ,  0.20,  0.000,  0.00,  0.000,  0.000,  0.000,  0.000
840003234513991,  1599,12,04:32:59,04:46:18,   799, 20.90, 17.70,LS    ,  3.20,  0.000,  0.00,  0.000,  0.000,  0.000,  0.000
840003287325013,  9824,13,04:41:58,04:46:26,   268, 23.00, 21.60,HS    ,  1.40,  0.000,  0.00,  0.000,  0.000,  0.000,  0.000
840003234513826,  1434,18,04:44:35,04:46:32,   117, 21.10, 20.60,LS    ,  0.50,  0.000,  0.00,  0.000,  0.000,  0.000,  0.000
840003218920983,  1225,14,04:46:23,04:46:37,    14, 28.60, 28.30,HS    ,  0.30,  0.000,  0.00,  0.000,  0.000,  0.000,  0.000
840003287325011,  1064, 5,04:40:23,04:46:43,   380, 34.30, 32.40,HS    ,  1.90,  0.000,  0.00,  0.000,  0.000,  0.000,  0.000
840003250681649,  1634,11,04:37:46,04:46:43,   537, 21.50, 18.80,LS    ,  2.70,  0.000,  0.00,  0.000,  0.000,  0.000,  0.000
840003250681672,  1657,15,04:40:20,04:46:44,   384, 16.40, 14.90,LS    ,  1.50,  0.000,  0.00,  0.000,  0.000,  0.000,  0.000
840003211747972,  9943, 6,04:42:07,04:46:46,   279, 27.70, 26.60,LS    ,  1.10,  0.000,  0.00,  0.000,  0.000,  0.000,  0.000
840003250681646,  1631, 8,04:42:13,04:47:00,   287, 43.30, 41.90,HS    ,  1.40,  0.000,  0.00,  0.000,  0.000,  0.000,  0.000
840003250681644,  1629,12,04:46:31,04:47:05,    34, 18.20, 17.20,LS    ,  1.00,  0.000,  0.00,  0.000,  0.000,  0.000,  0.000
840003234513932,  1540,13,04:46:36,04:47:12,    36, 21.60, 21.40,HS    ,  0.20,  0.000,  0.00,  0.000,  0.000,  0.000,  0.000
840003250681620,  1605,21,04:47:29,04:47:33,     4, 25.20, 25.20,HS    ,  0.00,  0.000,  0.00,  0.000,  0.000,  0.000,  0.000
840003250681637,  1622,18,04:46:43,04:47:44,    61, 20.60, 20.10,LS    ,  0.50,  0.000,  0.00,  0.000,  0.000,  0.000,  0.000
840003218920932,  1174,24,04:45:37,04:47:46,   129,  2.40,  2.00,HS    ,  0.40,  0.000,  0.00,  0.000,  0.000,  0.000,  0.000
840003211747972,  9943, 4,04:47:43,04:48:07,    24, 16.60, 16.30,HS    ,  0.30,  0.000,  0.00,  0.000,  0.000,  0.000,  0.000
840003218920901,  1143,19,04:41:20,04:48:35,   435, 11.10,  9.70,LS    ,  1.40,  0.000,  0.00,  0.000,  0.000,  0.000,  0.000
840003211747972,  9943, 4,04:48:40,04:48:57,    17, 16.30, 16.10,HS    ,  0.20,  0.000,  0.00,  0.000,  0.000,  0.000,  0.000
840003287325011,  1064, 5,04:47:28,04:49:24,   116, 32.40, 31.60,HS    ,  0.80,  0.000,  0.00,  0.000,  0.000,  0.000,  0.000
840003250681669,  1654, 9,04:40:05,04:49:58,   593, 27.10, 24.80,HS    ,  2.30,  0.000,  0.00,  0.000,  0.000,  0.000,  0.000
840003234513991,  1599,11,04:46:54,04:50:02,   188, 18.90, 18.00,LS    ,  0.90,  0.000,  0.00,  0.000,  0.000,  0.000,  0.000
840003234513973,  1581,32,04:49:29,04:50:11,    42, 61.30, 61.30,HS    ,  0.00,  0.000,  0.00,  0.000,  0.000,  0.000,  0.000
840003250681649,  1634,12,04:47:44,04:50:48,   184, 17.70, 16.80,LS    ,  0.90,  0.000,  0.00,  0.000,  0.000,  0.000,  0.000
840003287324980,  1557, 1,04:39:48,04:50:51,   663, 36.20, 33.00,HS    ,  3.20,  0.000,  0.00,  0.000,  0.000,  0.000,  0.000
840003287325011,  1064, 4,04:49:36,04:51:08,    92, 16.10, 15.80,HS    ,  0.30,  0.000,  0.00,  0.000,  0.000,  0.000,  0.000
840003250681674,  1659, 5,04:49:39,04:51:21,   102, 31.60, 31.20,HS    ,  0.40,  0.000,  0.00,  0.000,  0.000,  0.000,  0.000
840003250681638,  1623, 3,04:37:06,04:51:33,   867, 10.40,  6.30,LS    ,  4.10,  0.000,  0.00,  0.000,  0.000,  0.000,  0.000
840003234513987,  1595,26,04:45:42,04:51:35,   353,  3.10,  2.10,HS    ,  1.00,  0.000,  0.00,  0.000,  0.000,  0.000,  0.000
840003250681620,  1605,31,04:47:59,04:51:48,   229, 10.70, 10.20,LS    ,  0.50,  0.000,  0.00,  0.000,  0.000,  0.000,  0.000
840003250681659,  1644,27,04:43:28,04:52:21,   533, 23.30, 20.90,LS    ,  2.40,  0.000,  0.00,  0.000,  0.000,  0.000,  0.000
840003250681674,  1659, 4,04:51:44,04:53:55,   131, 15.80, 15.30,HS    ,  0.50,  0.000,  0.00,  0.000,  0.000,  0.000,  0.000
840003287325010,  9802,16,04:40:20,04:54:04,   824, 28.50, 25.10,HS    ,  3.40,  0.000,  0.00,  0.000,  0.000,  0.000,  0.000
840003287325011,  1064, 9,04:51:27,04:54:15,   168, 24.80, 23.90,HS    ,  0.90,  0.000,  0.00,  0.000,  0.000,  0.000,  0.000
840003234513932,  1540,14,04:47:34,04:54:47,   433, 28.30, 26.70,HS    ,  1.60,  0.000,  0.00,  0.000,  0.000,  0.000,  0.000
840003218920983,  1225,18,04:47:55,04:54:51,   416, 20.10, 18.70,LS    ,  1.40,  0.000,  0.00,  0.000,  0.000,  0.000,  0.000
840003205049675,  9789,17,04:46:17,04:54:58,   521, 21.50, 18.40,HS    ,  3.10,  0.000,  0.00,  0.000,  0.000,  0.000,  0.000
840003287325011,  1064,14,04:54:57,04:55:27,    30, 26.70, 26.50,HS    ,  0.20,  0.000,  0.00,  0.000,  0.000,  0.000,  0.000
840003234513987,  1595,24,04:52:00,04:55:30,   210,  2.00,  1.70,HS    ,  0.30,  0.000,  0.00,  0.000,  0.000,  0.000,  0.000
840003250681669,  1654, 5,04:51:31,04:55:47,   256, 31.20, 30.30,HS    ,  0.90,  0.000,  0.00,  0.000,  0.000,  0.000,  0.000
840003218920901,  1143,19,04:48:52,04:55:51,   419,  9.70,  8.30,LS    ,  1.40,  0.000,  0.00,  0.000,  0.000,  0.000,  0.000
840003287325014,  9956,23,04:43:22,04:56:09,   767, 19.70, 16.50,LS    ,  3.20,  0.000,  0.00,  0.000,  0.000,  0.000,  0.000
840003250681646,  1631, 1,04:51:01,04:56:16,   315, 33.00, 31.50,HS    ,  1.50,  0.000,  0.00,  0.000,  0.000,  0.000,  0.000
840003234513932,  1540,16,04:55:48,04:56:39,    51, 25.10, 24.90,HS    ,  0.20,  0.000,  0.00,  0.000,  0.000,  0.000,  0.000
840003250681620,  1605,28,04:52:13,04:56:42,   269, 14.20, 13.50,LS    ,  0.70,  0.000,  0.00,  0.000,  0.000,  0.000,  0.000
840003205049675,  9789,17,04:56:13,04:56:44,    31, 18.40, 18.20,HS    ,  0.20,  0.000,  0.00,  0.000,  0.000,  0.000,  0.000
840003218920901,  1143,18,04:56:03,04:56:51,    48, 18.70, 18.60,LS    ,  0.10,  0.000,  0.00,  0.000,  0.000,  0.000,  0.000
840003274076135,  1033,29,04:43:15,04:57:06,   831, 37.10, 34.80,HS    ,  2.30,  0.000,  0.00,  0.000,  0.000,  0.000,  0.000
840003205049675,  9789,24,04:57:08,04:57:18,    10,  1.70,  1.70,HS    ,  0.00,  0.000,  0.00,  0.000,  0.000,  0.000,  0.000
840003250681640,  1625,30,04:41:12,04:57:19,   967, 34.10, 30.30,HS    ,  3.80,  0.000,  0.00,  0.000,  0.000,  0.000,  0.000
840003250681637,  1622,11,04:50:11,04:57:28,   437, 18.00, 15.40,LS    ,  2.60,  0.000,  0.00,  0.000,  0.000,  0.000,  0.000
840003218920983,  1225,19,04:57:09,04:57:36,    27,  8.30,  8.30,LS    ,  0.00,  0.000,  0.00,  0.000,  0.000,  0.000,  0.000
840003250681644,  1629,13,04:47:22,04:57:41,   619, 21.40, 18.40,HS    ,  3.00,  0.000,  0.00,  0.000,  0.000,  0.000,  0.000
840003205049675,  9789,26,04:57:39,04:57:44,     5,  2.10,  2.10,HS    ,  0.00,  0.000,  0.00,  0.000,  0.000,  0.000,  0.000
840003287324998,  9295,75,04:43:03,04:57:49,   886, 31.47, 25.42,TEST  ,  6.05,  0.000,  0.00,  0.000,  0.000,  0.000,  0.000
840003218920932,  1174,21,04:48:48,04:57:54,   546, 25.20, 22.60,HS    ,  2.60,  0.000,  0.00,  0.000,  0.000,  0.000,  0.000
840003234513987,  1595,22,04:55:54,04:57:54,   120,  7.20,  6.80,HS    ,  0.40,  0.000,  0.00,  0.000,  0.000,  0.000,  0.000
840003287324966,  1261,20,04:44:12,04:57:59,   827, 15.60, 13.00,LS    ,  2.60,  0.000,  0.00,  0.000,  0.000,  0.000,  0.000
840003218920887,  1129,62,04:43:52,04:58:09,   857, 37.14, 33.85,TEST  ,  3.29,  0.000,  0.00,  0.000,  0.000,  0.000,  0.000
840003205049521,  9635,23,04:56:21,04:59:11,   170, 16.50, 15.40,LS    ,  1.10,  0.000,  0.00,  0.000,  0.000,  0.000,  0.000
840003287325014,  9956,32,04:58:35,04:59:21,    46, 61.20, 61.00,HS    ,  0.20,  0.000,  0.00,  0.000,  0.000,  0.000,  0.000
840003234513932,  1540,16,04:56:49,04:59:38,   169, 24.90, 24.40,HS    ,  0.50,  0.000,  0.00,  0.000,  0.000,  0.000,  0.000
840003211747972,  9943, 2,04:49:42,04:59:40,   598,  2.90,  0.80,LS    ,  2.10,  0.000,  0.00,  0.000,  0.000,  0.000,  0.000
840003274076201,  1702,68,04:59:48,04:59:53,     5,  0.18,  0.18,TEST  ,  0.00,  0.000,  0.00,  0.000,  0.000,  0.000,  0.000
840003274076201,  1702,68,04:59:54,05:00:00,     6,  0.19,  0.19,TEST  ,  0.00,  0.000,  0.00,  0.000,  0.000,  0.000,  0.000
840003250681669,  1654, 1,04:56:27,05:00:15,   228, 31.50, 30.60,HS    ,  0.90,  0.000,  0.00,  0.000,  0.000,  0.000,  0.000
840003211747972,  9943, 2,04:59:58,05:00:23,    25,  0.80,  0.80,LS    ,  0.00,  0.000,  0.00,  0.000,  0.000,  0.000,  0.000
840003250681644,  1629,14,04:58:00,05:00:30,   150, 26.30, 25.50,HS    ,  0.80,  0.000,  0.00,  0.000,  0.000,  0.000,  0.000
840003287325010,  9802,28,04:59:16,05:00:33,    77, 13.40, 13.00,LS    ,  0.40,  0.000,  0.00,  0.000,  0.000,  0.000,  0.000
840003287325010,  9802,27,05:00:40,05:00:45,     5, 20.30, 20.30,LS    ,  0.00,  0.000,  0.00,  0.000,  0.000,  0.000,  0.000
840003218920983,  1225,20,05:01:24,05:01:40,    16, 13.00, 13.00,LS    ,  0.00,  0.000,  0.00,  0.000,  0.000,  0.000,  0.000
840003234513987,  1595,22,04:58:05,05:01:48,   223,  6.80,  6.00,HS    ,  0.80,  0.000,  0.00,  0.000,  0.000,  0.000,  0.000
840003218920826,  1068,54,05:02:17,05:02:23,     6,  0.12,  0.12,TEST  ,  0.00,  0.000,  0.00,  0.000,  0.000,  0.000,  0.000
840003287325014,  9956,31,04:59:27,05:02:26,   179, 10.20,  9.50,LS    ,  0.70,  0.000,  0.00,  0.000,  0.000,  0.000,  0.000
840003234513991,  1599,12,04:52:04,05:02:59,   655, 17.30, 14.60,LS    ,  2.70,  0.000,  0.00,  0.000,  0.000,  0.000,  0.000
840003287325014,  9956,32,05:02:53,05:03:30,    37, 61.00, 60.90,HS    ,  0.10,  0.000,  0.00,  0.000,  0.000,  0.000,  0.000
840003287324980,  1557, 4,04:54:29,05:03:37,   548, 15.30, 13.00,HS    ,  2.30,  0.000,  0.00,  0.000,  0.000,  0.000,  0.000
840003287325010,  9802,27,05:03:15,05:03:42,    27, 20.50, 20.30,LS    ,  0.20,  0.000,  0.00,  0.000,  0.000,  0.000,  0.000
840003250681674,  1659, 9,04:54:26,05:04:07,   581, 23.90, 21.50,HS    ,  2.40,  0.000,  0.00,  0.000,  0.000,  0.000,  0.000
840003250681638,  1623, 3,04:53:54,05:05:09,   675,  6.30,  3.70,LS    ,  2.60,  0.000,  0.00,  0.000,  0.000,  0.000,  0.000
840003250681819,  1804,66,05:05:10,05:05:21,    11,  0.41,  0.40,TEST  ,  0.01,  0.000,  0.00,  0.000,  0.000,  0.000,  0.000
840003205049521,  9635,25,04:59:38,05:05:17,   339,  8.20,  6.40,LS    ,  1.80,  0.000,  0.00,  0.000,  0.000,  0.000,  0.000
840003287325010,  9802,26,05:03:50,05:05:22,    92,  2.10,  1.70,HS    ,  0.40,  0.000,  0.00,  0.000,  0.000,  0.000,  0.000
840003234513973,  1581,28,05:03:17,05:05:46,   149, 13.00, 12.40,LS    ,  0.60,  0.000,  0.00,  0.000,  0.000,  0.000,  0.000
840003250681638,  1623, 2,05:05:32,05:06:03,    31,  0.70,  0.70,LS    ,  0.00,  0.000,  0.00,  0.000,  0.000,  0.000,  0.000
840003287325011,  1064, 5,04:55:57,05:06:13,   616, 30.30, 27.40,HS    ,  2.90,  0.000,  0.00,  0.000,  0.000,  0.000,  0.000
840003287324998,  9295,75,04:58:16,05:06:23,   487, 25.42, 22.93,TEST  ,  2.49,  0.000,  0.00,  0.000,  0.000,  0.000,  0.000
840003250681637,  1622, 6,04:58:41,05:06:21,   460, 26.60, 24.50,LS    ,  2.10,  0.000,  0.00,  0.000,  0.000,  0.000,  0.000
840003274076113,  9290, 7,04:41:49,05:06:34,  1485, 22.00, 16.50,LS    ,  5.50,  0.000,  0.00,  0.000,  0.000,  0.000,  0.000
840003287325011,  1064, 5,05:06:38,05:07:43,    65, 27.40, 27.10,HS    ,  0.30,  0.000,  0.00,  0.000,  0.000,  0.000,  0.000
840003234513932,  1540,16,04:59:55,05:07:46,   471, 24.40, 22.90,HS    ,  1.50,  0.000,  0.00,  0.000,  0.000,  0.000,  0.000
840003268256514,  9411,58,04:36:34,05:07:56,  1882, 16.53,  6.67,TEST  ,  9.86,  0.000,  0.00,  0.000,  0.000,  0.000,  0.000
840003268256514,  9411,58,05:07:57,05:08:04,     7,  6.67,  6.68,TEST  , -0.01,  0.000,  0.00,  0.000,  0.000,  0.000,  0.000
840003218920983,  1225,19,05:02:02,05:08:18,   376,  8.30,  7.20,LS    ,  1.10,  0.000,  0.00,  0.000,  0.000,  0.000,  0.000
840003250681637,  1622, 7,05:06:44,05:08:18,    94, 16.50, 15.80,LS    ,  0.70,  0.000,  0.00,  0.000,  0.000,  0.000,  0.000
840003234513826,  1434,15,04:46:54,05:09:35,  1361, 14.90,  9.90,LS    ,  5.00,  0.000,  0.00,  0.000,  0.000,  0.000,  0.000
840003234513932,  1540,17,05:07:59,05:10:27,   148, 18.20, 17.90,HS    ,  0.30,  0.000,  0.00,  0.000,  0.000,  0.000,  0.000
840003211747972,  9943,12,05:03:11,05:10:41,   450, 14.80, 13.20,LS    ,  1.60,  0.000,  0.00,  0.000,  0.000,  0.000,  0.000
840003250681674,  1659,13,05:04:41,05:10:44,   363, 18.40, 17.30,HS    ,  1.10,  0.000,  0.00,  0.000,  0.000,  0.000,  0.000
840003205049521,  9635,25,05:06:03,05:10:57,   294,  6.40,  4.90,LS    ,  1.50,  0.000,  0.00,  0.000,  0.000,  0.000,  0.000
840003250681620,  1605,11,04:57:47,05:11:04,   797, 15.40, 12.90,LS    ,  2.50,  0.000,  0.00,  0.000,  0.000,  0.000,  0.000
840003287324998,  9295,74,05:08:41,05:11:10,   149, 31.06, 30.61,TEST  ,  0.45,  0.000,  0.00,  0.000,  0.000,  0.000,  0.000
840003234513932,  1540,17,05:11:06,05:12:06,    60, 17.90, 17.80,HS    ,  0.10,  0.000,  0.00,  0.000,  0.000,  0.000,  0.000
840003218920901,  1143,18,04:57:02,05:12:23,   921, 18.60, 15.70,LS    ,  2.90,  0.000,  0.00,  0.000,  0.000,  0.000,  0.000
840003287325013,  9824, 8,04:47:11,05:16:53,  1782, 41.90, 32.00,HS    ,  9.90,  0.000,  0.00,  0.000,  0.000,  0.000,  0.000
840003234513987,  1595,22,05:01:59,05:17:14,   915,  6.00,  3.20,HS    ,  2.80,  0.000,  0.00,  0.000,  0.000,  0.000,  0.000
840003250681674,  1659,14,05:11:24,05:17:44,   380, 25.50, 23.90,HS    ,  1.60,  0.000,  0.00,  0.000,  0.000,  0.000,  0.000
840003218920901,  1143,18,05:12:34,05:17:56,   322, 15.70, 14.50,LS    ,  1.20,  0.000,  0.00,  0.000,  0.000,  0.000,  0.000
840003218920826,  1068,65,05:02:58,05:18:09,   911, 22.27, 15.25,TEST  ,  7.02,  0.000,  0.00,  0.000,  0.000,  0.000,  0.000
840003218920826,  1068,65,05:18:11,05:18:16,     5, 15.25, 15.25,TEST  ,  0.00,  0.000,  0.00,  0.000,  0.000,  0.000,  0.000
840003287324966,  1261,23,04:59:22,05:18:53,  1171, 15.40, 11.60,LS    ,  3.80,  0.000,  0.00,  0.000,  0.000,  0.000,  0.000
840003205049521,  9635,27,05:11:26,05:20:09,   523, 20.50, 18.20,LS    ,  2.30,  0.000,  0.00,  0.000,  0.000,  0.000,  0.000
840003234513973,  1581,28,05:07:38,05:20:14,   756, 12.40,  9.80,LS    ,  2.60,  0.000,  0.00,  0.000,  0.000,  0.000,  0.000
840003287325010,  9802,32,05:07:35,05:20:33,   778, 60.90, 57.20,HS    ,  3.70,  0.000,  0.00,  0.000,  0.000,  0.000,  0.000
840003205049675,  9789,30,04:59:00,05:20:39,  1299, 30.30, 22.90,HS    ,  7.40,  0.000,  0.00,  0.000,  0.000,  0.000,  0.000
840003274076135,  1033,29,04:57:36,05:20:41,  1385, 34.70, 32.50,HS    ,  2.20,  0.000,  0.00,  0.000,  0.000,  0.000,  0.000
840003205049675,  9789,29,05:20:57,05:21:21,    24, 32.50, 31.80,HS    ,  0.70,  0.000,  0.00,  0.000,  0.000,  0.000,  0.000
840003287325010,  9802,27,05:21:48,05:22:00,    12, 18.10, 18.30,LS    , -0.20,  0.000,  0.00,  0.000,  0.000,  0.000,  0.000
840003205049675,  9789,29,05:21:45,05:22:06,    21, 31.70, 30.20,HS    ,  1.50,  0.000,  0.00,  0.000,  0.000,  0.000,  0.000
840003205049565,  9679,57,04:36:36,05:23:13,  2797, 10.08,  3.84,TEST  ,  6.24,  0.000,  0.00,  0.000,  0.000,  0.000,  0.000
840003250681819,  1804,60,05:05:34,05:23:14,  1060, 55.40, 50.24,TEST  ,  5.16,  0.000,  0.00,  0.000,  0.000,  0.000,  0.000
840003274076201,  1702,63,05:00:18,05:23:14,  1376, 45.89, 39.06,TEST  ,  6.83,  0.000,  0.00,  0.000,  0.000,  0.000,  0.000
840003234513920,  1528,64,05:11:15,05:23:14,   719, 41.78, 37.70,TEST  ,  4.08,  0.000,  0.00,  0.000,  0.000,  0.000,  0.000
840003218920826,  1068,65,05:19:02,05:23:15,   253, 15.28, 13.74,TEST  ,  1.54,  0.000,  0.00,  0.000,  0.000,  0.000,  0.000
840003211747972,  9943,11,05:11:14,05:23:22,   728, 12.90, 10.40,LS    ,  2.50,  0.000,  0.00,  0.000,  0.000,  0.000,  0.000
840003250681620,  1605,12,05:11:18,05:23:32,   734, 13.20, 11.10,LS    ,  2.10,  0.000,  0.00,  0.000,  0.000,  0.000,  0.000
840003287324980,  1557, 9,05:04:19,05:25:22,  1263, 21.50, 15.40,HS    ,  6.10,  0.000,  0.00,  0.000,  0.000,  0.000,  0.000
840003211747972,  9943, 9,05:25:43,05:26:06,    23, 15.40, 15.00,HS    ,  0.40,  0.000,  0.00,  0.000,  0.000,  0.000,  0.000
840003218920901,  1143,20,05:18:44,05:26:32,   468, 13.00, 11.50,LS    ,  1.50,  0.000,  0.00,  0.000,  0.000,  0.000,  0.000
840003211747972,  9943, 9,05:27:09,05:27:33,    24, 15.00, 14.60,HS    ,  0.40,  0.000,  0.00,  0.000,  0.000,  0.000,  0.000
840003250681620,  1605,11,05:24:30,05:27:56,   206, 10.40,  9.90,LS    ,  0.50,  0.000,  0.00,  0.000,  0.000,  0.000,  0.000
840003250681637,  1622, 7,05:08:54,05:29:28,  1234, 15.70, 10.60,LS    ,  5.10,  0.000,  0.00,  0.000,  0.000,  0.000,  0.000
840003211747972,  9943, 7,05:29:37,05:30:07,    30, 10.60, 10.40,LS    ,  0.20,  0.000,  0.00,  0.000,  0.000,  0.000,  0.000
840003250681620,  1605, 7,05:30:25,05:30:43,    18, 10.40, 10.30,LS    ,  0.10,  0.000,  0.00,  0.000,  0.000,  0.000,  0.000
840003250681620,  1605,15,05:31:03,05:31:16,    13,  9.70,  9.70,LS    ,  0.00,  0.000,  0.00,  0.000,  0.000,  0.000,  0.000
840003250681620,  1605,20,05:31:39,05:32:21,    42, 11.50, 11.30,LS    ,  0.20,  0.000,  0.00,  0.000,  0.000,  0.000,  0.000
840003211747972,  9943, 7,05:30:52,05:32:32,   100, 10.30,  9.90,LS    ,  0.40,  0.000,  0.00,  0.000,  0.000,  0.000,  0.000
840003234513987,  1595,21,05:17:20,05:32:39,   919, 22.60, 18.90,HS    ,  3.70,  0.000,  0.00,  0.000,  0.000,  0.000,  0.000
840003205049675,  9789,30,05:22:20,05:32:44,   624, 22.90, 20.10,HS    ,  2.80,  0.000,  0.00,  0.000,  0.000,  0.000,  0.000
840003287325010,  9802,29,05:22:16,05:32:52,   636, 30.70, 22.80,HS    ,  7.90,  0.000,  0.00,  0.000,  0.000,  0.000,  0.000
840003211747972,  9943, 8,05:32:58,05:33:14,    16, 32.00, 31.70,HS    ,  0.30,  0.000,  0.00,  0.000,  0.000,  0.000,  0.000
840003250681637,  1622,31,05:33:15,05:33:44,    29,  9.40,  9.30,LS    ,  0.10,  0.000,  0.00,  0.000,  0.000,  0.000,  0.000
840003234513937,  1545, 4,05:30:10,05:33:48,   218, 13.00, 12.30,HS    ,  0.70,  0.000,  0.00,  0.000,  0.000,  0.000,  0.000
840003211747972,  9943, 8,05:33:58,05:34:15,    17, 31.70, 31.30,HS    ,  0.40,  0.000,  0.00,  0.000,  0.000,  0.000,  0.000
840003218920901,  1143,19,05:26:54,05:34:34,   460,  7.20,  5.90,LS    ,  1.30,  0.000,  0.00,  0.000,  0.000,  0.000,  0.000
840003250681620,  1605,23,05:32:59,05:35:57,   178, 11.60, 11.30,LS    ,  0.30,  0.000,  0.00,  0.000,  0.000,  0.000,  0.000
840003250681637,  1622,19,05:35:27,05:36:02,    35,  5.90,  5.80,LS    ,  0.10,  0.000,  0.00,  0.000,  0.000,  0.000,  0.000
840003211747972,  9943, 7,05:35:10,05:36:27,    77,  9.90,  9.60,LS    ,  0.30,  0.000,  0.00,  0.000,  0.000,  0.000,  0.000
840003268256440,  9884, 4,05:37:03,05:37:27,    24, 12.30, 12.20,HS    ,  0.10,  0.000,  0.00,  0.000,  0.000,  0.000,  0.000
840003274076135,  1033,17,05:21:36,05:37:45,   969, 17.80, 13.90,HS    ,  3.90,  0.000,  0.00,  0.000,  0.000,  0.000,  0.000
840003250681637,  1622,19,05:36:25,05:37:53,    88,  5.80,  5.60,LS    ,  0.20,  0.000,  0.00,  0.000,  0.000,  0.000,  0.000
840003287325010,  9802,26,05:36:46,05:37:58,    72,  1.70,  1.30,HS    ,  0.40,  0.000,  0.00,  0.000,  0.000,  0.000,  0.000
840003250681638,  1623, 6,05:06:32,05:38:10,  1898, 24.50, 15.80,LS    ,  8.70,  0.000,  0.00,  0.000,  0.000,  0.000,  0.000
840003218920882,  1124,32,05:37:05,05:38:35,    90, 57.30, 57.00,HS    ,  0.30,  0.000,  0.00,  0.000,  0.000,  0.000,  0.000
840003268256440,  9884, 8,05:38:19,05:38:37,    18, 31.30, 31.20,HS    ,  0.10,  0.000,  0.00,  0.000,  0.000,  0.000,  0.000
840003287325010,  9802,32,05:38:46,05:39:20,    34, 57.00, 56.80,HS    ,  0.20,  0.000,  0.00,  0.000,  0.000,  0.000,  0.000
840003250681620,  1605,27,05:36:09,05:39:28,   199, 17.60, 17.50,LS    ,  0.10,  0.000,  0.00,  0.000,  0.000,  0.000,  0.000
840003218920882,  1124,29,05:39:05,05:39:42,    37, 22.80, 22.60,HS    ,  0.20,  0.000,  0.00,  0.000,  0.000,  0.000,  0.000
840003218920882,  1124,30,05:39:51,05:40:01,    10, 20.10, 20.10,HS    ,  0.00,  0.000,  0.00,  0.000,  0.000,  0.000,  0.000
840003211747972,  9943, 3,05:37:37,05:40:44,   187,  3.70,  3.10,LS    ,  0.60,  0.000,  0.00,  0.000,  0.000,  0.000,  0.000
840003218920882,  1124,24,05:40:21,05:41:07,    46,  1.70,  1.60,HS    ,  0.10,  0.000,  0.00,  0.000,  0.000,  0.000,  0.000
840003268256440,  9884,22,05:39:49,05:41:23,    94,  3.20,  2.70,HS    ,  0.50,  0.000,  0.00,  0.000,  0.000,  0.000,  0.000
840003268256440,  9884,26,05:42:28,05:43:19,    51,  1.30,  1.10,HS    ,  0.20,  0.000,  0.00,  0.000,  0.000,  0.000,  0.000
840003250681627,  1612,31,05:40:45,05:43:56,   191,  9.30,  8.70,LS    ,  0.60,  0.000,  0.00,  0.000,  0.000,  0.000,  0.000
840003250681637,  1622, 2,05:38:59,05:43:58,   299,  0.70,  0.20,LS    ,  0.50,  0.000,  0.00,  0.000,  0.000,  0.000,  0.000
840003234513937,  1545, 5,05:33:58,05:45:44,   706, 27.10, 23.90,HS    ,  3.20,  0.000,  0.00,  0.000,  0.000,  0.000,  0.000
840003218920920,  1162,31,05:44:21,05:48:03,   222,  8.70,  8.00,LS    ,  0.70,  0.000,  0.00,  0.000,  0.000,  0.000,  0.000
840003268256440,  9884,29,05:44:07,05:48:10,   243, 22.60, 21.20,HS    ,  1.40,  0.000,  0.00,  0.000,  0.000,  0.000,  0.000
840003218920920,  1162,25,05:48:27,05:49:40,    73,  4.90,  4.60,LS    ,  0.30,  0.000,  0.00,  0.000,  0.000,  0.000,  0.000
840003218920882,  1124,21,05:41:33,05:50:01,   508, 18.90, 16.60,HS    ,  2.30,  0.000,  0.00,  0.000,  0.000,  0.000,  0.000
840003287325010,  9802,32,05:39:32,05:50:19,   647, 56.80, 53.70,HS    ,  3.10,  0.000,  0.00,  0.000,  0.000,  0.000,  0.000
840003234513937,  1545, 9,05:47:04,05:51:08,   244, 14.60, 13.90,HS    ,  0.70,  0.000,  0.00,  0.000,  0.000,  0.000,  0.000
840003234513937,  1545, 9,05:51:20,05:52:17,    57, 13.90, 13.50,HS    ,  0.40,  0.000,  0.00,  0.000,  0.000,  0.000,  0.000
840003218920882,  1124,13,05:50:20,05:52:22,   122, 17.30, 16.80,HS    ,  0.50,  0.000,  0.00,  0.000,  0.000,  0.000,  0.000
840003218920920,  1162, 3,05:50:44,05:56:11,   327,  3.20,  1.70,LS    ,  1.50,  0.000,  0.00,  0.000,  0.000,  0.000,  0.000
840003218920882,  1124, 4,05:52:49,05:56:30,   221, 12.20, 11.60,HS    ,  0.60,  0.000,  0.00,  0.000,  0.000,  0.000,  0.000
840003234513937,  1545, 5,05:52:45,05:56:46,   241, 23.90, 23.00,HS    ,  0.90,  0.000,  0.00,  0.000,  0.000,  0.000,  0.000
840003274076135,  1033, 1,05:42:32,05:57:12,   880, 30.60, 26.90,HS    ,  3.70,  0.000,  0.00,  0.000,  0.000,  0.000,  0.000
840003268256440,  9884,21,05:50:16,05:58:12,   476, 16.60, 13.20,HS    ,  3.40,  0.000,  0.00,  0.000,  0.000,  0.000,  0.000
840003218920882,  1124, 4,05:57:22,05:58:15,    53, 11.60, 11.40,HS    ,  0.20,  0.000,  0.00,  0.000,  0.000,  0.000,  0.000
840003234513972,  1580,25,05:57:58,06:00:16,   138,  4.60,  3.90,LS    ,  0.70,  0.000,  0.00,  0.000,  0.000,  0.000,  0.000
840003274076149,  9436, 8,05:58:23,06:01:01,   158, 31.20, 29.50,HS    ,  1.70,  0.000,  0.00,  0.000,  0.000,  0.000,  0.000
840003218920882,  1124, 9,05:59:04,06:01:11,   127, 13.50, 13.00,HS    ,  0.50,  0.000,  0.00,  0.000,  0.000,  0.000,  0.000
840003218920920,  1162, 6,05:57:14,06:01:20,   246, 15.80, 14.60,LS    ,  1.20,  0.000,  0.00,  0.000,  0.000,  0.000,  0.000
840003234513937,  1545, 5,05:57:17,06:01:28,   251, 23.00, 22.00,HS    ,  1.00,  0.000,  0.00,  0.000,  0.000,  0.000,  0.000
840003234513920,  1528,75,06:00:33,06:02:23,   110,101.42,100.21,TEST  ,  1.21,  0.000,  0.00,  0.000,  0.000,  0.000,  0.000
840003274076179,  8966,71,06:03:47,06:03:52,     5,105.90,105.84,TEST  ,  0.06,  0.000,  0.00,  0.000,  0.000,  0.000,  0.000
840003234513937,  1545,13,06:03:50,06:05:41,   111, 16.80, 16.60,HS    ,  0.20,  0.000,  0.00,  0.000,  0.000,  0.000,  0.000
840003250681632,  1617, 7,06:00:28,06:06:07,   339,  9.60,  8.80,LS    ,  0.80,  0.000,  0.00,  0.000,  0.000,  0.000,  0.000
840003218920882,  1124,14,06:01:43,06:06:34,   291, 23.90, 22.80,HS    ,  1.10,  0.000,  0.00,  0.000,  0.000,  0.000,  0.000
840003234513972,  1580,23,06:00:35,06:07:40,   425, 11.30,  8.70,LS    ,  2.60,  0.000,  0.00,  0.000,  0.000,  0.000,  0.000
840003218920882,  1124,22,06:07:31,06:07:42,    11,  2.70,  2.70,HS    ,  0.00,  0.000,  0.00,  0.000,  0.000,  0.000,  0.000
840003274076170,  9253,82,06:06:34,06:07:51,    77,102.64,101.91,TEST  ,  0.73,  0.000,  0.00,  0.000,  0.000,  0.000,  0.000
840003274076170,  9253,80,06:08:05,06:08:18,    13,103.38,103.24,TEST  ,  0.14,  0.000,  0.00,  0.000,  0.000,  0.000,  0.000
840003274076170,  9253,78,06:08:37,06:09:33,    56,100.51,100.17,TEST  ,  0.34,  0.000,  0.00,  0.000,  0.000,  0.000,  0.000
840003218920920,  1162, 6,06:02:47,06:09:29,   402, 14.60, 12.90,LS    ,  1.70,  0.000,  0.00,  0.000,  0.000,  0.000,  0.000
840003274076170,  9253,78,06:09:33,06:09:39,     6,100.17,100.17,TEST  ,  0.00,  0.000,  0.00,  0.000,  0.000,  0.000,  0.000
840003274076135,  1033, 4,05:59:00,06:09:41,   641, 11.40,  8.90,HS    ,  2.50,  0.000,  0.00,  0.000,  0.000,  0.000,  0.000
840003218920920,  1162, 4,06:10:35,06:10:54,    19,  8.80,  8.80,HS    ,  0.00,  0.000,  0.00,  0.000,  0.000,  0.000,  0.000
840003274076170,  9253,81,06:09:50,06:11:15,    85,103.77,103.00,TEST  ,  0.77,  0.000,  0.00,  0.000,  0.000,  0.000,  0.000
840003234513920,  1528,74,06:02:37,06:11:26,   529,103.14, 99.56,TEST  ,  3.58,  0.000,  0.00,  0.000,  0.000,  0.000,  0.000
840003274076170,  9253,81,06:11:18,06:11:38,    20,102.99,103.00,TEST  , -0.01,  0.000,  0.00,  0.000,  0.000,  0.000,  0.000
840003274076170,  9253,81,06:11:42,06:11:49,     7,103.04,103.03,TEST  ,  0.01,  0.000,  0.00,  0.000,  0.000,  0.000,  0.000
840003274076179,  8966,71,06:03:53,06:11:52,   479,105.84,101.82,TEST  ,  4.02,  0.000,  0.00,  0.000,  0.000,  0.000,  0.000
840003274076170,  9253,82,06:11:51,06:11:56,     5,101.91,101.96,TEST  , -0.05,  0.000,  0.00,  0.000,  0.000,  0.000,  0.000
840003250681788,  1773,72,06:06:42,06:12:18,   336,103.15,101.34,TEST  ,  1.81,  0.000,  0.00,  0.000,  0.000,  0.000,  0.000
840003234513873,  1481,73,06:00:18,06:12:21,   723,105.59,100.42,TEST  ,  5.17,  0.000,  0.00,  0.000,  0.000,  0.000,  0.000
840003234513920,  1528,71,06:11:53,06:13:12,    79,101.82,100.91,TEST  ,  0.91,  0.000,  0.00,  0.000,  0.000,  0.000,  0.000
840003218920767,  1009,83,06:00:22,06:13:33,   791,102.24, 97.34,TEST  ,  4.90,  0.000,  0.00,  0.000,  0.000,  0.000,  0.000
840003218920882,  1124,21,06:07:48,06:14:02,   374, 13.10, 11.70,HS    ,  1.40,  0.000,  0.00,  0.000,  0.000,  0.000,  0.000
840003274076149,  9436, 8,06:01:31,06:17:07,   936, 29.50, 21.80,HS    ,  7.70,  0.000,  0.00,  0.000,  0.000,  0.000,  0.000
840003274076149,  9436, 7,06:17:14,06:18:00,    46,  8.80,  8.50,LS    ,  0.30,  0.000,  0.00,  0.000,  0.000,  0.000,  0.000
840003274076170,  9253,82,06:11:56,06:18:10,   374,101.96,100.21,TEST  ,  1.75,  0.000,  0.00,  0.000,  0.000,  0.000,  0.000
840003218920920,  1162, 3,06:11:01,06:18:11,   430,  1.70,  0.30,LS    ,  1.40,  0.000,  0.00,  0.000,  0.000,  0.000,  0.000
840003234513937,  1545,14,06:06:42,06:18:24,   702, 22.80, 20.30,HS    ,  2.50,  0.000,  0.00,  0.000,  0.000,  0.000,  0.000
840003274076149,  9436, 6,06:18:14,06:18:36,    22, 12.90, 12.70,LS    ,  0.20,  0.000,  0.00,  0.000,  0.000,  0.000,  0.000
840003287324973,  9890, 9,06:01:28,06:18:49,  1041, 13.00,  9.30,HS    ,  3.70,  0.000,  0.00,  0.000,  0.000,  0.000,  0.000
840003250681632,  1617,12,06:06:52,06:19:03,   731, 11.50,  8.40,LS    ,  3.10,  0.000,  0.00,  0.000,  0.000,  0.000,  0.000
840003234513873,  1481,74,06:12:40,06:19:47,   427, 99.58, 97.28,TEST  ,  2.30,  0.000,  0.00,  0.000,  0.000,  0.000,  0.000
840003250681632,  1617,18,06:19:46,06:20:05,    19, 14.50, 14.50,LS    ,  0.00,  0.000,  0.00,  0.000,  0.000,  0.000,  0.000
840003274076149,  9436, 7,06:19:21,06:20:49,    88,  8.50,  8.00,LS    ,  0.50,  0.000,  0.00,  0.000,  0.000,  0.000,  0.000
840003274076170,  9253,82,06:18:26,06:21:43,   197,100.22, 99.48,TEST  ,  0.74,  0.000,  0.00,  0.000,  0.000,  0.000,  0.000
840003274076170,  9253,82,06:21:43,06:21:48,     5, 99.48, 99.49,TEST  , -0.01,  0.000,  0.00,  0.000,  0.000,  0.000,  0.000
840003250681632,  1617,16,06:20:27,06:21:49,    82, 22.90, 22.40,HS    ,  0.50,  0.000,  0.00,  0.000,  0.000,  0.000,  0.000
840003250681632,  1617,16,06:22:14,06:22:33,    19, 22.40, 22.20,HS    ,  0.20,  0.000,  0.00,  0.000,  0.000,  0.000,  0.000
840003274076149,  9436, 4,06:20:59,06:22:56,   117,  8.80,  7.90,HS    ,  0.90,  0.000,  0.00,  0.000,  0.000,  0.000,  0.000
840003250681653,  1638,29,06:16:31,06:23:11,   400, 21.30, 20.40,HS    ,  0.90,  0.000,  0.00,  0.000,  0.000,  0.000,  0.000
840003274076170,  9253,83,06:23:34,06:23:39,     5, 97.34, 97.34,TEST  ,  0.00,  0.000,  0.00,  0.000,  0.000,  0.000,  0.000
840003218920920,  1162, 2,06:22:26,06:23:47,    81,  0.20,  0.20,LS    ,  0.00,  0.000,  0.00,  0.000,  0.000,  0.000,  0.000
840003234513847,  1455,76,06:13:38,06:24:41,   663,102.87, 97.75,TEST  ,  5.12,  0.000,  0.00,  0.000,  0.000,  0.000,  0.000
840003274076179,  8966,75,06:12:40,06:24:59,   739,100.21, 95.06,TEST  ,  5.15,  0.000,  0.00,  0.000,  0.000,  0.000,  0.000
840003250681653,  1638,24,06:23:43,06:24:54,    71,  1.60,  1.40,HS    ,  0.20,  0.000,  0.00,  0.000,  0.000,  0.000,  0.000
840003218920882,  1124,30,06:15:00,06:26:00,   660, 20.10, 17.80,HS    ,  2.30,  0.000,  0.00,  0.000,  0.000,  0.000,  0.000
840003250681632,  1617,15,06:22:54,06:26:01,   187,  9.80,  8.90,LS    ,  0.90,  0.000,  0.00,  0.000,  0.000,  0.000,  0.000
840003287324993,  9134,80,06:22:10,06:26:15,   245,103.24,101.70,TEST  ,  1.54,  0.000,  0.00,  0.000,  0.000,  0.000,  0.000
840003205049588,  9702,21,06:19:22,06:26:28,   426, 11.70, 10.50,HS    ,  1.20,  0.000,  0.00,  0.000,  0.000,  0.000,  0.000
840003234513893,  1501,71,06:17:06,06:27:48,   642,100.91, 96.56,TEST  ,  4.35,  0.000,  0.00,  0.000,  0.000,  0.000,  0.000
840003218920920,  1162, 6,06:24:34,06:27:50,   196, 12.70, 11.80,LS    ,  0.90,  0.000,  0.00,  0.000,  0.000,  0.000,  0.000
840003234513847,  1455,75,06:25:37,06:28:01,   144, 95.11, 93.96,TEST  ,  1.15,  0.000,  0.00,  0.000,  0.000,  0.000,  0.000
840003205049588,  9702,29,06:26:54,06:27:59,    65, 20.30, 20.90,HS    , -0.60,  0.000,  0.00,  0.000,  0.000,  0.000,  0.000
840003250681632,  1617,11,06:26:32,06:28:29,   117,  9.90,  9.50,LS    ,  0.40,  0.000,  0.00,  0.000,  0.000,  0.000,  0.000
840003274076149,  9436, 9,06:23:28,06:29:07,   339,  9.30,  6.90,HS    ,  2.40,  0.000,  0.00,  0.000,  0.000,  0.000,  0.000
840003250681632,  1617, 5,06:29:05,06:29:21,    16, 22.00, 21.80,HS    ,  0.20,  0.000,  0.00,  0.000,  0.000,  0.000,  0.000
840003234513873,  1481,74,06:19:55,06:29:31,   576, 97.28, 94.73,TEST  ,  2.55,  0.000,  0.00,  0.000,  0.000,  0.000,  0.000
840003218920920,  1162, 6,06:28:38,06:29:29,    51, 11.80, 11.50,LS    ,  0.30,  0.000,  0.00,  0.000,  0.000,  0.000,  0.000
840003234513873,  1481,74,06:29:31,06:29:36,     5, 94.73, 94.71,TEST  ,  0.02,  0.000,  0.00,  0.000,  0.000,  0.000,  0.000
840003250681632,  1617, 3,06:29:47,06:30:16,    29,  0.30,  0.20,LS    ,  0.10,  0.000,  0.00,  0.000,  0.000,  0.000,  0.000
840003234513873,  1481,74,06:29:37,06:31:05,    88, 94.71, 94.43,TEST  ,  0.28,  0.000,  0.00,  0.000,  0.000,  0.000,  0.000
840003287324973,  9890,14,06:19:36,06:31:09,   693, 20.30, 17.90,HS    ,  2.40,  0.000,  0.00,  0.000,  0.000,  0.000,  0.000
840003234513852,  1460,72,06:21:53,06:31:26,   573,101.33, 97.84,TEST  ,  3.49,  0.000,  0.00,  0.000,  0.000,  0.000,  0.000
840003234513852,  1460,72,06:32:46,06:32:51,     5, 97.85, 97.84,TEST  ,  0.01,  0.000,  0.00,  0.000,  0.000,  0.000,  0.000
840003250681653,  1638,17,06:25:38,06:33:01,   443, 13.80, 11.50,HS    ,  2.30,  0.000,  0.00,  0.000,  0.000,  0.000,  0.000
840003234513777,  1385,82,06:29:39,06:33:09,   210, 99.50, 98.80,TEST  ,  0.70,  0.000,  0.00,  0.000,  0.000,  0.000,  0.000
840003234513847,  1455,69,06:32:14,06:34:32,   138, 97.77, 96.72,TEST  ,  1.05,  0.000,  0.00,  0.000,  0.000,  0.000,  0.000
840003218920920,  1162, 7,06:29:59,06:34:57,   298,  8.10,  7.40,LS    ,  0.70,  0.000,  0.00,  0.000,  0.000,  0.000,  0.000
840003205049588,  9702,21,06:28:53,06:35:03,   370, 10.50,  9.40,HS    ,  1.10,  0.000,  0.00,  0.000,  0.000,  0.000,  0.000
840003287324988,  9593,68,06:34:14,06:35:50,    96, 87.11, 86.14,TEST  ,  0.97,  0.000,  0.00,  0.000,  0.000,  0.000,  0.000
840003250681791,  1776,70,06:33:16,06:36:30,   194,109.50,108.12,TEST  ,  1.38,  0.000,  0.00,  0.000,  0.000,  0.000,  0.000
840003250681783,  1768,71,06:27:49,06:37:05,   556, 96.56, 94.24,TEST  ,  2.32,  0.000,  0.00,  0.000,  0.000,  0.000,  0.000
840003234513852,  1460,72,06:32:52,06:37:19,   267, 97.84, 96.69,TEST  ,  1.15,  0.000,  0.00,  0.000,  0.000,  0.000,  0.000
840003234513920,  1528,73,06:13:25,06:38:09,  1484,100.42, 92.66,TEST  ,  7.76,  0.000,  0.00,  0.000,  0.000,  0.000,  0.000
840003250681791,  1776,74,06:36:44,06:38:19,    95, 94.44, 93.96,TEST  ,  0.48,  0.000,  0.00,  0.000,  0.000,  0.000,  0.000
840003234513937,  1545,29,06:28:23,06:38:39,   616, 20.80, 22.30,HS    , -1.50,  0.000,  0.00,  0.000,  0.000,  0.000,  0.000
840003250681788,  1773,77,06:12:39,06:39:13,  1594,104.27, 98.28,TEST  ,  5.99,  0.000,  0.00,  0.000,  0.000,  0.000,  0.000
840003250681788,  1773,78,06:39:22,06:39:30,     8,100.17,100.17,TEST  ,  0.00,  0.000,  0.00,  0.000,  0.000,  0.000,  0.000
840003250681788,  1773,78,06:39:31,06:39:38,     7,100.17,100.16,TEST  ,  0.01,  0.000,  0.00,  0.000,  0.000,  0.000,  0.000
840003287324993,  9134,76,06:26:23,06:39:54,   811, 97.76, 92.52,TEST  ,  5.24,  0.000,  0.00,  0.000,  0.000,  0.000,  0.000
840003234513777,  1385,83,06:33:22,06:40:06,   404, 97.33, 95.80,TEST  ,  1.53,  0.000,  0.00,  0.000,  0.000,  0.000,  0.000
840003250681788,  1773,78,06:39:38,06:40:11,    33,100.16,100.11,TEST  ,  0.05,  0.000,  0.00,  0.000,  0.000,  0.000,  0.000
840003234513778,  1386,80,06:28:00,06:41:03,   783,101.70, 96.65,TEST  ,  5.05,  0.000,  0.00,  0.000,  0.000,  0.000,  0.000
840003250681681,  1666, 1,06:39:48,06:41:43,   115, 26.80, 26.60,HS    ,  0.20,  0.000,  0.00,  0.000,  0.000,  0.000,  0.000
840003250681819,  1804,81,06:27:04,06:41:58,   894,103.00, 97.43,TEST  ,  5.57,  0.000,  0.00,  0.000,  0.000,  0.000,  0.000
840003287324988,  9593,66,06:35:56,06:42:24,   388, 91.07, 88.21,TEST  ,  2.86,  0.000,  0.00,  0.000,  0.000,  0.000,  0.000
840003250681783,  1768,67,06:37:14,06:43:41,   387, 89.56, 87.98,TEST  ,  1.58,  0.000,  0.00,  0.000,  0.000,  0.000,  0.000
840003205049610,  9724, 4,06:43:42,06:45:05,    83,  7.90,  7.50,HS    ,  0.40,  0.000,  0.00,  0.000,  0.000,  0.000,  0.000
840003218920920,  1162, 6,06:35:26,06:45:18,   592, 11.50,  8.90,LS    ,  2.60,  0.000,  0.00,  0.000,  0.000,  0.000,  0.000
840003250681653,  1638,14,06:33:26,06:46:27,   781, 17.90, 14.30,HS    ,  3.60,  0.000,  0.00,  0.000,  0.000,  0.000,  0.000
840003234513778,  1386,72,06:42:36,06:47:05,   269, 96.70, 95.09,TEST  ,  1.61,  0.000,  0.00,  0.000,  0.000,  0.000,  0.000
840003250681791,  1776,71,06:38:44,06:47:10,   506, 94.24, 92.16,TEST  ,  2.08,  0.000,  0.00,  0.000,  0.000,  0.000,  0.000
840003268256441,  1148, 7,06:35:13,06:47:07,   714,  7.40,  4.20,LS    ,  3.20,  0.000,  0.00,  0.000,  0.000,  0.000,  0.000
840003287324988,  9593,67,06:44:12,06:47:20,   188, 87.98, 86.81,TEST  ,  1.17,  0.000,  0.00,  0.000,  0.000,  0.000,  0.000
840003205049588,  9702, 8,06:36:15,06:47:26,   671, 21.80, 19.70,HS    ,  2.10,  0.000,  0.00,  0.000,  0.000,  0.000,  0.000
840003250681783,  1768,70,06:43:46,06:47:36,   230,108.12,107.12,TEST  ,  1.00,  0.000,  0.00,  0.000,  0.000,  0.000,  0.000
840003250681819,  1804,78,06:42:32,06:47:39,   307,100.11, 98.93,TEST  ,  1.18,  0.000,  0.00,  0.000,  0.000,  0.000,  0.000
840003218920920,  1162, 3,06:46:18,06:47:43,    85,  0.10,  0.00,LS    ,  0.10,  0.000,  0.00,  0.000,  0.000,  0.000,  0.000
840003287324973,  9890, 9,06:31:33,06:48:15,  1002,  6.90,  4.00,HS    ,  2.90,  0.000,  0.00,  0.000,  0.000,  0.000,  0.000
840003234513766,  1374,54,06:37:19,06:48:27,   668,101.46, 96.76,TEST  ,  4.70,  0.000,  0.00,  0.000,  0.000,  0.000,  0.000
840003234513937,  1545,21,06:40:52,06:48:26,   454,  9.30,  7.60,HS    ,  1.70,  0.000,  0.00,  0.000,  0.000,  0.000,  0.000
840003205049588,  9702, 8,06:48:07,06:48:39,    32, 19.70, 19.70,HS    ,  0.00,  0.000,  0.00,  0.000,  0.000,  0.000,  0.000
840003250681788,  1773,74,06:40:27,06:48:50,   503, 93.94, 92.72,TEST  ,  1.22,  0.000,  0.00,  0.000,  0.000,  0.000,  0.000
840003234513937,  1545,21,06:49:15,06:51:24,   129,  7.60,  7.00,HS    ,  0.60,  0.000,  0.00,  0.000,  0.000,  0.000,  0.000
840003250681681,  1666, 1,06:42:03,06:51:58,   595, 26.60, 24.50,HS    ,  2.10,  0.000,  0.00,  0.000,  0.000,  0.000,  0.000
840003250681791,  1776,70,06:48:07,06:52:34,   267,107.13,106.46,TEST  ,  0.67,  0.000,  0.00,  0.000,  0.000,  0.000,  0.000
840003287325039,  1348,68,06:38:22,06:53:36,   914, 86.14, 81.18,TEST  ,  4.96,  0.000,  0.00,  0.000,  0.000,  0.000,  0.000
840003287324993,  9134,73,06:40:06,06:54:26,   860, 92.68, 89.04,TEST  ,  3.64,  0.000,  0.00,  0.000,  0.000,  0.000,  0.000
840003250681783,  1768,69,06:47:37,06:56:17,   520, 96.70, 95.15,TEST  ,  1.55,  0.000,  0.00,  0.000,  0.000,  0.000,  0.000
840003268256441,  1148,12,06:48:10,06:56:38,   508,  8.50,  6.90,LS    ,  1.60,  0.000,  0.00,  0.000,  0.000,  0.000,  0.000
840003218920873,  1115,13,06:45:22,06:57:02,   700, 16.60, 13.50,HS    ,  3.10,  0.000,  0.00,  0.000,  0.000,  0.000,  0.000
840003250681681,  1666, 1,06:52:29,06:57:08,   279, 24.50, 23.60,HS    ,  0.90,  0.000,  0.00,  0.000,  0.000,  0.000,  0.000
840003287324973,  9890, 8,06:48:48,06:57:37,   529, 19.70, 18.00,HS    ,  1.70,  0.000,  0.00,  0.000,  0.000,  0.000,  0.000
840003268256441,  1148,18,06:57:41,06:58:44,    63, 14.50, 14.50,LS    ,  0.00,  0.000,  0.00,  0.000,  0.000,  0.000,  0.000
840003274076113,  9290,19,06:57:44,06:58:48,    64,  5.60,  5.30,LS    ,  0.30,  0.000,  0.00,  0.000,  0.000,  0.000,  0.000
840003287325039,  1348,73,06:59:25,06:59:30,     5, 89.04, 89.04,TEST  ,  0.00,  0.000,  0.00,  0.000,  0.000,  0.000,  0.000
840003234513766,  1374,54,06:48:49,07:00:31,   702, 96.77, 92.76,TEST  ,  4.01,  0.000,  0.00,  0.000,  0.000,  0.000,  0.000
840003268256441,  1148,20,06:58:56,07:00:34,    98, 11.30, 10.90,LS    ,  0.40,  0.000,  0.00,  0.000,  0.000,  0.000,  0.000
840003250681783,  1768,70,06:57:28,07:01:00,   212,106.46,105.80,TEST  ,  0.66,  0.000,  0.00,  0.000,  0.000,  0.000,  0.000
840003250681819,  1804,83,06:57:16,07:01:46,   270, 95.82, 94.68,TEST  ,  1.14,  0.000,  0.00,  0.000,  0.000,  0.000,  0.000
840003205049588,  9702, 5,06:48:51,07:02:46,   835, 21.80, 19.60,HS    ,  2.20,  0.000,  0.00,  0.000,  0.000,  0.000,  0.000
840003250681788,  1773,75,06:49:19,07:03:58,   879, 93.98, 91.64,TEST  ,  2.34,  0.000,  0.00,  0.000,  0.000,  0.000,  0.000
840003250681673,  1658, 4,06:48:13,07:04:38,   985,  7.50,  4.00,HS    ,  3.50,  0.000,  0.00,  0.000,  0.000,  0.000,  0.000
840003268256441,  1148,20,07:01:19,07:05:22,   243, 10.90, 10.10,LS    ,  0.80,  0.000,  0.00,  0.000,  0.000,  0.000,  0.000
840003234513852,  1460,82,06:55:17,07:06:33,   676, 98.82, 95.64,TEST  ,  3.18,  0.000,  0.00,  0.000,  0.000,  0.000,  0.000
840003234513852,  1460,82,07:07:11,07:07:17,     6, 95.65, 95.65,TEST  ,  0.00,  0.000,  0.00,  0.000,  0.000,  0.000,  0.000
840003218920873,  1115,16,06:57:26,07:07:21,   595, 22.20, 19.30,HS    ,  2.90,  0.000,  0.00,  0.000,  0.000,  0.000,  0.000
840003205049610,  9724,14,06:46:38,07:08:57,  1339, 14.30,  8.80,HS    ,  5.50,  0.000,  0.00,  0.000,  0.000,  0.000,  0.000
840003234513777,  1385,74,06:49:29,07:11:42,  1333, 92.72, 87.41,TEST  ,  5.31,  0.000,  0.00,  0.000,  0.000,  0.000,  0.000
840003218920820,  1062,28,07:06:09,07:12:20,   371,  9.70,  8.70,LS    ,  1.00,  0.000,  0.00,  0.000,  0.000,  0.000,  0.000
840003250681673,  1658, 1,07:05:11,07:12:19,   428, 23.60, 21.80,HS    ,  1.80,  0.000,  0.00,  0.000,  0.000,  0.000,  0.000
840003250681659,  1644,18,07:08:00,07:12:40,   280, 14.50, 13.80,LS    ,  0.70,  0.000,  0.00,  0.000,  0.000,  0.000,  0.000
840003205049610,  9724,14,07:09:39,07:12:50,   191,  8.80,  8.20,HS    ,  0.60,  0.000,  0.00,  0.000,  0.000,  0.000,  0.000
840003218921056,  1298,69,07:13:05,07:13:10,     5, 95.06, 94.98,TEST  ,  0.08,  0.000,  0.00,  0.000,  0.000,  0.000,  0.000
840003274076113,  9290,23,06:59:36,07:14:06,   870,  8.70,  5.70,LS    ,  3.00,  0.000,  0.00,  0.000,  0.000,  0.000,  0.000
840003205049605,  9719,55,07:12:58,07:14:21,    83,101.51,100.65,TEST  ,  0.86,  0.000,  0.00,  0.000,  0.000,  0.000,  0.000
840003250681659,  1644,20,07:13:36,07:16:30,   174, 10.10,  9.70,LS    ,  0.40,  0.000,  0.00,  0.000,  0.000,  0.000,  0.000
840003218920873,  1115,21,07:07:55,07:16:50,   535,  7.00,  5.30,HS    ,  1.70,  0.000,  0.00,  0.000,  0.000,  0.000,  0.000
840003218921056,  1298,69,07:13:11,07:18:01,   290, 94.98, 92.85,TEST  ,  2.13,  0.000,  0.00,  0.000,  0.000,  0.000,  0.000
840003234513852,  1460,70,07:14:30,07:18:03,   213,105.80,104.71,TEST  ,  1.09,  0.000,  0.00,  0.000,  0.000,  0.000,  0.000
840003287325039,  1348,73,06:59:31,07:18:10,  1119, 89.04, 83.87,TEST  ,  5.17,  0.000,  0.00,  0.000,  0.000,  0.000,  0.000
840003234513777,  1385,74,07:12:52,07:18:25,   333, 87.40, 86.20,TEST  ,  1.20,  0.000,  0.00,  0.000,  0.000,  0.000,  0.000
840003234513852,  1460,70,07:18:32,07:18:38,     6,104.71,104.72,TEST  , -0.01,  0.000,  0.00,  0.000,  0.000,  0.000,  0.000
840003218921056,  1298,71,07:18:39,07:18:44,     5, 92.14, 92.15,TEST  , -0.01,  0.000,  0.00,  0.000,  0.000,  0.000,  0.000
840003234513852,  1460,70,07:18:41,07:18:46,     5,104.72,104.77,TEST  , -0.05,  0.000,  0.00,  0.000,  0.000,  0.000,  0.000
840003218920873,  1115,24,07:17:32,07:19:48,   136,  1.40,  1.10,HS    ,  0.30,  0.000,  0.00,  0.000,  0.000,  0.000,  0.000
840003274076113,  9290,25,07:14:25,07:19:53,   328,  3.90,  2.80,LS    ,  1.10,  0.000,  0.00,  0.000,  0.000,  0.000,  0.000
840003274076117,  9785,12,07:18:26,07:21:06,   160,  7.30,  6.60,LS    ,  0.70,  0.000,  0.00,  0.000,  0.000,  0.000,  0.000
840003205049610,  9724,14,07:14:04,07:21:15,   431,  8.20,  6.80,HS    ,  1.40,  0.000,  0.00,  0.000,  0.000,  0.000,  0.000
840003205049605,  9719,55,07:14:22,07:21:39,   437,100.65, 97.59,TEST  ,  3.06,  0.000,  0.00,  0.000,  0.000,  0.000,  0.000
840003250681659,  1644,31,07:17:34,07:21:41,   247,  8.00,  7.40,LS    ,  0.60,  0.000,  0.00,  0.000,  0.000,  0.000,  0.000
840003205049605,  9719,56,07:21:47,07:21:52,     5,102.50,102.50,TEST  ,  0.00,  0.000,  0.00,  0.000,  0.000,  0.000,  0.000
840003287325013,  9824, 1,07:17:38,07:22:39,   301, 21.80, 20.30,HS    ,  1.50,  0.000,  0.00,  0.000,  0.000,  0.000,  0.000
840003268256441,  1148,28,07:18:15,07:22:48,   273,  8.70,  7.50,LS    ,  1.20,  0.000,  0.00,  0.000,  0.000,  0.000,  0.000
840003274076113,  9290,23,07:22:40,07:22:50,    10,  5.70,  5.70,LS    ,  0.00,  0.000,  0.00,  0.000,  0.000,  0.000,  0.000
840003274076117,  9785,15,07:21:22,07:22:56,    94,  8.90,  8.80,LS    ,  0.10,  0.000,  0.00,  0.000,  0.000,  0.000,  0.000
840003218920820,  1062,27,07:12:29,07:22:58,   629, 17.10, 15.80,LS    ,  1.30,  0.000,  0.00,  0.000,  0.000,  0.000,  0.000
840003218920873,  1115,26,07:20:25,07:23:56,   211,  1.20,  0.50,HS    ,  0.70,  0.000,  0.00,  0.000,  0.000,  0.000,  0.000
840003205049610,  9724,14,07:21:49,07:25:24,   215,  6.80,  6.20,HS    ,  0.60,  0.000,  0.00,  0.000,  0.000,  0.000,  0.000
840003268256441,  1148,27,07:23:56,07:26:21,   145, 15.80, 15.20,LS    ,  0.60,  0.000,  0.00,  0.000,  0.000,  0.000,  0.000
840003218921056,  1298,71,07:18:46,07:27:10,   504, 91.92, 88.60,TEST  ,  3.32,  0.000,  0.00,  0.000,  0.000,  0.000,  0.000
840003218921056,  1298,71,07:27:19,07:27:25,     6, 88.60, 88.60,TEST  ,  0.00,  0.000,  0.00,  0.000,  0.000,  0.000,  0.000
840003250681659,  1644,28,07:27:40,07:27:50,    10,  7.50,  7.50,LS    ,  0.00,  0.000,  0.00,  0.000,  0.000,  0.000,  0.000
840003218920873,  1115,29,07:24:21,07:28:06,   225, 21.80, 15.70,HS    ,  6.10,  0.000,  0.00,  0.000,  0.000,  0.000,  0.000
840003234513828,  1436,67,07:17:26,07:28:11,   645, 86.81, 81.92,TEST  ,  4.89,  0.000,  0.00,  0.000,  0.000,  0.000,  0.000
840003274076113,  9290,20,07:23:09,07:28:27,   318,  9.70,  8.60,LS    ,  1.10,  0.000,  0.00,  0.000,  0.000,  0.000,  0.000
840003234513987,  1595,30,07:00:50,07:28:44,  1674, 17.80, 12.20,HS    ,  5.60,  0.000,  0.00,  0.000,  0.000,  0.000,  0.000
840003250681673,  1658,32,07:23:13,07:28:57,   344, 53.60, 52.30,HS    ,  1.30,  0.000,  0.00,  0.000,  0.000,  0.000,  0.000
840003250681791,  1776,83,07:09:21,07:29:52,  1231, 94.68, 89.65,TEST  ,  5.03,  0.000,  0.00,  0.000,  0.000,  0.000,  0.000
840003250681673,  1658,26,07:29:53,07:30:01,     8,  0.50,  0.50,HS    ,  0.00,  0.000,  0.00,  0.000,  0.000,  0.000,  0.000
840003250681656,  1641, 1,07:24:15,07:30:15,   360, 20.30, 19.20,HS    ,  1.10,  0.000,  0.00,  0.000,  0.000,  0.000,  0.000
840003234513990,  1598,31,07:22:31,07:30:41,   490,  7.40,  6.10,LS    ,  1.30,  0.000,  0.00,  0.000,  0.000,  0.000,  0.000
840003234513852,  1460,70,07:18:46,07:31:07,   741,104.77,101.62,TEST  ,  3.15,  0.000,  0.00,  0.000,  0.000,  0.000,  0.000
840003250681673,  1658,17,07:30:30,07:31:15,    45, 11.50, 11.30,HS    ,  0.20,  0.000,  0.00,  0.000,  0.000,  0.000,  0.000
840003211747935,  9906,18,07:29:46,07:31:28,   102, 13.80, 13.30,LS    ,  0.50,  0.000,  0.00,  0.000,  0.000,  0.000,  0.000
840003287325013,  9824, 4,07:24:24,07:31:49,   445,  4.00,  1.90,HS    ,  2.10,  0.000,  0.00,  0.000,  0.000,  0.000,  0.000
840003218920820,  1062,19,07:24:43,07:32:47,   484,  5.30,  4.00,LS    ,  1.30,  0.000,  0.00,  0.000,  0.000,  0.000,  0.000
840003234513828,  1436,67,07:28:52,07:32:54,   242, 81.93, 80.17,TEST  ,  1.76,  0.000,  0.00,  0.000,  0.000,  0.000,  0.000
840003274076117,  9785,31,07:30:53,07:33:04,   131,  6.10,  5.70,LS    ,  0.40,  0.000,  0.00,  0.000,  0.000,  0.000,  0.000
840003218920873,  1115,30,07:29:33,07:33:14,   221, 12.20, 10.80,HS    ,  1.40,  0.000,  0.00,  0.000,  0.000,  0.000,  0.000
840003234513828,  1436,67,07:33:15,07:33:20,     5, 80.17, 80.17,TEST  ,  0.00,  0.000,  0.00,  0.000,  0.000,  0.000,  0.000
840003234513828,  1436,67,07:33:21,07:33:30,     9, 80.17, 80.17,TEST  ,  0.00,  0.000,  0.00,  0.000,  0.000,  0.000,  0.000
840003234513990,  1598,25,07:31:10,07:33:32,   142,  2.80,  2.40,LS    ,  0.40,  0.000,  0.00,  0.000,  0.000,  0.000,  0.000
840003274076117,  9785,25,07:33:42,07:34:08,    26,  2.40,  2.40,LS    ,  0.00,  0.000,  0.00,  0.000,  0.000,  0.000,  0.000
840003234513990,  1598,23,07:33:46,07:34:16,    30,  5.70,  5.50,LS    ,  0.20,  0.000,  0.00,  0.000,  0.000,  0.000,  0.000
840003234513828,  1436,67,07:33:33,07:35:53,   140, 80.17, 79.21,TEST  ,  0.96,  0.000,  0.00,  0.000,  0.000,  0.000,  0.000
840003205049605,  9719,68,07:22:42,07:36:25,   823, 79.21, 75.77,TEST  ,  3.44,  0.000,  0.00,  0.000,  0.000,  0.000,  0.000
840003234513990,  1598,25,07:34:41,07:36:29,   108,  2.40,  2.10,LS    ,  0.30,  0.000,  0.00,  0.000,  0.000,  0.000,  0.000
840003205049605,  9719,68,07:36:41,07:36:46,     5, 75.78, 75.78,TEST  ,  0.00,  0.000,  0.00,  0.000,  0.000,  0.000,  0.000
840003234513799,  1407,69,07:18:03,07:37:35,  1172, 92.85, 86.65,TEST  ,  6.20,  0.000,  0.00,  0.000,  0.000,  0.000,  0.000
840003250681659,  1644,27,07:29:36,07:37:31,   475, 15.10, 13.00,LS    ,  2.10,  0.000,  0.00,  0.000,  0.000,  0.000,  0.000
840003234513799,  1407,69,07:37:35,07:37:40,     5, 86.65, 86.65,TEST  ,  0.00,  0.000,  0.00,  0.000,  0.000,  0.000,  0.000
840003218920820,  1062,20,07:33:26,07:38:26,   300,  8.60,  7.90,LS    ,  0.70,  0.000,  0.00,  0.000,  0.000,  0.000,  0.000
840003234513811,  1419,82,07:20:12,07:38:46,  1114, 95.65, 88.02,TEST  ,  7.63,  0.000,  0.00,  0.000,  0.000,  0.000,  0.000
840003234513811,  1419,82,07:38:46,07:38:49,     3, 88.02, 88.03,TEST  , -0.01,  0.000,  0.00,  0.000,  0.000,  0.000,  0.000
840003274076117,  9785,23,07:34:27,07:38:47,   260,  5.50,  4.50,LS    ,  1.00,  0.000,  0.00,  0.000,  0.000,  0.000,  0.000
840003211747935,  9906,18,07:32:00,07:39:42,   462, 13.30, 11.40,LS    ,  1.90,  0.000,  0.00,  0.000,  0.000,  0.000,  0.000
840003218920887,  1129,70,07:33:57,07:39:50,   353,101.61, 99.00,TEST  ,  2.61,  0.000,  0.00,  0.000,  0.000,  0.000,  0.000
840003234513990,  1598,15,07:37:20,07:40:16,   176,  8.90,  8.00,LS    ,  0.90,  0.000,  0.00,  0.000,  0.000,  0.000,  0.000
840003268256441,  1148,19,07:32:57,07:40:25,   448,  4.00,  2.80,LS    ,  1.20,  0.000,  0.00,  0.000,  0.000,  0.000,  0.000
840003287324997,  1371,67,07:37:52,07:40:34,   162, 79.21, 78.41,TEST  ,  0.80,  0.000,  0.00,  0.000,  0.000,  0.000,  0.000
840003205049605,  9719,68,07:36:47,07:40:45,   238, 75.78, 74.93,TEST  ,  0.85,  0.000,  0.00,  0.000,  0.000,  0.000,  0.000
840003234513923,  1531,14,07:35:33,07:40:49,   316,  6.20,  5.30,HS    ,  0.90,  0.000,  0.00,  0.000,  0.000,  0.000,  0.000
840003218920887,  1129,68,07:40:51,07:40:56,     5, 74.95, 74.97,TEST  , -0.02,  0.000,  0.00,  0.000,  0.000,  0.000,  0.000
840003205049610,  9724,13,07:25:45,07:40:58,   913, 13.50, 10.50,HS    ,  3.00,  0.000,  0.00,  0.000,  0.000,  0.000,  0.000
840003218920887,  1129,68,07:41:19,07:43:45,   146, 74.73, 73.74,TEST  ,  0.99,  0.000,  0.00,  0.000,  0.000,  0.000,  0.000
840003234513799,  1407,69,07:37:52,07:43:53,   361, 86.66, 85.04,TEST  ,  1.62,  0.000,  0.00,  0.000,  0.000,  0.000,  0.000
840003218920887,  1129,69,07:43:53,07:43:58,     5, 85.04, 85.06,TEST  , -0.02,  0.000,  0.00,  0.000,  0.000,  0.000,  0.000
840003218920887,  1129,69,07:44:04,07:44:10,     6, 85.05, 85.02,TEST  ,  0.03,  0.000,  0.00,  0.000,  0.000,  0.000,  0.000
840003268256441,  1148,20,07:40:39,07:45:29,   290,  7.90,  6.70,LS    ,  1.20,  0.000,  0.00,  0.000,  0.000,  0.000,  0.000
840003274076117,  9785,12,07:39:13,07:45:58,   405,  6.80,  4.70,LS    ,  2.10,  0.000,  0.00,  0.000,  0.000,  0.000,  0.000
840003234513990,  1598,11,07:41:29,07:46:14,   285,  9.50,  8.40,LS    ,  1.10,  0.000,  0.00,  0.000,  0.000,  0.000,  0.000
840003205049486,  9600,71,07:42:58,07:46:20,   202, 88.59, 87.29,TEST  ,  1.30,  0.000,  0.00,  0.000,  0.000,  0.000,  0.000
840003211747935,  9906,15,07:41:02,07:46:34,   332,  8.00,  6.60,LS    ,  1.40,  0.000,  0.00,  0.000,  0.000,  0.000,  0.000
840003211747935,  9906,15,07:47:06,07:47:16,    10,  6.60,  6.60,LS    ,  0.00,  0.000,  0.00,  0.000,  0.000,  0.000,  0.000
840003250681656,  1641, 5,07:32:01,07:47:33,   932, 19.60, 16.20,HS    ,  3.40,  0.000,  0.00,  0.000,  0.000,  0.000,  0.000
840003218920887,  1129,69,07:44:10,07:48:41,   271, 84.98, 83.52,TEST  ,  1.46,  0.000,  0.00,  0.000,  0.000,  0.000,  0.000
840003234513923,  1531,13,07:41:19,07:49:25,   486, 10.50,  9.20,HS    ,  1.30,  0.000,  0.00,  0.000,  0.000,  0.000,  0.000
840003211747935,  9906,15,07:47:41,07:49:30,   109,  6.70,  6.10,LS    ,  0.60,  0.000,  0.00,  0.000,  0.000,  0.000,  0.000
840003234513990,  1598,12,07:47:07,07:49:41,   154,  5.10,  4.30,LS    ,  0.80,  0.000,  0.00,  0.000,  0.000,  0.000,  0.000
840003218921056,  1298,81,07:32:40,07:50:47,  1087, 97.42, 91.53,TEST  ,  5.89,  0.000,  0.00,  0.000,  0.000,  0.000,  0.000
840003250681673,  1658, 8,07:32:47,07:50:46,  1079, 18.00, 13.80,HS    ,  4.20,  0.000,  0.00,  0.000,  0.000,  0.000,  0.000
840003218921056,  1298,81,07:50:48,07:51:00,    12, 91.53, 91.49,TEST  ,  0.04,  0.000,  0.00,  0.000,  0.000,  0.000,  0.000
840003274076117,  9785,11,07:46:25,07:50:56,   271,  8.30,  7.10,LS    ,  1.20,  0.000,  0.00,  0.000,  0.000,  0.000,  0.000
840003287325013,  9824, 9,07:33:10,07:51:07,  1077,  4.00, -0.20,HS    ,  4.20,  0.000,  0.00,  0.000,  0.000,  0.000,  0.000
840003218921056,  1298,81,07:51:05,07:51:14,     9, 91.48, 91.48,TEST  ,  0.00,  0.000,  0.00,  0.000,  0.000,  0.000,  0.000
840003287325039,  1348,63,07:34:59,07:52:53,  1074, 89.14, 85.12,TEST  ,  4.02,  0.000,  0.00,  0.000,  0.000,  0.000,  0.000
840003211747935,  9906,27,07:50:26,07:52:54,   148, 13.10, 12.90,LS    ,  0.20,  0.000,  0.00,  0.000,  0.000,  0.000,  0.000
840003250681656,  1641, 6,07:52:55,07:53:00,     5,  8.80,  8.80,LS    ,  0.00,  0.000,  0.00,  0.000,  0.000,  0.000,  0.000
840003218920887,  1129,69,07:48:43,07:53:09,   266, 83.51, 82.18,TEST  ,  1.33,  0.000,  0.00,  0.000,  0.000,  0.000,  0.000
840003234513799,  1407,68,07:44:09,07:53:09,   540, 73.76, 71.79,TEST  ,  1.97,  0.000,  0.00,  0.000,  0.000,  0.000,  0.000
840003274076117,  9785, 7,07:51:38,07:53:07,    89,  4.10,  3.70,LS    ,  0.40,  0.000,  0.00,  0.000,  0.000,  0.000,  0.000
840003234513799,  1407,68,07:53:12,07:53:18,     6, 71.79, 71.80,TEST  , -0.01,  0.000,  0.00,  0.000,  0.000,  0.000,  0.000
840003287325013,  9824, 8,07:51:22,07:53:29,   127, 13.80, 13.00,HS    ,  0.80,  0.000,  0.00,  0.000,  0.000,  0.000,  0.000
840003250681656,  1641, 9,07:53:36,07:53:39,     3, -0.20, -0.20,HS    ,  0.00,  0.000,  0.00,  0.000,  0.000,  0.000,  0.000
840003218920887,  1129,69,07:54:15,07:54:23,     8, 82.19, 82.18,TEST  ,  0.01,  0.000,  0.00,  0.000,  0.000,  0.000,  0.000
840003234513850,  1458,80,07:42:13,07:54:32,   739, 96.64, 92.75,TEST  ,  3.89,  0.000,  0.00,  0.000,  0.000,  0.000,  0.000
840003218921056,  1298,81,07:51:14,07:54:39,   205, 91.48, 90.72,TEST  ,  0.76,  0.000,  0.00,  0.000,  0.000,  0.000,  0.000
840003218921056,  1298,81,07:54:49,07:54:54,     5, 90.73, 90.76,TEST  , -0.03,  0.000,  0.00,  0.000,  0.000,  0.000,  0.000
840003234513850,  1458,83,07:54:52,07:54:58,     6, 89.63, 89.63,TEST  ,  0.00,  0.000,  0.00,  0.000,  0.000,  0.000,  0.000
840003234513923,  1531,13,07:50:08,07:54:53,   285,  9.20,  8.70,HS    ,  0.50,  0.000,  0.00,  0.000,  0.000,  0.000,  0.000
840003234513850,  1458,83,07:54:58,07:55:09,    11, 89.64, 89.63,TEST  ,  0.01,  0.000,  0.00,  0.000,  0.000,  0.000,  0.000
840003234513799,  1407,69,07:55:06,07:55:11,     5, 82.19, 82.20,TEST  , -0.01,  0.000,  0.00,  0.000,  0.000,  0.000,  0.000
840003234513990,  1598,15,07:50:02,07:55:09,   307,  6.10,  5.20,LS    ,  0.90,  0.000,  0.00,  0.000,  0.000,  0.000,  0.000
840003250681656,  1641,17,07:54:01,07:55:26,    85, 11.30, 11.10,HS    ,  0.20,  0.000,  0.00,  0.000,  0.000,  0.000,  0.000
840003250681656,  1641,24,07:55:39,07:55:43,     4,  1.10,  1.10,HS    ,  0.00,  0.000,  0.00,  0.000,  0.000,  0.000,  0.000
840003218920820,  1062,27,07:54:03,07:55:52,   109, 12.90, 12.40,LS    ,  0.50,  0.000,  0.00,  0.000,  0.000,  0.000,  0.000
840003287324990,  9827,31,07:52:54,07:55:56,   182,  5.70,  4.90,LS    ,  0.80,  0.000,  0.00,  0.000,  0.000,  0.000,  0.000
840003218921056,  1298,81,07:54:55,07:56:23,    88, 90.76, 90.19,TEST  ,  0.57,  0.000,  0.00,  0.000,  0.000,  0.000,  0.000
840003234513850,  1458,80,07:56:02,07:57:03,    61, 92.76, 92.52,TEST  ,  0.24,  0.000,  0.00,  0.000,  0.000,  0.000,  0.000
840003234513799,  1407,69,07:55:24,07:57:04,   100, 82.03, 81.71,TEST  ,  0.32,  0.000,  0.00,  0.000,  0.000,  0.000,  0.000
840003287324998,  9295,82,07:38:50,07:57:18,  1108, 88.03, 80.61,TEST  ,  7.42,  0.000,  0.00,  0.000,  0.000,  0.000,  0.000
840003274076117,  9785, 6,07:53:30,07:57:14,   224,  8.80,  7.80,LS    ,  1.00,  0.000,  0.00,  0.000,  0.000,  0.000,  0.000
840003274076117,  9785, 7,07:57:20,07:57:30,    10,  3.70,  3.70,LS    ,  0.00,  0.000,  0.00,  0.000,  0.000,  0.000,  0.000
840003234513990,  1598,12,07:55:29,07:58:00,   151,  4.30,  3.90,LS    ,  0.40,  0.000,  0.00,  0.000,  0.000,  0.000,  0.000
840003218920983,  1225, 6,07:57:25,07:59:10,   105,  7.80,  7.30,LS    ,  0.50,  0.000,  0.00,  0.000,  0.000,  0.000,  0.000
840003211747935,  9906,31,07:57:28,07:59:23,   115,  4.90,  4.40,LS    ,  0.50,  0.000,  0.00,  0.000,  0.000,  0.000,  0.000
840003218920983,  1225,12,07:59:42,07:59:48,     6,  4.00,  3.90,LS    ,  0.10,  0.000,  0.00,  0.000,  0.000,  0.000,  0.000
840003218920873,  1115,29,07:33:20,07:59:48,  1588, 15.70, 11.00,HS    ,  4.70,  0.000,  0.00,  0.000,  0.000,  0.000,  0.000
840003211747935,  9906,30,07:59:51,07:59:54,     3, 10.80, 10.80,HS    ,  0.00,  0.000,  0.00,  0.000,  0.000,  0.000,  0.000
840003234513923,  1531,17,07:55:36,08:00:26,   290, 11.10, 10.30,HS    ,  0.80,  0.000,  0.00,  0.000,  0.000,  0.000,  0.000
840003234513923,  1531,22,08:00:44,08:01:01,    17,  2.70,  2.70,HS    ,  0.00,  0.000,  0.00,  0.000,  0.000,  0.000,  0.000
840003205049486,  9600,72,07:46:23,08:01:21,   898, 95.08, 90.14,TEST  ,  4.94,  0.000,  0.00,  0.000,  0.000,  0.000,  0.000
840003274076117,  9785,19,08:01:04,08:01:26,    22,  2.80,  2.80,LS    ,  0.00,  0.000,  0.00,  0.000,  0.000,  0.000,  0.000
840003211747927,  9898,71,07:46:20,08:03:01,  1001, 87.29, 80.84,TEST  ,  6.45,  0.000,  0.00,  0.000,  0.000,  0.000,  0.000
840003287324997,  1371,67,07:40:47,08:03:05,  1338, 77.59, 70.65,TEST  ,  6.94,  0.000,  0.00,  0.000,  0.000,  0.000,  0.000
840003274076117,  9785,20,08:01:32,08:04:04,   152,  6.70,  6.20,LS    ,  0.50,  0.000,  0.00,  0.000,  0.000,  0.000,  0.000
840003234513990,  1598,11,07:59:00,08:04:28,   328,  7.10,  6.10,LS    ,  1.00,  0.000,  0.00,  0.000,  0.000,  0.000,  0.000
840003218920983,  1225,18,08:00:38,08:04:27,   229, 11.40, 10.30,LS    ,  1.10,  0.000,  0.00,  0.000,  0.000,  0.000,  0.000
840003287324990,  9827,23,08:02:16,08:04:45,   149,  4.40,  3.80,LS    ,  0.60,  0.000,  0.00,  0.000,  0.000,  0.000,  0.000
840003274076117,  9785,30,08:04:45,08:04:53,     8, 10.80, 10.80,HS    ,  0.00,  0.000,  0.00,  0.000,  0.000,  0.000,  0.000
840003250681646,  1631,32,08:04:32,08:04:57,    25, 52.30, 52.30,HS    ,  0.00,  0.000,  0.00,  0.000,  0.000,  0.000,  0.000
840003250681649,  1634,27,08:01:29,08:05:06,   217, 12.30, 11.30,LS    ,  1.00,  0.000,  0.00,  0.000,  0.000,  0.000,  0.000
840003205049486,  9600,68,08:06:08,08:06:13,     5, 71.80, 71.80,TEST  ,  0.00,  0.000,  0.00,  0.000,  0.000,  0.000,  0.000
840003234513850,  1458,70,07:58:25,08:06:22,   477, 93.98, 92.29,TEST  ,  1.69,  0.000,  0.00,  0.000,  0.000,  0.000,  0.000
840003211747935,  9906,28,08:00:09,08:06:47,   398,  7.50,  5.80,LS    ,  1.70,  0.000,  0.00,  0.000,  0.000,  0.000,  0.000
840003218920983,  1225,27,08:05:17,08:06:54,    97, 11.30, 11.00,LS    ,  0.30,  0.000,  0.00,  0.000,  0.000,  0.000,  0.000
840003287324990,  9827,23,08:05:04,08:07:06,   122,  3.80,  3.30,LS    ,  0.50,  0.000,  0.00,  0.000,  0.000,  0.000,  0.000
840003218920939,  1181, 2,08:05:52,08:07:17,    85,  0.10,  0.10,LS    ,  0.00,  0.000,  0.00,  0.000,  0.000,  0.000,  0.000
840003274076117,  9785,31,08:06:15,08:07:49,    94,  4.40,  4.20,LS    ,  0.20,  0.000,  0.00,  0.000,  0.000,  0.000,  0.000
840003218920887,  1129,73,07:55:10,08:08:41,   811, 83.87, 80.88,TEST  ,  2.99,  0.000,  0.00,  0.000,  0.000,  0.000,  0.000
840003218920887,  1129,74,08:08:46,08:08:51,     5, 86.18, 86.21,TEST  , -0.03,  0.000,  0.00,  0.000,  0.000,  0.000,  0.000
840003211747927,  9898,72,08:03:25,08:09:12,   347, 90.15, 88.34,TEST  ,  1.81,  0.000,  0.00,  0.000,  0.000,  0.000,  0.000
840003218920939,  1181, 3,08:07:25,08:09:18,   113, -0.10, -0.30,LS    ,  0.20,  0.000,  0.00,  0.000,  0.000,  0.000,  0.000
840003234513850,  1458,71,08:06:31,08:09:45,   194, 80.83, 80.15,TEST  ,  0.68,  0.000,  0.00,  0.000,  0.000,  0.000,  0.000
840003234513850,  1458,71,08:09:46,08:09:51,     5, 80.15, 80.14,TEST  ,  0.01,  0.000,  0.00,  0.000,  0.000,  0.000,  0.000
840003287324998,  9295,64,08:03:43,08:10:04,   381, 93.40, 91.53,TEST  ,  1.87,  0.000,  0.00,  0.000,  0.000,  0.000,  0.000
840003274076181,  9663,53,08:10:46,08:10:51,     5,103.37,103.29,TEST  ,  0.08,  0.000,  0.00,  0.000,  0.000,  0.000,  0.000
840003211747935,  9906,27,08:07:12,08:11:01,   229, 10.90, 10.10,LS    ,  0.80,  0.000,  0.00,  0.000,  0.000,  0.000,  0.000
840003218920939,  1181, 6,08:09:31,08:11:59,   148,  7.30,  6.70,LS    ,  0.60,  0.000,  0.00,  0.000,  0.000,  0.000,  0.000
840003234513923,  1531,32,08:08:33,08:12:11,   218, 52.30, 51.70,HS    ,  0.60,  0.000,  0.00,  0.000,  0.000,  0.000,  0.000
840003250681649,  1634,20,08:05:36,08:12:30,   414,  6.20,  4.50,LS    ,  1.70,  0.000,  0.00,  0.000,  0.000,  0.000,  0.000
840003234513990,  1598, 7,08:04:51,08:12:46,   475,  3.70,  2.20,LS    ,  1.50,  0.000,  0.00,  0.000,  0.000,  0.000,  0.000
840003218920990,  1232, 9,08:12:50,08:12:54,     4, -0.20, -0.20,HS    ,  0.00,  0.000,  0.00,  0.000,  0.000,  0.000,  0.000
840003250681649,  1634,19,08:12:38,08:12:57,    19,  2.80,  2.80,LS    ,  0.00,  0.000,  0.00,  0.000,  0.000,  0.000,  0.000
840003218920983,  1225,18,08:07:31,08:13:09,   338, 10.30,  8.80,LS    ,  1.50,  0.000,  0.00,  0.000,  0.000,  0.000,  0.000
840003250681627,  1612,11,08:04:38,08:13:36,   538,  6.10,  4.00,LS    ,  2.10,  0.000,  0.00,  0.000,  0.000,  0.000,  0.000
840003287324990,  9827,15,08:08:37,08:13:40,   303,  5.20,  3.90,LS    ,  1.30,  0.000,  0.00,  0.000,  0.000,  0.000,  0.000
840003250681627,  1612,10,08:13:46,08:13:58,    12, -0.40, -0.40,LS    ,  0.00,  0.000,  0.00,  0.000,  0.000,  0.000,  0.000
840003205049486,  9600,68,08:06:14,08:14:27,   493, 71.80, 69.31,TEST  ,  2.49,  0.000,  0.00,  0.000,  0.000,  0.000,  0.000
840003205049486,  9600,68,08:14:29,08:14:34,     5, 69.32, 69.32,TEST  ,  0.00,  0.000,  0.00,  0.000,  0.000,  0.000,  0.000
840003211747935,  9906,18,08:13:19,08:15:21,   122,  8.80,  8.40,LS    ,  0.40,  0.000,  0.00,  0.000,  0.000,  0.000,  0.000
840003250681627,  1612, 3,08:14:33,08:16:06,    93, -0.30, -0.40,LS    ,  0.10,  0.000,  0.00,  0.000,  0.000,  0.000,  0.000
840003250681656,  1641,29,08:00:31,08:16:09,   938, 10.80,  9.70,HS    ,  1.10,  0.000,  0.00,  0.000,  0.000,  0.000,  0.000
840003234513990,  1598, 6,08:14:06,08:16:30,   144,  6.70,  6.20,LS    ,  0.50,  0.000,  0.00,  0.000,  0.000,  0.000,  0.000
840003268256482,  9300,31,08:16:03,08:16:32,    29,  4.20,  4.10,LS    ,  0.10,  0.000,  0.00,  0.000,  0.000,  0.000,  0.000
840003250681646,  1631,30,08:05:40,08:16:41,   661, 10.80,  8.00,HS    ,  2.80,  0.000,  0.00,  0.000,  0.000,  0.000,  0.000
840003211747935,  9906, 2,08:16:30,08:16:42,    12,  0.10,  0.10,LS    ,  0.00,  0.000,  0.00,  0.000,  0.000,  0.000,  0.000
840003218920939,  1181, 7,08:13:56,08:16:46,   170,  2.20,  1.80,LS    ,  0.40,  0.000,  0.00,  0.000,  0.000,  0.000,  0.000
840003218920887,  1129,74,08:09:14,08:17:10,   476, 86.03, 84.22,TEST  ,  1.81,  0.000,  0.00,  0.000,  0.000,  0.000,  0.000
840003287324990,  9827,12,08:13:53,08:17:16,   203,  4.40,  2.80,LS    ,  1.60,  0.000,  0.00,  0.000,  0.000,  0.000,  0.000
840003250681627,  1612, 6,08:16:39,08:17:17,    38,  6.20,  6.00,LS    ,  0.20,  0.000,  0.00,  0.000,  0.000,  0.000,  0.000
840003218920983,  1225, 7,08:17:40,08:17:44,     4,  1.80,  1.80,LS    ,  0.00,  0.000,  0.00,  0.000,  0.000,  0.000,  0.000
840003218920990,  1232, 8,08:13:02,08:17:47,   285, 13.00, 11.20,HS    ,  1.80,  0.000,  0.00,  0.000,  0.000,  0.000,  0.000
840003250681649,  1634,11,08:13:46,08:17:50,   244,  4.00,  2.80,LS    ,  1.20,  0.000,  0.00,  0.000,  0.000,  0.000,  0.000
840003234513990,  1598, 3,08:17:21,08:18:03,    42, -0.40, -0.40,LS    ,  0.00,  0.000,  0.00,  0.000,  0.000,  0.000,  0.000
840003287324990,  9827,11,08:18:00,08:18:11,    11,  2.80,  2.80,LS    ,  0.00,  0.000,  0.00,  0.000,  0.000,  0.000,  0.000
840003218920990,  1232, 4,08:18:10,08:18:20,    10,  1.90,  1.90,HS    ,  0.00,  0.000,  0.00,  0.000,  0.000,  0.000,  0.000
840003250681627,  1612,15,08:18:01,08:18:47,    46,  3.90,  3.70,LS    ,  0.20,  0.000,  0.00,  0.000,  0.000,  0.000,  0.000
840003250681656,  1641,17,08:17:46,08:19:00,    74, 10.20,  9.80,HS    ,  0.40,  0.000,  0.00,  0.000,  0.000,  0.000,  0.000
840003268256482,  9300,27,08:17:27,08:20:01,   154, 10.00,  9.40,LS    ,  0.60,  0.000,  0.00,  0.000,  0.000,  0.000,  0.000
840003211747935,  9906, 6,08:17:29,08:20:09,   160,  6.00,  5.40,LS    ,  0.60,  0.000,  0.00,  0.000,  0.000,  0.000,  0.000
840003287324990,  9827,19,08:18:33,08:20:47,   134,  2.80,  2.10,LS    ,  0.70,  0.000,  0.00,  0.000,  0.000,  0.000,  0.000
840003218920961,  1203,69,08:20:48,08:20:53,     5, 80.14, 80.32,TEST  , -0.18,  0.000,  0.00,  0.000,  0.000,  0.000,  0.000
840003218920939,  1181, 2,08:21:04,08:21:09,     5,  0.10,  0.00,LS    ,  0.10,  0.000,  0.00,  0.000,  0.000,  0.000,  0.000
840003218920990,  1232, 1,08:18:54,08:21:13,   139, 19.20, 18.20,HS    ,  1.00,  0.000,  0.00,  0.000,  0.000,  0.000,  0.000
840003211747935,  9906, 6,08:20:57,08:21:41,    44,  5.30,  5.20,LS    ,  0.10,  0.000,  0.00,  0.000,  0.000,  0.000,  0.000
840003218920939,  1181, 3,08:22:01,08:22:10,     9, -0.40, -0.40,LS    ,  0.00,  0.000,  0.00,  0.000,  0.000,  0.000,  0.000
840003274076181,  9663,53,08:10:51,08:22:15,   684,103.29, 98.42,TEST  ,  4.87,  0.000,  0.00,  0.000,  0.000,  0.000,  0.000
840003234513850,  1458,76,08:18:47,08:22:23,   216, 92.50, 91.67,TEST  ,  0.83,  0.000,  0.00,  0.000,  0.000,  0.000,  0.000
840003234513850,  1458,76,08:22:24,08:22:29,     5, 91.67, 91.70,TEST  , -0.03,  0.000,  0.00,  0.000,  0.000,  0.000,  0.000
840003250681820,  1805,54,08:14:14,08:22:53,   519, 88.09, 84.56,TEST  ,  3.53,  0.000,  0.00,  0.000,  0.000,  0.000,  0.000
840003250681820,  1805,54,08:23:04,08:23:13,     9, 84.57, 84.66,TEST  , -0.09,  0.000,  0.00,  0.000,  0.000,  0.000,  0.000
840003218920939,  1181,32,08:23:06,08:23:13,     7, 51.80, 51.80,HS    ,  0.00,  0.000,  0.00,  0.000,  0.000,  0.000,  0.000
840003250681791,  1776,82,08:18:37,08:23:20,   283, 80.60, 79.59,TEST  ,  1.01,  0.000,  0.00,  0.000,  0.000,  0.000,  0.000
840003250681644,  1629,13,08:21:15,08:23:16,   121,  8.70,  8.30,HS    ,  0.40,  0.000,  0.00,  0.000,  0.000,  0.000,  0.000
840003218920939,  1181,31,08:23:19,08:23:31,    12,  4.10,  4.10,LS    ,  0.00,  0.000,  0.00,  0.000,  0.000,  0.000,  0.000
840003234513850,  1458,76,08:22:37,08:23:47,    70, 91.59, 91.28,TEST  ,  0.31,  0.000,  0.00,  0.000,  0.000,  0.000,  0.000
840003218920767,  1009,81,08:20:37,08:23:58,   201, 90.17, 88.73,TEST  ,  1.44,  0.000,  0.00,  0.000,  0.000,  0.000,  0.000
840003250681627,  1612,23,08:19:10,08:23:56,   286,  3.20,  2.40,LS    ,  0.80,  0.000,  0.00,  0.000,  0.000,  0.000,  0.000
840003250681649,  1634, 7,08:18:16,08:23:58,   342,  1.90,  0.50,LS    ,  1.40,  0.000,  0.00,  0.000,  0.000,  0.000,  0.000
840003250681787,  1772,80,08:22:14,08:24:03,   109, 92.51, 91.72,TEST  ,  0.79,  0.000,  0.00,  0.000,  0.000,  0.000,  0.000
840003250681820,  1805,54,08:23:17,08:24:03,    46, 84.41, 84.19,TEST  ,  0.22,  0.000,  0.00,  0.000,  0.000,  0.000,  0.000
840003287324997,  1371,79,08:23:11,08:24:07,    56,101.73,101.45,TEST  ,  0.28,  0.000,  0.00,  0.000,  0.000,  0.000,  0.000
840003211747935,  9906, 6,08:22:25,08:24:15,   110,  5.20,  4.90,LS    ,  0.30,  0.000,  0.00,  0.000,  0.000,  0.000,  0.000
840003250681646,  1631,21,08:17:35,08:24:35,   420,  5.20,  3.90,HS    ,  1.30,  0.000,  0.00,  0.000,  0.000,  0.000,  0.000
840003234513833,  1441,67,08:24:14,08:24:50,    36, 70.64, 70.36,TEST  ,  0.28,  0.000,  0.00,  0.000,  0.000,  0.000,  0.000
840003250681649,  1634, 3,08:24:13,08:24:45,    32, -0.40, -0.50,LS    ,  0.10,  0.000,  0.00,  0.000,  0.000,  0.000,  0.000
840003250681783,  1768,66,08:24:44,08:24:51,     7, 88.19, 88.18,TEST  ,  0.01,  0.000,  0.00,  0.000,  0.000,  0.000,  0.000
840003218920961,  1203,69,08:20:54,08:24:58,   244, 80.32, 78.09,TEST  ,  2.23,  0.000,  0.00,  0.000,  0.000,  0.000,  0.000
840003250681787,  1772,59,08:24:57,08:25:04,     7,101.91,101.91,TEST  ,  0.00,  0.000,  0.00,  0.000,  0.000,  0.000,  0.000
840003274076181,  9663,53,08:22:19,08:25:18,   179, 98.41, 97.23,TEST  ,  1.18,  0.000,  0.00,  0.000,  0.000,  0.000,  0.000
840003205049486,  9600,54,08:24:07,08:25:26,    79, 84.19, 83.64,TEST  ,  0.55,  0.000,  0.00,  0.000,  0.000,  0.000,  0.000
840003218920983,  1225,18,08:19:09,08:25:23,   374,  8.40,  6.60,LS    ,  1.80,  0.000,  0.00,  0.000,  0.000,  0.000,  0.000
840003250681646,  1631,17,08:25:15,08:25:30,    15,  9.80,  9.80,HS    ,  0.00,  0.000,  0.00,  0.000,  0.000,  0.000,  0.000
840003250681783,  1768,59,08:25:05,08:25:37,    32,101.91,101.66,TEST  ,  0.25,  0.000,  0.00,  0.000,  0.000,  0.000,  0.000
840003250681656,  1641,14,08:21:29,08:25:39,   250,  5.30,  4.50,HS    ,  0.80,  0.000,  0.00,  0.000,  0.000,  0.000,  0.000
840003250681649,  1634,11,08:25:35,08:26:53,    78,  2.80,  2.40,LS    ,  0.40,  0.000,  0.00,  0.000,  0.000,  0.000,  0.000
840003211747935,  9906, 6,08:25:27,08:27:21,   114,  4.90,  4.40,LS    ,  0.50,  0.000,  0.00,  0.000,  0.000,  0.000,  0.000
840003218920939,  1181,23,08:24:06,08:27:31,   205,  2.40,  1.90,LS    ,  0.50,  0.000,  0.00,  0.000,  0.000,  0.000,  0.000
840003218920939,  1181,20,08:27:44,08:27:52,     8,  4.50,  4.50,LS    ,  0.00,  0.000,  0.00,  0.000,  0.000,  0.000,  0.000
840003268256482,  9300,19,08:20:59,08:27:57,   418,  2.20,  0.80,LS    ,  1.40,  0.000,  0.00,  0.000,  0.000,  0.000,  0.000
840003218920990,  1232, 1,08:22:05,08:29:10,   425, 18.20, 16.00,HS    ,  2.20,  0.000,  0.00,  0.000,  0.000,  0.000,  0.000
840003250681644,  1629, 8,08:24:38,08:29:40,   302, 11.20, 10.10,HS    ,  1.10,  0.000,  0.00,  0.000,  0.000,  0.000,  0.000
840003218920990,  1232, 2,08:29:59,08:30:19,    20,  0.00,  0.00,LS    ,  0.00,  0.000,  0.00,  0.000,  0.000,  0.000,  0.000
840003250681649,  1634,11,08:27:24,08:30:26,   182,  2.40,  1.80,LS    ,  0.60,  0.000,  0.00,  0.000,  0.000,  0.000,  0.000
840003287324990,  9827,28,08:21:43,08:30:26,   523,  5.80,  3.30,LS    ,  2.50,  0.000,  0.00,  0.000,  0.000,  0.000,  0.000
840003250681627,  1612,25,08:24:10,08:30:37,   387,  2.10,  0.90,LS    ,  1.20,  0.000,  0.00,  0.000,  0.000,  0.000,  0.000
840003211747935,  9906, 1,08:31:14,08:31:31,    17, 16.00, 16.00,HS    ,  0.00,  0.000,  0.00,  0.000,  0.000,  0.000,  0.000
840003268256482,  9300,12,08:28:15,08:31:34,   199,  3.40,  2.20,LS    ,  1.20,  0.000,  0.00,  0.000,  0.000,  0.000,  0.000
840003250681627,  1612,25,08:30:48,08:32:05,    77,  0.90,  0.70,LS    ,  0.20,  0.000,  0.00,  0.000,  0.000,  0.000,  0.000
840003218920983,  1225, 6,08:27:46,08:32:05,   259,  4.40,  3.70,LS    ,  0.70,  0.000,  0.00,  0.000,  0.000,  0.000,  0.000
840003268256482,  9300, 7,08:31:52,08:32:13,    21,  0.50,  0.40,LS    ,  0.10,  0.000,  0.00,  0.000,  0.000,  0.000,  0.000
840003250681644,  1629,14,08:30:49,08:32:40,   111,  4.50,  4.10,HS    ,  0.40,  0.000,  0.00,  0.000,  0.000,  0.000,  0.000
840003250681646,  1631,17,08:25:49,08:32:59,   430,  9.80,  8.20,HS    ,  1.60,  0.000,  0.00,  0.000,  0.000,  0.000,  0.000
840003234513973,  1581,31,08:31:58,08:33:08,    70,  4.10,  4.00,LS    ,  0.10,  0.000,  0.00,  0.000,  0.000,  0.000,  0.000
840003250681649,  1634,15,08:30:43,08:33:15,   152,  3.70,  3.10,LS    ,  0.60,  0.000,  0.00,  0.000,  0.000,  0.000,  0.000
840003218920990,  1232, 4,08:30:57,08:33:15,   138,  1.90,  1.10,HS    ,  0.80,  0.000,  0.00,  0.000,  0.000,  0.000,  0.000
840003268256482,  9300, 6,08:32:33,08:33:16,    43,  3.70,  3.60,LS    ,  0.10,  0.000,  0.00,  0.000,  0.000,  0.000,  0.000
840003287324990,  9827,28,08:32:08,08:33:18,    70,  3.30,  2.90,LS    ,  0.40,  0.000,  0.00,  0.000,  0.000,  0.000,  0.000
840003287325014,  9956,12,08:34:13,08:34:25,    12,  2.40,  2.40,LS    ,  0.00,  0.000,  0.00,  0.000,  0.000,  0.000,  0.000
840003274076149,  9436,16,08:27:00,08:34:50,   470, 19.30, 15.50,HS    ,  3.80,  0.000,  0.00,  0.000,  0.000,  0.000,  0.000
840003250681627,  1612,27,08:32:16,08:35:40,   204,  9.30,  8.50,LS    ,  0.80,  0.000,  0.00,  0.000,  0.000,  0.000,  0.000
840003250681646,  1631,10,08:35:47,08:35:57,    10, -0.40, -0.40,LS    ,  0.00,  0.000,  0.00,  0.000,  0.000,  0.000,  0.000
840003250681638,  1623, 1,08:36:10,08:36:36,    26, 16.00, 16.00,HS    ,  0.00,  0.000,  0.00,  0.000,  0.000,  0.000,  0.000
840003218920990,  1232, 4,08:36:33,08:36:53,    20,  1.10,  1.00,HS    ,  0.10,  0.000,  0.00,  0.000,  0.000,  0.000,  0.000
840003250681646,  1631, 9,08:36:04,08:36:57,    53, -0.20, -0.20,HS    ,  0.00,  0.000,  0.00,  0.000,  0.000,  0.000,  0.000
840003250681649,  1634,19,08:35:02,08:37:00,   118,  0.80,  0.40,LS    ,  0.40,  0.000,  0.00,  0.000,  0.000,  0.000,  0.000
840003250681656,  1641, 5,08:28:36,08:37:05,   509, 16.20, 14.50,HS    ,  1.70,  0.000,  0.00,  0.000,  0.000,  0.000,  0.000
840003218920990,  1232, 6,08:37:06,08:37:10,     4,  3.60,  3.60,LS    ,  0.00,  0.000,  0.00,  0.000,  0.000,  0.000,  0.000
840003250681646,  1631, 8,08:37:12,08:37:36,    24, 10.10, 10.10,HS    ,  0.00,  0.000,  0.00,  0.000,  0.000,  0.000,  0.000
840003250681656,  1641, 5,08:37:39,08:37:46,     7, 14.50, 14.50,HS    ,  0.00,  0.000,  0.00,  0.000,  0.000,  0.000,  0.000
840003234513973,  1581,28,08:35:32,08:38:28,   176,  2.90,  2.60,LS    ,  0.30,  0.000,  0.00,  0.000,  0.000,  0.000,  0.000
840003218920939,  1181,18,08:28:23,08:38:49,   626,  6.60,  4.70,LS    ,  1.90,  0.000,  0.00,  0.000,  0.000,  0.000,  0.000
840003287325014,  9956,27,08:35:51,08:38:49,   178,  8.80,  8.00,LS    ,  0.80,  0.000,  0.00,  0.000,  0.000,  0.000,  0.000
840003218920990,  1232, 8,08:37:46,08:38:54,    68, 10.10,  9.70,HS    ,  0.40,  0.000,  0.00,  0.000,  0.000,  0.000,  0.000
840003250681627,  1612,31,08:36:42,08:39:08,   146,  4.00,  3.50,LS    ,  0.50,  0.000,  0.00,  0.000,  0.000,  0.000,  0.000
840003250681656,  1641, 4,08:38:12,08:39:43,    91,  1.00,  0.70,HS    ,  0.30,  0.000,  0.00,  0.000,  0.000,  0.000,  0.000
840003234513973,  1581,32,08:39:32,08:39:49,    17, 51.80, 51.80,HS    ,  0.00,  0.000,  0.00,  0.000,  0.000,  0.000,  0.000
840003250681649,  1634,20,08:37:07,08:39:57,   170,  4.50,  3.80,LS    ,  0.70,  0.000,  0.00,  0.000,  0.000,  0.000,  0.000
840003250681644,  1629,17,08:33:44,08:40:03,   379,  8.20,  7.10,HS    ,  1.10,  0.000,  0.00,  0.000,  0.000,  0.000,  0.000
840003287325014,  9956,28,08:39:03,08:40:32,    89,  2.60,  2.30,LS    ,  0.30,  0.000,  0.00,  0.000,  0.000,  0.000,  0.000
840003250681649,  1634,23,08:40:13,08:41:05,    52,  1.90,  1.80,LS    ,  0.10,  0.000,  0.00,  0.000,  0.000,  0.000,  0.000
840003218920939,  1181,25,08:41:04,08:41:11,     7,  0.70,  0.70,LS    ,  0.00,  0.000,  0.00,  0.000,  0.000,  0.000,  0.000
840003287325014,  9956,23,08:41:16,08:41:28,    12,  1.80,  1.60,LS    ,  0.20,  0.000,  0.00,  0.000,  0.000,  0.000,  0.000
840003250681644,  1629,21,08:40:57,08:41:39,    42,  3.80,  3.70,HS    ,  0.10,  0.000,  0.00,  0.000,  0.000,  0.000,  0.000
840003250681638,  1623,23,08:41:39,08:41:52,    13,  1.60,  1.60,LS    ,  0.00,  0.000,  0.00,  0.000,  0.000,  0.000,  0.000
840003287325014,  9956,20,08:41:54,08:42:05,    11,  3.80,  3.70,LS    ,  0.10,  0.000,  0.00,  0.000,  0.000,  0.000,  0.000
840003250681656,  1641, 2,08:41:43,08:42:10,    27,  0.00,  0.10,LS    , -0.10,  0.000,  0.00,  0.000,  0.000,  0.000,  0.000
840003250681649,  1634,19,08:41:45,08:42:13,    28,  0.40,  0.30,LS    ,  0.10,  0.000,  0.00,  0.000,  0.000,  0.000,  0.000
840003287325014,  9956,18,08:42:14,08:42:28,    14,  4.70,  4.70,LS    ,  0.00,  0.000,  0.00,  0.000,  0.000,  0.000,  0.000
840003250681627,  1612,27,08:40:42,08:43:39,   177,  7.90,  7.20,LS    ,  0.70,  0.000,  0.00,  0.000,  0.000,  0.000,  0.000
840003250681644,  1629,22,08:42:57,08:44:42,   105,  2.70,  2.50,HS    ,  0.20,  0.000,  0.00,  0.000,  0.000,  0.000,  0.000
840003218920939,  1181,23,08:42:25,08:45:24,   179,  1.60,  1.20,LS    ,  0.40,  0.000,  0.00,  0.000,  0.000,  0.000,  0.000
840003287325014,  9956,12,08:42:44,08:45:38,   174,  2.60,  1.90,LS    ,  0.70,  0.000,  0.00,  0.000,  0.000,  0.000,  0.000
840003250681656,  1641, 1,08:42:18,08:45:46,   208, 16.00, 15.40,HS    ,  0.60,  0.000,  0.00,  0.000,  0.000,  0.000,  0.000
840003250681638,  1623,18,08:42:38,08:46:19,   221,  4.70,  3.90,LS    ,  0.80,  0.000,  0.00,  0.000,  0.000,  0.000,  0.000
840003287324983,  9870,31,08:44:03,08:46:34,   151,  3.50,  2.70,LS    ,  0.80,  0.000,  0.00,  0.000,  0.000,  0.000,  0.000
840003287325014,  9956,11,08:45:47,08:46:54,    67,  1.80,  1.50,LS    ,  0.30,  0.000,  0.00,  0.000,  0.000,  0.000,  0.000
840003218920990,  1232, 8,08:39:06,08:47:00,   474,  9.70,  7.40,HS    ,  2.30,  0.000,  0.00,  0.000,  0.000,  0.000,  0.000
840003218920939,  1181,18,08:46:28,08:47:44,    76,  3.90,  3.50,LS    ,  0.40,  0.000,  0.00,  0.000,  0.000,  0.000,  0.000
840003234513973,  1581, 6,08:42:00,08:48:05,   365,  3.60,  2.40,LS    ,  1.20,  0.000,  0.00,  0.000,  0.000,  0.000,  0.000
840003250681646,  1631, 5,08:38:04,08:48:12,   608, 14.50, 11.90,HS    ,  2.60,  0.000,  0.00,  0.000,  0.000,  0.000,  0.000
840003287325014,  9956,18,08:47:55,08:48:49,    54,  3.50,  3.30,LS    ,  0.20,  0.000,  0.00,  0.000,  0.000,  0.000,  0.000
840003218920939,  1181,20,08:48:02,08:48:56,    54,  3.70,  3.40,LS    ,  0.30,  0.000,  0.00,  0.000,  0.000,  0.000,  0.000
840003287324983,  9870,28,08:46:48,08:49:56,   188,  2.30,  1.40,LS    ,  0.90,  0.000,  0.00,  0.000,  0.000,  0.000,  0.000
840003218920990,  1232, 8,08:47:28,08:50:09,   161,  7.40,  6.70,HS    ,  0.70,  0.000,  0.00,  0.000,  0.000,  0.000,  0.000
840003250681649,  1634,31,08:49:35,08:50:11,    36,  2.70,  2.60,LS    ,  0.10,  0.000,  0.00,  0.000,  0.000,  0.000,  0.000
840003250681656,  1641, 1,08:46:29,08:50:13,   224, 15.40, 14.80,HS    ,  0.60,  0.000,  0.00,  0.000,  0.000,  0.000,  0.000
840003234513973,  1581, 2,08:49:49,08:50:37,    48,  0.00,  0.10,LS    , -0.10,  0.000,  0.00,  0.000,  0.000,  0.000,  0.000
840003250681638,  1623,11,08:47:06,08:51:47,   281,  1.50,  0.70,LS    ,  0.80,  0.000,  0.00,  0.000,  0.000,  0.000,  0.000
840003218920990,  1232, 8,08:50:42,08:52:05,    83,  6.70,  6.30,HS    ,  0.40,  0.000,  0.00,  0.000,  0.000,  0.000,  0.000
840003218920939,  1181,31,08:50:21,08:52:11,   110,  2.60,  2.30,LS    ,  0.30,  0.000,  0.00,  0.000,  0.000,  0.000,  0.000
840003250681646,  1631, 5,08:49:25,08:52:36,   191, 12.00, 11.10,HS    ,  0.90,  0.000,  0.00,  0.000,  0.000,  0.000,  0.000
840003287325014,  9956,20,08:49:06,08:53:03,   237,  3.40,  2.50,LS    ,  0.90,  0.000,  0.00,  0.000,  0.000,  0.000,  0.000
840003287324983,  9870,27,08:50:24,08:53:02,   158,  7.20,  6.20,LS    ,  1.00,  0.000,  0.00,  0.000,  0.000,  0.000,  0.000
840003218920939,  1181,27,08:53:13,08:53:36,    23,  6.20,  6.10,LS    ,  0.10,  0.000,  0.00,  0.000,  0.000,  0.000,  0.000
840003218920990,  1232, 5,08:52:46,08:54:06,    80, 11.10, 10.70,HS    ,  0.40,  0.000,  0.00,  0.000,  0.000,  0.000,  0.000
840003250681646,  1631, 4,08:52:45,08:54:22,    97,  0.70,  0.50,HS    ,  0.20,  0.000,  0.00,  0.000,  0.000,  0.000,  0.000
840003218920939,  1181,28,08:53:52,08:54:35,    43,  1.40,  1.30,LS    ,  0.10,  0.000,  0.00,  0.000,  0.000,  0.000,  0.000
840003287324983,  9870,20,08:53:41,08:55:09,    88,  2.50,  2.10,LS    ,  0.40,  0.000,  0.00,  0.000,  0.000,  0.000,  0.000
840003218920939,  1181,19,08:55:23,08:55:38,    15,  0.30,  0.30,LS    ,  0.00,  0.000,  0.00,  0.000,  0.000,  0.000,  0.000
840003287324983,  9870,18,08:55:33,08:55:44,    11,  3.30,  3.20,LS    ,  0.10,  0.000,  0.00,  0.000,  0.000,  0.000,  0.000
840003250681644,  1629,16,08:46:22,08:55:58,   576, 15.50, 13.00,HS    ,  2.50,  0.000,  0.00,  0.000,  0.000,  0.000,  0.000
840003287325014,  9956,27,08:53:46,08:58:03,   257,  6.00,  5.30,LS    ,  0.70,  0.000,  0.00,  0.000,  0.000,  0.000,  0.000
840003250681627,  1612,31,08:54:32,08:58:23,   231,  2.30,  1.40,LS    ,  0.90,  0.000,  0.00,  0.000,  0.000,  0.000,  0.000
840003234513973,  1581, 5,08:58:38,08:58:44,     6, 10.60, 10.60,HS    ,  0.00,  0.000,  0.00,  0.000,  0.000,  0.000,  0.000
840003250681638,  1623, 6,08:56:25,08:58:51,   146,  2.40,  1.90,LS    ,  0.50,  0.000,  0.00,  0.000,  0.000,  0.000,  0.000
840003287325014,  9956,32,08:58:48,08:59:03,    15, 51.70, 51.50,HS    ,  0.20,  0.000,  0.00,  0.000,  0.000,  0.000,  0.000
840003287325014,  9956,32,08:59:31,08:59:42,    11, 51.50, 51.20,HS    ,  0.30,  0.000,  0.00,  0.000,  0.000,  0.000,  0.000
840003287324988,  9593,57,08:56:50,08:59:48,   178,103.56,103.55,TEST  ,  0.01,  0.000,  0.00,  0.000,  0.000,  0.000,  0.000
840003234513973,  1581, 6,08:59:07,09:00:03,    56,  1.90,  1.70,LS    ,  0.20,  0.000,  0.00,  0.000,  0.000,  0.000,  0.000
840003211748008,  9979,54,08:56:50,09:00:18,   208, 83.63, 81.84,TEST  ,  1.79,  0.000,  0.00,  0.000,  0.000,  0.000,  0.000
840003234513850,  1458,57,08:59:49,09:00:39,    50,103.55,103.56,TEST  , -0.01,  0.000,  0.00,  0.000,  0.000,  0.000,  0.000
840003287325014,  9956,32,09:00:11,09:00:55,    44, 51.20, 50.70,HS    ,  0.50,  0.000,  0.00,  0.000,  0.000,  0.000,  0.000
840003234513873,  1481,55,08:56:44,09:01:10,   266, 97.58, 96.13,TEST  ,  1.45,  0.000,  0.00,  0.000,  0.000,  0.000,  0.000
840003234513873,  1481,55,09:01:11,09:01:16,     5, 96.13, 96.13,TEST  ,  0.00,  0.000,  0.00,  0.000,  0.000,  0.000,  0.000
840003287325014,  9956,32,09:01:22,09:01:49,    27, 50.70, 50.60,HS    ,  0.10,  0.000,  0.00,  0.000,  0.000,  0.000,  0.000
840003234513778,  1386,56,08:59:41,09:02:00,   139,102.47,101.41,TEST  ,  1.06,  0.000,  0.00,  0.000,  0.000,  0.000,  0.000
840003287324983,  9870,15,08:56:17,09:02:33,   376,  3.20,  1.90,LS    ,  1.30,  0.000,  0.00,  0.000,  0.000,  0.000,  0.000
840003250681646,  1631, 1,08:54:47,09:02:35,   468, 14.80, 13.10,HS    ,  1.70,  0.000,  0.00,  0.000,  0.000,  0.000,  0.000
840003218920939,  1181,18,08:55:55,09:02:52,   417,  3.20,  2.10,LS    ,  1.10,  0.000,  0.00,  0.000,  0.000,  0.000,  0.000
840003234513828,  1436,74,09:00:50,09:02:59,   129, 84.20, 83.19,TEST  ,  1.01,  0.000,  0.00,  0.000,  0.000,  0.000,  0.000
840003250681638,  1623,12,09:00:21,09:03:10,   169,  1.60,  1.10,LS    ,  0.50,  0.000,  0.00,  0.000,  0.000,  0.000,  0.000
840003287325014,  9956,32,09:02:51,09:03:19,    28, 50.50, 50.20,HS    ,  0.30,  0.000,  0.00,  0.000,  0.000,  0.000,  0.000
840003287324983,  9870,20,09:03:16,09:03:44,    28,  2.10,  2.10,LS    ,  0.00,  0.000,  0.00,  0.000,  0.000,  0.000,  0.000
840003250681644,  1629,13,08:59:43,09:03:53,   250,  8.30,  7.50,HS    ,  0.80,  0.000,  0.00,  0.000,  0.000,  0.000,  0.000
840003268256514,  9411,56,09:03:45,09:04:03,    18,101.41,101.28,TEST  ,  0.13,  0.000,  0.00,  0.000,  0.000,  0.000,  0.000
840003287325014,  9956,32,09:03:50,09:04:03,    13, 50.20, 50.00,HS    ,  0.20,  0.000,  0.00,  0.000,  0.000,  0.000,  0.000
840003250681627,  1612,27,08:59:12,09:04:03,   291,  5.30,  3.80,LS    ,  1.50,  0.000,  0.00,  0.000,  0.000,  0.000,  0.000
840003234513814,  1422,55,09:04:20,09:04:41,    21, 96.15, 95.96,TEST  ,  0.19,  0.000,  0.00,  0.000,  0.000,  0.000,  0.000
840003218920939,  1181,15,09:03:17,09:04:59,   102,  1.90,  1.70,LS    ,  0.20,  0.000,  0.00,  0.000,  0.000,  0.000,  0.000
840003287325014,  9956,32,09:04:32,09:05:00,    28, 50.00, 49.90,HS    ,  0.10,  0.000,  0.00,  0.000,  0.000,  0.000,  0.000
840003211748008,  9979,66,09:02:31,09:05:15,   164, 88.17, 87.05,TEST  ,  1.12,  0.000,  0.00,  0.000,  0.000,  0.000,  0.000
840003234513814,  1422,55,09:04:42,09:05:20,    38, 95.96, 95.59,TEST  ,  0.37,  0.000,  0.00,  0.000,  0.000,  0.000,  0.000
840003268256514,  9411,63,09:04:21,09:05:24,    63, 85.10, 84.50,TEST  ,  0.60,  0.000,  0.00,  0.000,  0.000,  0.000,  0.000
840003250681638,  1623, 2,09:05:13,09:05:33,    20,  0.10,  0.10,LS    ,  0.00,  0.000,  0.00,  0.000,  0.000,  0.000,  0.000
840003234513778,  1386,64,09:02:42,09:05:58,   196, 91.51, 90.07,TEST  ,  1.44,  0.000,  0.00,  0.000,  0.000,  0.000,  0.000
840003211748008,  9979,66,09:05:17,09:06:10,    53, 87.06, 86.77,TEST  ,  0.29,  0.000,  0.00,  0.000,  0.000,  0.000,  0.000
840003234513847,  1455,75,09:01:38,09:06:12,   274, 91.62, 89.25,TEST  ,  2.37,  0.000,  0.00,  0.000,  0.000,  0.000,  0.000
840003234513828,  1436,74,09:03:00,09:06:15,   195, 83.19, 82.21,TEST  ,  0.98,  0.000,  0.00,  0.000,  0.000,  0.000,  0.000
840003250681627,  1612,28,09:04:26,09:06:12,   106,  1.40,  1.10,LS    ,  0.30,  0.000,  0.00,  0.000,  0.000,  0.000,  0.000
840003287324983,  9870,27,09:04:12,09:06:18,   126,  3.80,  3.10,LS    ,  0.70,  0.000,  0.00,  0.000,  0.000,  0.000,  0.000
840003218920939,  1181,11,09:05:19,09:06:52,    93,  0.70,  0.40,LS    ,  0.30,  0.000,  0.00,  0.000,  0.000,  0.000,  0.000
840003250681644,  1629, 8,09:04:41,09:07:14,   153,  6.30,  5.90,HS    ,  0.40,  0.000,  0.00,  0.000,  0.000,  0.000,  0.000
840003250681638,  1623, 6,09:06:01,09:07:29,    88,  1.70,  1.40,LS    ,  0.30,  0.000,  0.00,  0.000,  0.000,  0.000,  0.000
840003287324988,  9593,83,09:06:41,09:08:20,    99, 89.61, 88.68,TEST  ,  0.93,  0.000,  0.00,  0.000,  0.000,  0.000,  0.000
840003287324993,  9134,69,09:00:29,09:08:22,   473, 78.08, 75.88,TEST  ,  2.20,  0.000,  0.00,  0.000,  0.000,  0.000,  0.000
840003250681788,  1773,54,09:03:01,09:08:30,   329, 81.86, 80.47,TEST  ,  1.39,  0.000,  0.00,  0.000,  0.000,  0.000,  0.000
840003234513850,  1458,71,09:00:49,09:09:05,   496, 80.13, 78.14,TEST  ,  1.99,  0.000,  0.00,  0.000,  0.000,  0.000,  0.000
840003274076179,  8966,73,08:59:20,09:09:28,   608, 80.88, 77.09,TEST  ,  3.79,  0.000,  0.00,  0.000,  0.000,  0.000,  0.000
840003234513893,  1501,72,08:59:09,09:09:37,   628, 88.31, 84.52,TEST  ,  3.79,  0.000,  0.00,  0.000,  0.000,  0.000,  0.000
840003211748008,  9979,57,09:00:41,09:10:10,   569,103.56,103.12,TEST  ,  0.44,  0.000,  0.00,  0.000,  0.000,  0.000,  0.000
840003250681783,  1768,55,09:10:10,09:10:21,    11, 95.59, 95.59,TEST  ,  0.00,  0.000,  0.00,  0.000,  0.000,  0.000,  0.000
840003234513828,  1436,78,09:07:08,09:10:24,   196, 98.90, 97.36,TEST  ,  1.54,  0.000,  0.00,  0.000,  0.000,  0.000,  0.000
840003205049486,  9600,75,09:07:13,09:10:35,   202, 89.25, 88.01,TEST  ,  1.24,  0.000,  0.00,  0.000,  0.000,  0.000,  0.000
840003250681791,  1776,59,09:10:35,09:10:59,    24,101.67,101.66,TEST  ,  0.01,  0.000,  0.00,  0.000,  0.000,  0.000,  0.000
840003287325039,  1348,82,09:05:01,09:10:57,   356, 79.59, 77.61,TEST  ,  1.98,  0.000,  0.00,  0.000,  0.000,  0.000,  0.000
840003234513966,  1574,69,09:10:33,09:11:28,    55, 75.88, 75.42,TEST  ,  0.46,  0.000,  0.00,  0.000,  0.000,  0.000,  0.000
840003250681783,  1768,69,09:11:29,09:11:34,     5, 75.42, 75.42,TEST  ,  0.00,  0.000,  0.00,  0.000,  0.000,  0.000,  0.000
840003234513966,  1574,71,09:11:41,09:12:01,    20, 78.12, 77.90,TEST  ,  0.22,  0.000,  0.00,  0.000,  0.000,  0.000,  0.000
840003234513847,  1455,83,09:08:33,09:12:14,   221, 88.66, 86.66,TEST  ,  2.00,  0.000,  0.00,  0.000,  0.000,  0.000,  0.000
840003287324988,  9593,80,09:08:26,09:12:40,   254, 91.70, 90.33,TEST  ,  1.37,  0.000,  0.00,  0.000,  0.000,  0.000,  0.000
840003250681788,  1773,78,09:11:29,09:12:41,    72, 97.37, 97.11,TEST  ,  0.26,  0.000,  0.00,  0.000,  0.000,  0.000,  0.000
840003274076170,  9253,62,09:12:26,09:13:25,    59, 93.27, 92.88,TEST  ,  0.39,  0.000,  0.00,  0.000,  0.000,  0.000,  0.000
840003274076170,  9253,62,09:13:34,09:13:41,     7, 92.88, 92.88,TEST  ,  0.00,  0.000,  0.00,  0.000,  0.000,  0.000,  0.000
840003234513966,  1574,75,09:12:40,09:13:45,    65, 88.01, 87.42,TEST  ,  0.59,  0.000,  0.00,  0.000,  0.000,  0.000,  0.000
840003274076170,  9253,62,09:13:42,09:13:54,    12, 92.88, 92.88,TEST  ,  0.00,  0.000,  0.00,  0.000,  0.000,  0.000,  0.000
840003274076179,  8966,81,09:11:24,09:14:05,   161, 88.75, 87.63,TEST  ,  1.12,  0.000,  0.00,  0.000,  0.000,  0.000,  0.000
840003287324988,  9593,80,09:12:58,09:14:11,    73, 90.34, 89.79,TEST  ,  0.55,  0.000,  0.00,  0.000,  0.000,  0.000,  0.000
840003205049486,  9600,83,09:12:46,09:14:27,   101, 86.65, 86.07,TEST  ,  0.58,  0.000,  0.00,  0.000,  0.000,  0.000,  0.000
840003274076170,  9253,62,09:14:28,09:14:50,    22, 92.88, 92.88,TEST  ,  0.00,  0.000,  0.00,  0.000,  0.000,  0.000,  0.000
840003234513847,  1455,82,09:13:10,09:14:57,   107, 77.67, 76.60,TEST  ,  1.07,  0.000,  0.00,  0.000,  0.000,  0.000,  0.000
840003234513898,  1506,69,09:12:42,09:15:39,   177, 75.42, 74.06,TEST  ,  1.36,  0.000,  0.00,  0.000,  0.000,  0.000,  0.000
840003250681820,  1805,70,09:12:47,09:15:51,   184, 92.26, 91.62,TEST  ,  0.64,  0.000,  0.00,  0.000,  0.000,  0.000,  0.000
840003218920826,  1068,55,09:11:34,09:16:32,   298, 95.59, 92.84,TEST  ,  2.75,  0.000,  0.00,  0.000,  0.000,  0.000,  0.000
840003211747927,  9898,71,09:13:37,09:16:34,   177, 77.91, 77.08,TEST  ,  0.83,  0.000,  0.00,  0.000,  0.000,  0.000,  0.000
840003250681783,  1768,72,09:12:34,09:16:40,   246, 84.52, 83.61,TEST  ,  0.91,  0.000,  0.00,  0.000,  0.000,  0.000,  0.000
840003234513693,  1301,54,09:16:34,09:16:40,     6, 78.51, 78.33,TEST  ,  0.18,  0.000,  0.00,  0.000,  0.000,  0.000,  0.000
840003274076178,  9425,63,09:12:10,09:16:45,   275, 84.51, 82.17,TEST  ,  2.34,  0.000,  0.00,  0.000,  0.000,  0.000,  0.000
840003218920767,  1009,73,09:12:41,09:16:48,   247, 77.11, 76.05,TEST  ,  1.06,  0.000,  0.00,  0.000,  0.000,  0.000,  0.000
840003234513920,  1528,63,09:16:47,09:16:53,     6, 82.17, 82.16,TEST  ,  0.01,  0.000,  0.00,  0.000,  0.000,  0.000,  0.000
840003234513693,  1301,54,09:16:50,09:17:00,    10, 78.35, 78.18,TEST  ,  0.17,  0.000,  0.00,  0.000,  0.000,  0.000,  0.000
840003250681791,  1776,76,09:15:26,09:17:03,    97, 91.26, 91.17,TEST  ,  0.09,  0.000,  0.00,  0.000,  0.000,  0.000,  0.000
840003234513966,  1574,75,09:13:45,09:17:19,   214, 87.42, 85.85,TEST  ,  1.57,  0.000,  0.00,  0.000,  0.000,  0.000,  0.000
840003234513920,  1528,63,09:16:57,09:17:30,    33, 82.28, 81.98,TEST  ,  0.30,  0.000,  0.00,  0.000,  0.000,  0.000,  0.000
840003234513693,  1301,54,09:17:08,09:17:30,    22, 78.19, 77.96,TEST  ,  0.23,  0.000,  0.00,  0.000,  0.000,  0.000,  0.000
840003218920767,  1009,82,09:17:31,09:17:38,     7, 76.61, 76.60,TEST  ,  0.01,  0.000,  0.00,  0.000,  0.000,  0.000,  0.000
840003211747927,  9898,72,09:16:40,09:17:40,    60, 83.61, 83.23,TEST  ,  0.38,  0.000,  0.00,  0.000,  0.000,  0.000,  0.000
840003250681783,  1768,76,09:17:33,09:17:47,    14, 91.18, 91.18,TEST  ,  0.00,  0.000,  0.00,  0.000,  0.000,  0.000,  0.000
840003250681820,  1805,74,09:16:13,09:17:53,   100, 82.20, 81.68,TEST  ,  0.52,  0.000,  0.00,  0.000,  0.000,  0.000,  0.000
840003250681787,  1772,57,09:10:10,09:18:00,   470,103.12,100.43,TEST  ,  2.69,  0.000,  0.00,  0.000,  0.000,  0.000,  0.000
840003274076181,  9663,55,09:16:32,09:18:00,    88, 92.84, 92.14,TEST  ,  0.70,  0.000,  0.00,  0.000,  0.000,  0.000,  0.000
840003234513693,  1301,54,09:17:37,09:18:05,    28, 77.95, 77.54,TEST  ,  0.41,  0.000,  0.00,  0.000,  0.000,  0.000,  0.000
840003234513898,  1506,78,09:16:28,09:18:09,   101, 97.14, 96.54,TEST  ,  0.60,  0.000,  0.00,  0.000,  0.000,  0.000,  0.000
840003234513693,  1301,54,09:18:14,09:18:19,     5, 77.55, 77.55,TEST  ,  0.00,  0.000,  0.00,  0.000,  0.000,  0.000,  0.000
840003268256515,  1097,62,09:15:42,09:18:30,   168, 92.84, 91.62,TEST  ,  1.22,  0.000,  0.00,  0.000,  0.000,  0.000,  0.000
840003218920887,  1129,67,09:16:12,09:18:37,   145, 70.36, 69.76,TEST  ,  0.60,  0.000,  0.00,  0.000,  0.000,  0.000,  0.000
840003234513893,  1501,79,09:11:49,09:18:37,   408,101.46, 98.70,TEST  ,  2.76,  0.000,  0.00,  0.000,  0.000,  0.000,  0.000
982000372939914,  8693,62,09:18:31,09:18:36,     5, 91.62, 91.88,TEST  , -0.26,  0.000,  0.00,  0.000,  0.000,  0.000,  0.000
840003218920961,  1203,63,09:17:31,09:18:41,    70, 81.98, 81.65,TEST  ,  0.33,  0.000,  0.00,  0.000,  0.000,  0.000,  0.000
840003234513898,  1506,78,09:18:19,09:18:44,    25, 96.47, 96.38,TEST  ,  0.09,  0.000,  0.00,  0.000,  0.000,  0.000,  0.000
840003268256515,  1097,63,09:18:49,09:18:55,     6, 81.65, 81.65,TEST  ,  0.00,  0.000,  0.00,  0.000,  0.000,  0.000,  0.000
840003234513873,  1481,53,09:01:50,09:19:03,  1033, 97.22, 92.73,TEST  ,  4.49,  0.000,  0.00,  0.000,  0.000,  0.000,  0.000
840003274076181,  9663,55,09:18:01,09:19:04,    63, 92.14, 91.65,TEST  ,  0.49,  0.000,  0.00,  0.000,  0.000,  0.000,  0.000
840003218920961,  1203,67,09:19:04,09:19:54,    50, 69.76, 69.37,TEST  ,  0.39,  0.000,  0.00,  0.000,  0.000,  0.000,  0.000
840003234513898,  1506,83,09:21:12,09:21:21,     9, 86.06, 86.09,TEST  , -0.03,  0.000,  0.00,  0.000,  0.000,  0.000,  0.000
840003274076201,  1702,58,09:10:29,09:21:29,   660,100.90, 96.70,TEST  ,  4.20,  0.000,  0.00,  0.000,  0.000,  0.000,  0.000
840003250681791,  1776,77,09:17:07,09:21:37,   270, 98.24, 97.30,TEST  ,  0.94,  0.000,  0.00,  0.000,  0.000,  0.000,  0.000
840003234513898,  1506,83,09:21:38,09:22:03,    25, 86.07, 86.07,TEST  ,  0.00,  0.000,  0.00,  0.000,  0.000,  0.000,  0.000
840003234513847,  1455,80,09:15:41,09:22:13,   392, 89.81, 86.97,TEST  ,  2.84,  0.000,  0.00,  0.000,  0.000,  0.000,  0.000
840003234513966,  1574,81,09:17:59,09:22:34,   275, 87.64, 85.76,TEST  ,  1.88,  0.000,  0.00,  0.000,  0.000,  0.000,  0.000
840003234513898,  1506,83,09:22:27,09:22:42,    15, 86.06, 86.00,TEST  ,  0.06,  0.000,  0.00,  0.000,  0.000,  0.000,  0.000
840003234513898,  1506,83,09:22:43,09:22:57,    14, 85.99, 86.05,TEST  , -0.06,  0.000,  0.00,  0.000,  0.000,  0.000,  0.000
840003250681748,  1733,65,09:16:09,09:23:04,   415, 89.70, 87.78,TEST  ,  1.92,  0.000,  0.00,  0.000,  0.000,  0.000,  0.000
840003250681748,  1733,65,09:23:21,09:23:27,     6, 87.77, 87.77,TEST  ,  0.00,  0.000,  0.00,  0.000,  0.000,  0.000,  0.000
840003250681748,  1733,65,09:23:28,09:23:38,    10, 87.77, 87.77,TEST  ,  0.00,  0.000,  0.00,  0.000,  0.000,  0.000,  0.000
840003234513799,  1407,60,09:11:26,09:23:58,   752,105.45,102.09,TEST  ,  3.36,  0.000,  0.00,  0.000,  0.000,  0.000,  0.000
840003274076170,  9253,68,09:16:38,09:24:24,   466, 69.32, 68.31,TEST  ,  1.01,  0.000,  0.00,  0.000,  0.000,  0.000,  0.000
840003274076170,  9253,68,09:24:25,09:24:30,     5, 68.31, 68.31,TEST  ,  0.00,  0.000,  0.00,  0.000,  0.000,  0.000,  0.000
840003274076170,  9253,68,09:24:30,09:24:40,    10, 68.31, 68.27,TEST  ,  0.04,  0.000,  0.00,  0.000,  0.000,  0.000,  0.000
840003274076170,  9253,68,09:25:23,09:25:34,    11, 68.29, 68.30,TEST  , -0.01,  0.000,  0.00,  0.000,  0.000,  0.000,  0.000
840003211747927,  9898,74,09:17:58,09:25:41,   463, 81.69, 78.89,TEST  ,  2.80,  0.000,  0.00,  0.000,  0.000,  0.000,  0.000
840003218920826,  1068,72,09:17:45,09:25:45,   480, 83.28, 79.36,TEST  ,  3.92,  0.000,  0.00,  0.000,  0.000,  0.000,  0.000
840003218920826,  1068,72,09:25:46,09:25:51,     5, 79.36, 79.35,TEST  ,  0.01,  0.000,  0.00,  0.000,  0.000,  0.000,  0.000
840003268256514,  9411,61,09:05:45,09:27:04,  1279,110.78, 97.92,TEST  , 12.86,  0.000,  0.00,  0.000,  0.000,  0.000,  0.000
840003268256514,  9411,61,09:27:04,09:27:20,    16, 97.92, 97.53,TEST  ,  0.39,  0.000,  0.00,  0.000,  0.000,  0.000,  0.000
840003250681787,  1772,75,09:21:18,09:27:23,   365, 85.86, 83.47,TEST  ,  2.39,  0.000,  0.00,  0.000,  0.000,  0.000,  0.000
840003218920961,  1203,67,09:20:14,09:27:24,   430, 69.37, 66.69,TEST  ,  2.68,  0.000,  0.00,  0.000,  0.000,  0.000,  0.000
840003268256514,  9411,61,09:27:21,09:27:28,     7, 97.53, 97.55,TEST  , -0.02,  0.000,  0.00,  0.000,  0.000,  0.000,  0.000
840003205049605,  9719,53,09:19:03,09:27:32,   509, 92.72, 89.84,TEST  ,  2.88,  0.000,  0.00,  0.000,  0.000,  0.000,  0.000
840003250681783,  1768,83,09:27:29,09:27:35,     6, 86.07, 86.04,TEST  ,  0.03,  0.000,  0.00,  0.000,  0.000,  0.000,  0.000
840003250681787,  1772,75,09:27:29,09:27:36,     7, 83.47, 83.45,TEST  ,  0.02,  0.000,  0.00,  0.000,  0.000,  0.000,  0.000
840003250681787,  1772,75,09:27:37,09:27:45,     8, 83.46, 83.63,TEST  , -0.17,  0.000,  0.00,  0.000,  0.000,  0.000,  0.000
840003234513693,  1301,54,09:18:20,09:27:45,   565, 77.55, 73.54,TEST  ,  4.01,  0.000,  0.00,  0.000,  0.000,  0.000,  0.000
840003205049565,  9679,53,09:27:46,09:27:51,     5, 89.83, 90.00,TEST  , -0.17,  0.000,  0.00,  0.000,  0.000,  0.000,  0.000
840003268256514,  9411,61,09:27:50,09:27:57,     7, 97.61, 97.58,TEST  ,  0.03,  0.000,  0.00,  0.000,  0.000,  0.000,  0.000
840003234513833,  1441,66,09:16:30,09:27:57,   687, 86.78, 83.59,TEST  ,  3.19,  0.000,  0.00,  0.000,  0.000,  0.000,  0.000
840003250681748,  1733,65,09:24:07,09:28:15,   248, 87.79, 86.72,TEST  ,  1.07,  0.000,  0.00,  0.000,  0.000,  0.000,  0.000
840003234513693,  1301,54,09:27:58,09:28:21,    23, 73.54, 73.39,TEST  ,  0.15,  0.000,  0.00,  0.000,  0.000,  0.000,  0.000
840003268256514,  9411,61,09:28:22,09:28:32,    10, 97.56, 97.56,TEST  ,  0.00,  0.000,  0.00,  0.000,  0.000,  0.000,  0.000
840003234513840,  1448,70,09:16:11,09:28:36,   745, 91.61, 87.14,TEST  ,  4.47,  0.000,  0.00,  0.000,  0.000,  0.000,  0.000
982000372939914,  8693,62,09:18:45,09:29:08,   623, 91.28, 87.47,TEST  ,  3.81,  0.000,  0.00,  0.000,  0.000,  0.000,  0.000
840003234513766,  1374,64,09:15:28,09:29:17,   829, 90.06, 84.41,TEST  ,  5.65,  0.000,  0.00,  0.000,  0.000,  0.000,  0.000
840003234513814,  1422,56,09:05:36,09:29:48,  1452,101.29, 94.26,TEST  ,  7.03,  0.000,  0.00,  0.000,  0.000,  0.000,  0.000
840003250681820,  1805,79,09:18:38,09:30:06,   688, 98.70, 95.15,TEST  ,  3.55,  0.000,  0.00,  0.000,  0.000,  0.000,  0.000
840003268256515,  1097,63,09:18:55,09:30:36,   701, 81.65, 77.95,TEST  ,  3.70,  0.000,  0.00,  0.000,  0.000,  0.000,  0.000
840003268256515,  1097,64,09:30:43,09:30:51,     8, 84.39, 84.40,TEST  , -0.01,  0.000,  0.00,  0.000,  0.000,  0.000,  0.000
840003234513777,  1385,78,09:19:17,09:31:40,   743, 96.38, 92.82,TEST  ,  3.56,  0.000,  0.00,  0.000,  0.000,  0.000,  0.000
840003274076181,  9663,55,09:22:13,09:31:48,   575, 91.66, 87.93,TEST  ,  3.73,  0.000,  0.00,  0.000,  0.000,  0.000,  0.000
840003234513777,  1385,79,09:31:53,09:31:58,     5, 95.15, 95.16,TEST  , -0.01,  0.000,  0.00,  0.000,  0.000,  0.000,  0.000
840003250681787,  1772,75,09:27:46,09:32:12,   266, 83.63, 82.04,TEST  ,  1.59,  0.000,  0.00,  0.000,  0.000,  0.000,  0.000
840003218920826,  1068,72,09:26:05,09:32:14,   369, 79.37, 77.13,TEST  ,  2.24,  0.000,  0.00,  0.000,  0.000,  0.000,  0.000
840003218920826,  1068,72,09:32:31,09:32:38,     7, 77.15, 77.14,TEST  ,  0.01,  0.000,  0.00,  0.000,  0.000,  0.000,  0.000
840003250681748,  1733,68,09:30:33,09:33:24,   171, 68.27, 67.47,TEST  ,  0.80,  0.000,  0.00,  0.000,  0.000,  0.000,  0.000
840003274076178,  9425,71,09:17:39,09:34:38,  1019, 77.08, 70.73,TEST  ,  6.35,  0.000,  0.00,  0.000,  0.000,  0.000,  0.000
982000372939914,  8693,61,09:30:02,09:34:45,   283, 97.79, 94.88,TEST  ,  2.91,  0.000,  0.00,  0.000,  0.000,  0.000,  0.000
840003234513898,  1506,82,09:31:10,09:35:22,   252, 76.61, 74.87,TEST  ,  1.74,  0.000,  0.00,  0.000,  0.000,  0.000,  0.000
840003250681783,  1768,83,09:27:43,09:35:56,   493, 86.06, 84.09,TEST  ,  1.97,  0.000,  0.00,  0.000,  0.000,  0.000,  0.000
840003234513966,  1574,81,09:22:39,09:36:40,   841, 85.71, 80.48,TEST  ,  5.23,  0.000,  0.00,  0.000,  0.000,  0.000,  0.000
840003218920961,  1203,66,09:28:14,09:36:55,   521, 83.57, 80.82,TEST  ,  2.75,  0.000,  0.00,  0.000,  0.000,  0.000,  0.000
840003234513898,  1506,83,09:36:42,09:37:06,    24, 84.11, 84.04,TEST  ,  0.07,  0.000,  0.00,  0.000,  0.000,  0.000,  0.000
840003250681748,  1733,71,09:34:56,09:37:18,   142, 70.75, 70.15,TEST  ,  0.60,  0.000,  0.00,  0.000,  0.000,  0.000,  0.000
840003205049605,  9719,62,09:30:49,09:37:19,   390, 87.48, 85.34,TEST  ,  2.14,  0.000,  0.00,  0.000,  0.000,  0.000,  0.000
840003218920887,  1129,77,09:25:41,09:37:24,   703, 97.32, 94.95,TEST  ,  2.37,  0.000,  0.00,  0.000,  0.000,  0.000,  0.000
840003250681819,  1804,76,09:18:03,09:37:32,  1169, 91.17, 85.09,TEST  ,  6.08,  0.000,  0.00,  0.000,  0.000,  0.000,  0.000
840003234513898,  1506,83,09:37:18,09:37:41,    23, 84.02, 83.96,TEST  ,  0.06,  0.000,  0.00,  0.000,  0.000,  0.000,  0.000
840003250681787,  1772,79,09:32:23,09:38:14,   351, 95.17, 93.01,TEST  ,  2.16,  0.000,  0.00,  0.000,  0.000,  0.000,  0.000
840003205049565,  9679,53,09:27:52,09:38:19,   627, 90.00, 86.00,TEST  ,  4.00,  0.000,  0.00,  0.000,  0.000,  0.000,  0.000
840003250681787,  1772,79,09:38:14,09:38:20,     6, 93.01, 92.99,TEST  ,  0.02,  0.000,  0.00,  0.000,  0.000,  0.000,  0.000
840003287324997,  1371,59,09:11:56,09:38:35,  1599,101.66, 93.60,TEST  ,  8.06,  0.000,  0.00,  0.000,  0.000,  0.000,  0.000
840003250681787,  1772,79,09:38:40,09:38:48,     8, 93.03, 92.99,TEST  ,  0.04,  0.000,  0.00,  0.000,  0.000,  0.000,  0.000
840003268256515,  1097,64,09:30:55,09:38:50,   475, 85.81, 81.44,TEST  ,  4.37,  0.000,  0.00,  0.000,  0.000,  0.000,  0.000
840003268256515,  1097,64,09:38:50,09:38:55,     5, 81.44, 81.44,TEST  ,  0.00,  0.000,  0.00,  0.000,  0.000,  0.000,  0.000
840003268256515,  1097,64,09:38:56,09:39:02,     6, 81.44, 81.45,TEST  , -0.01,  0.000,  0.00,  0.000,  0.000,  0.000,  0.000
840003268256515,  1097,64,09:39:02,09:39:08,     6, 81.45, 81.45,TEST  ,  0.00,  0.000,  0.00,  0.000,  0.000,  0.000,  0.000
840003211748008,  9979,54,09:28:23,09:39:15,   652, 73.39, 68.90,TEST  ,  4.49,  0.000,  0.00,  0.000,  0.000,  0.000,  0.000
840003234513833,  1441,74,09:29:00,09:40:28,   688, 78.92, 74.95,TEST  ,  3.97,  0.000,  0.00,  0.000,  0.000,  0.000,  0.000
982000372939914,  8693,56,09:41:10,09:41:15,     5, 94.24, 94.25,TEST  , -0.01,  0.000,  0.00,  0.000,  0.000,  0.000,  0.000
840003250681787,  1772,83,09:39:27,09:41:24,   117, 84.00, 83.47,TEST  ,  0.53,  0.000,  0.00,  0.000,  0.000,  0.000,  0.000
840003218920887,  1129,78,09:37:25,09:41:47,   262, 92.84, 91.64,TEST  ,  1.20,  0.000,  0.00,  0.000,  0.000,  0.000,  0.000
840003234513920,  1528,73,09:18:58,09:41:53,  1375, 76.07, 69.48,TEST  ,  6.59,  0.000,  0.00,  0.000,  0.000,  0.000,  0.000
840003234513840,  1448,75,09:32:12,09:42:00,   588, 82.04, 78.68,TEST  ,  3.36,  0.000,  0.00,  0.000,  0.000,  0.000,  0.000
840003250681748,  1733,72,09:38:33,09:42:09,   216, 77.14, 76.27,TEST  ,  0.87,  0.000,  0.00,  0.000,  0.000,  0.000,  0.000
840003234513898,  1506,82,09:37:46,09:42:11,   265, 74.92, 72.93,TEST  ,  1.99,  0.000,  0.00,  0.000,  0.000,  0.000,  0.000
840003218920826,  1068,83,09:41:25,09:42:22,    57, 83.45, 83.08,TEST  ,  0.37,  0.000,  0.00,  0.000,  0.000,  0.000,  0.000
840003234513920,  1528,74,09:42:28,09:42:33,     5, 74.94, 74.95,TEST  , -0.01,  0.000,  0.00,  0.000,  0.000,  0.000,  0.000
840003274076201,  1702,58,09:21:44,09:44:30,  1366, 96.71, 90.63,TEST  ,  6.08,  0.000,  0.00,  0.000,  0.000,  0.000,  0.000
840003274076178,  9425,69,09:35:15,09:44:43,   568, 69.32, 66.41,TEST  ,  2.91,  0.000,  0.00,  0.000,  0.000,  0.000,  0.000
840003234513966,  1574,79,09:39:03,09:45:02,   359, 93.03, 90.52,TEST  ,  2.51,  0.000,  0.00,  0.000,  0.000,  0.000,  0.000
840003218920961,  1203,70,09:41:20,09:45:32,   252, 87.11, 85.96,TEST  ,  1.15,  0.000,  0.00,  0.000,  0.000,  0.000,  0.000
840003274076170,  9253,80,09:29:40,09:45:46,   966, 86.97, 83.58,TEST  ,  3.39,  0.000,  0.00,  0.000,  0.000,  0.000,  0.000
840003274076170,  9253,80,09:45:46,09:45:51,     5, 83.58, 83.58,TEST  ,  0.00,  0.000,  0.00,  0.000,  0.000,  0.000,  0.000
840003234513966,  1574,79,09:45:14,09:46:14,    60, 90.51, 90.17,TEST  ,  0.34,  0.000,  0.00,  0.000,  0.000,  0.000,  0.000
840003205049605,  9719,61,09:37:24,09:47:05,   581, 94.90, 91.16,TEST  ,  3.74,  0.000,  0.00,  0.000,  0.000,  0.000,  0.000
840003234513840,  1448,76,09:42:23,09:48:03,   340, 85.08, 82.94,TEST  ,  2.14,  0.000,  0.00,  0.000,  0.000,  0.000,  0.000
840003234513898,  1506,78,09:44:09,09:48:08,   239, 91.65, 90.17,TEST  ,  1.48,  0.000,  0.00,  0.000,  0.000,  0.000,  0.000
840003234513840,  1448,76,09:48:03,09:48:08,     5, 82.94, 82.97,TEST  , -0.03,  0.000,  0.00,  0.000,  0.000,  0.000,  0.000
840003205049605,  9719,61,09:48:01,09:48:07,     6, 90.97, 91.00,TEST  , -0.03,  0.000,  0.00,  0.000,  0.000,  0.000,  0.000
840003250681787,  1772,82,09:44:41,09:48:20,   219, 72.88, 72.17,TEST  ,  0.71,  0.000,  0.00,  0.000,  0.000,  0.000,  0.000
840003234513799,  1407,60,09:24:34,09:48:24,  1430,102.10, 95.42,TEST  ,  6.68,  0.000,  0.00,  0.000,  0.000,  0.000,  0.000
840003250681787,  1772,82,09:49:00,09:49:05,     5, 72.14, 71.98,TEST  ,  0.16,  0.000,  0.00,  0.000,  0.000,  0.000,  0.000
840003234513693,  1301,58,09:51:30,09:51:38,     8, 90.62, 90.64,TEST  , -0.02,  0.000,  0.00,  0.000,  0.000,  0.000,  0.000
840003234513693,  1301,58,09:51:39,09:51:46,     7, 90.64, 90.63,TEST  ,  0.01,  0.000,  0.00,  0.000,  0.000,  0.000,  0.000
840003218920826,  1068,83,09:43:33,09:52:03,   510, 83.08, 80.47,TEST  ,  2.61,  0.000,  0.00,  0.000,  0.000,  0.000,  0.000
840003234513898,  1506,79,09:48:19,09:52:15,   236, 90.13, 88.88,TEST  ,  1.25,  0.000,  0.00,  0.000,  0.000,  0.000,  0.000
840003250681787,  1772,83,09:52:50,09:52:57,     7, 80.46, 80.47,TEST  , -0.01,  0.000,  0.00,  0.000,  0.000,  0.000,  0.000
840003234513799,  1407,59,09:48:24,09:53:00,   276, 93.59, 92.64,TEST  ,  0.95,  0.000,  0.00,  0.000,  0.000,  0.000,  0.000
840003274076181,  9663,53,09:38:33,09:53:44,   911, 86.00, 81.15,TEST  ,  4.85,  0.000,  0.00,  0.000,  0.000,  0.000,  0.000
840003205049605,  9719,60,09:48:24,09:53:44,   320, 95.42, 93.63,TEST  ,  1.79,  0.000,  0.00,  0.000,  0.000,  0.000,  0.000
982000372939914,  8693,56,09:41:20,09:54:36,   796, 94.29, 90.44,TEST  ,  3.85,  0.000,  0.00,  0.000,  0.000,  0.000,  0.000
840003234513840,  1448,75,09:48:48,09:55:27,   399, 78.70, 76.33,TEST  ,  2.37,  0.000,  0.00,  0.000,  0.000,  0.000,  0.000
840003211748008,  9979,55,09:39:46,09:56:09,   983, 87.94, 80.87,TEST  ,  7.07,  0.000,  0.00,  0.000,  0.000,  0.000,  0.000
840003234513840,  1448,77,09:55:59,09:56:41,    42, 94.90, 94.71,TEST  ,  0.19,  0.000,  0.00,  0.000,  0.000,  0.000,  0.000
840003234513898,  1506,80,09:52:24,09:57:23,   299, 83.58, 82.01,TEST  ,  1.57,  0.000,  0.00,  0.000,  0.000,  0.000,  0.000
982000372939914,  8693,68,09:57:55,09:58:00,     5, 67.45, 67.45,TEST  ,  0.00,  0.000,  0.00,  0.000,  0.000,  0.000,  0.000
840003205049565,  9679,54,09:39:39,09:59:18,  1179, 68.89, 62.43,TEST  ,  6.46,  0.000,  0.00,  0.000,  0.000,  0.000,  0.000
840003205049565,  9679,54,09:59:28,09:59:33,     5, 62.41, 62.37,TEST  ,  0.04,  0.000,  0.00,  0.000,  0.000,  0.000,  0.000
840003250681787,  1772,83,09:52:58,10:01:38,   520, 80.48, 77.80,TEST  ,  2.68,  0.000,  0.00,  0.000,  0.000,  0.000,  0.000
840003268256515,  1097,70,09:45:35,10:02:05,   990, 85.94, 81.03,TEST  ,  4.91,  0.000,  0.00,  0.000,  0.000,  0.000,  0.000
840003268256515,  1097,70,10:02:06,10:02:12,     6, 81.03, 81.03,TEST  ,  0.00,  0.000,  0.00,  0.000,  0.000,  0.000,  0.000
840003250681783,  1768,81,09:36:46,10:02:51,  1565, 80.42, 75.87,TEST  ,  4.55,  0.000,  0.00,  0.000,  0.000,  0.000,  0.000
840003234513966,  1574,67,09:53:19,10:02:59,   580, 66.66, 62.99,TEST  ,  3.67,  0.000,  0.00,  0.000,  0.000,  0.000,  0.000
982000372939914,  8693,68,09:58:21,10:04:09,   348, 67.29, 65.88,TEST  ,  1.41,  0.000,  0.00,  0.000,  0.000,  0.000,  0.000
840003234513840,  1448,83,10:02:26,10:04:24,   118, 77.84, 77.18,TEST  ,  0.66,  0.000,  0.00,  0.000,  0.000,  0.000,  0.000
840003218920961,  1203,69,09:45:37,10:04:38,  1141, 66.42, 61.18,TEST  ,  5.24,  0.000,  0.00,  0.000,  0.000,  0.000,  0.000
840003234513840,  1448,83,10:05:27,10:11:01,   334, 77.21, 74.98,TEST  ,  2.23,  0.000,  0.00,  0.000,  0.000,  0.000,  0.000
840003234513847,  1455,53,10:11:53,10:12:00,     7, 81.12, 81.12,TEST  ,  0.00,  0.000,  0.00,  0.000,  0.000,  0.000,  0.000
840003234513847,  1455,54,10:12:00,10:12:06,     6, 62.43, 62.42,TEST  ,  0.01,  0.000,  0.00,  0.000,  0.000,  0.000,  0.000
840003234513847,  1455,55,10:12:10,10:12:17,     7, 80.87, 80.86,TEST  ,  0.01,  0.000,  0.00,  0.000,  0.000,  0.000,  0.000
840003234513847,  1455,55,10:12:17,10:14:17,   120, 80.86, 79.75,TEST  ,  1.11,  0.000,  0.00,  0.000,  0.000,  0.000,  0.000
840003287325039,  1348,70,10:16:44,10:16:51,     7, 81.01, 81.03,TEST  , -0.02,  0.000,  0.00,  0.000,  0.000,  0.000,  0.000
840003287325039,  1348,70,10:16:53,10:17:02,     9, 81.03, 81.05,TEST  , -0.02,  0.000,  0.00,  0.000,  0.000,  0.000,  0.000
840003234513964,  1572, 4,10:17:05,10:17:27,    22, 93.10, 92.90,HS    ,  0.20,  0.000,  0.00,  0.000,  0.000,  0.000,  0.000
840003250681674,  1659,17,10:17:33,10:17:44,    11, 95.80, 95.80,HS    ,  0.00,  0.000,  0.00,  0.000,  0.000,  0.000,  0.000
840003234513973,  1581, 6,10:16:54,10:17:45,    51, 95.60, 94.80,LS    ,  0.80,  0.000,  0.00,  0.000,  0.000,  0.000,  0.000
840003287324966,  1261,15,10:17:32,10:17:58,    26, 96.30, 96.00,LS    ,  0.30,  0.000,  0.00,  0.000,  0.000,  0.000,  0.000
840003211747992,  9963, 7,10:17:29,10:18:10,    41, 98.00, 97.50,LS    ,  0.50,  0.000,  0.00,  0.000,  0.000,  0.000,  0.000
840003274076117,  9785,11,10:17:05,10:18:15,    70, 94.20, 93.50,LS    ,  0.70,  0.000,  0.00,  0.000,  0.000,  0.000,  0.000
840003287325011,  1064,10,10:17:11,10:18:24,    73, 93.00, 92.50,LS    ,  0.50,  0.000,  0.00,  0.000,  0.000,  0.000,  0.000
840003218920990,  1232, 9,10:17:36,10:18:30,    54, 96.80, 96.40,HS    ,  0.40,  0.000,  0.00,  0.000,  0.000,  0.000,  0.000
840003234513826,  1434,17,10:18:04,10:18:35,    31, 95.80, 95.60,HS    ,  0.20,  0.000,  0.00,  0.000,  0.000,  0.000,  0.000
840003211747972,  9943,23,10:17:57,10:18:44,    47, 97.60, 97.10,LS    ,  0.50,  0.000,  0.00,  0.000,  0.000,  0.000,  0.000
840003287325011,  1064,11,10:18:33,10:18:45,    12, 93.50, 93.30,LS    ,  0.20,  0.000,  0.00,  0.000,  0.000,  0.000,  0.000
840003205049588,  9702,29,10:18:17,10:18:46,    29, 96.50, 96.40,HS    ,  0.10,  0.000,  0.00,  0.000,  0.000,  0.000,  0.000
840003218920901,  1143, 3,10:17:11,10:18:52,   101, 91.70, 90.80,LS    ,  0.90,  0.000,  0.00,  0.000,  0.000,  0.000,  0.000
840003218920920,  1162, 4,10:18:40,10:18:58,    18, 92.60, 92.20,HS    ,  0.40,  0.000,  0.00,  0.000,  0.000,  0.000,  0.000
840003234513964,  1572, 7,10:18:22,10:18:57,    35, 97.50, 97.20,LS    ,  0.30,  0.000,  0.00,  0.000,  0.000,  0.000,  0.000
840003234513991,  1599,17,10:18:59,10:19:09,    10, 95.60, 95.50,HS    ,  0.10,  0.000,  0.00,  0.000,  0.000,  0.000,  0.000
840003211747972,  9943,24,10:18:49,10:19:13,    24, 96.60, 96.40,HS    ,  0.20,  0.000,  0.00,  0.000,  0.000,  0.000,  0.000
840003218920990,  1232, 9,10:19:01,10:19:33,    32, 96.40, 96.20,HS    ,  0.20,  0.000,  0.00,  0.000,  0.000,  0.000,  0.000
840003250681632,  1617, 4,10:19:30,10:19:33,     3, 92.20, 92.20,HS    ,  0.00,  0.000,  0.00,  0.000,  0.000,  0.000,  0.000
840003268256516,  9779,18,10:17:29,10:19:41,   132, 93.50, 92.10,LS    ,  1.40,  0.000,  0.00,  0.000,  0.000,  0.000,  0.000
840003205049588,  9702,13,10:19:14,10:20:05,    51, 96.80, 96.50,HS    ,  0.30,  0.000,  0.00,  0.000,  0.000,  0.000,  0.000
840003250681632,  1617,13,10:20:16,10:20:23,     7, 96.50, 96.50,HS    ,  0.00,  0.000,  0.00,  0.000,  0.000,  0.000,  0.000
840003287325011,  1064,10,10:18:59,10:20:36,    97, 91.90, 90.20,LS    ,  1.70,  0.000,  0.00,  0.000,  0.000,  0.000,  0.000
840003218920990,  1232, 7,10:19:45,10:20:53,    68, 97.20, 96.40,LS    ,  0.80,  0.000,  0.00,  0.000,  0.000,  0.000,  0.000
840003211747992,  9963,11,10:19:03,10:21:05,   122, 93.30, 92.00,LS    ,  1.30,  0.000,  0.00,  0.000,  0.000,  0.000,  0.000
840003234513964,  1572, 5,10:19:08,10:21:06,   118, 95.10, 94.10,HS    ,  1.00,  0.000,  0.00,  0.000,  0.000,  0.000,  0.000
840003218920920,  1162, 3,10:19:17,10:21:09,   112, 90.80, 89.80,LS    ,  1.00,  0.000,  0.00,  0.000,  0.000,  0.000,  0.000
840003234513987,  1595,28,10:19:07,10:21:17,   130, 96.40, 95.90,LS    ,  0.50,  0.000,  0.00,  0.000,  0.000,  0.000,  0.000
840003268256516,  9779,17,10:19:59,10:21:22,    83, 95.40, 94.90,HS    ,  0.50,  0.000,  0.00,  0.000,  0.000,  0.000,  0.000
840003203286181,  1204,29,10:18:57,10:21:24,   147, 96.40, 95.10,HS    ,  1.30,  0.000,  0.00,  0.000,  0.000,  0.000,  0.000
840003218920990,  1232, 7,10:21:19,10:21:36,    17, 96.40, 96.10,LS    ,  0.30,  0.000,  0.00,  0.000,  0.000,  0.000,  0.000
840003205049675,  9789,22,10:17:47,10:21:45,   238, 95.90, 93.60,HS    ,  2.30,  0.000,  0.00,  0.000,  0.000,  0.000,  0.000
840003250681681,  1666,16,10:18:19,10:21:50,   211, 95.40, 94.50,HS    ,  0.90,  0.000,  0.00,  0.000,  0.000,  0.000,  0.000
840003234513925,  1533, 2,10:17:01,10:21:57,   296, 96.00, 93.80,LS    ,  2.20,  0.000,  0.00,  0.000,  0.000,  0.000,  0.000
840003287324966,  1261,15,10:18:08,10:21:57,   229, 96.00, 94.60,LS    ,  1.40,  0.000,  0.00,  0.000,  0.000,  0.000,  0.000
840003205049588,  9702, 8,10:20:21,10:22:07,   106, 95.90, 95.30,HS    ,  0.60,  0.000,  0.00,  0.000,  0.000,  0.000,  0.000
840003274076117,  9785,12,10:18:43,10:22:13,   210, 93.00, 90.80,LS    ,  2.20,  0.000,  0.00,  0.000,  0.000,  0.000,  0.000
840003250681637,  1622,11,10:21:15,10:22:19,    64, 92.00, 90.40,LS    ,  1.60,  0.000,  0.00,  0.000,  0.000,  0.000,  0.000
840003211747972,  9943,25,10:19:21,10:22:30,   189, 96.90, 95.60,LS    ,  1.30,  0.000,  0.00,  0.000,  0.000,  0.000,  0.000
840003234513973,  1581, 6,10:17:55,10:22:29,   274, 94.80, 92.40,LS    ,  2.40,  0.000,  0.00,  0.000,  0.000,  0.000,  0.000
840003234513964,  1572, 2,10:22:08,10:22:57,    49, 93.70, 93.30,LS    ,  0.40,  0.000,  0.00,  0.000,  0.000,  0.000,  0.000
840003218920990,  1232, 8,10:22:19,10:22:59,    40, 95.30, 94.90,HS    ,  0.40,  0.000,  0.00,  0.000,  0.000,  0.000,  0.000
840003234513973,  1581, 5,10:23:03,10:23:07,     4, 94.10, 94.10,HS    ,  0.00,  0.000,  0.00,  0.000,  0.000,  0.000,  0.000
840003250681632,  1617, 7,10:22:30,10:23:20,    50, 96.10, 95.50,LS    ,  0.60,  0.000,  0.00,  0.000,  0.000,  0.000,  0.000
840003234513826,  1434,23,10:19:02,10:23:22,   260, 97.10, 94.70,LS    ,  2.40,  0.000,  0.00,  0.000,  0.000,  0.000,  0.000
840003203286181,  1204,17,10:22:19,10:23:27,    68, 94.90, 94.40,HS    ,  0.50,  0.000,  0.00,  0.000,  0.000,  0.000,  0.000
840003274076117,  9785,11,10:22:29,10:23:29,    60, 90.40, 89.70,LS    ,  0.70,  0.000,  0.00,  0.000,  0.000,  0.000,  0.000
840003250681646,  1631,24,10:19:42,10:23:30,   228, 96.40, 95.00,HS    ,  1.40,  0.000,  0.00,  0.000,  0.000,  0.000,  0.000
840003268256460,  9534,31,10:21:10,10:23:30,   140, 96.10, 94.90,LS    ,  1.20,  0.000,  0.00,  0.000,  0.000,  0.000,  0.000
840003287325011,  1064, 9,10:20:41,10:23:32,   171, 96.20, 94.70,HS    ,  1.50,  0.000,  0.00,  0.000,  0.000,  0.000,  0.000
840003234513991,  1599,18,10:19:52,10:23:39,   227, 92.10, 90.40,LS    ,  1.70,  0.000,  0.00,  0.000,  0.000,  0.000,  0.000
840003234513826,  1434,24,10:23:42,10:23:49,     7, 94.70, 94.70,HS    ,  0.00,  0.000,  0.00,  0.000,  0.000,  0.000,  0.000
840003234513923,  1531,22,10:21:55,10:23:51,   116, 93.60, 92.80,HS    ,  0.80,  0.000,  0.00,  0.000,  0.000,  0.000,  0.000
840003211747972,  9943,27,10:22:44,10:23:53,    69, 95.90, 95.50,LS    ,  0.40,  0.000,  0.00,  0.000,  0.000,  0.000,  0.000
840003218920990,  1232, 5,10:23:26,10:23:54,    28, 94.10, 93.80,HS    ,  0.30,  0.000,  0.00,  0.000,  0.000,  0.000,  0.000
840003205049675,  9789,28,10:22:14,10:23:55,   101, 95.90, 94.90,LS    ,  1.00,  0.000,  0.00,  0.000,  0.000,  0.000,  0.000
840003234513964,  1572, 7,10:23:46,10:23:59,    13, 95.50, 95.40,LS    ,  0.10,  0.000,  0.00,  0.000,  0.000,  0.000,  0.000
840003234513972,  1580,19,10:17:57,10:24:00,   363, 96.10, 91.70,LS    ,  4.40,  0.000,  0.00,  0.000,  0.000,  0.000,  0.000
840003218920920,  1162, 3,10:21:27,10:24:07,   160, 89.80, 88.50,LS    ,  1.30,  0.000,  0.00,  0.000,  0.000,  0.000,  0.000
840003218920901,  1143,23,10:23:51,10:24:22,    31, 94.70, 94.40,LS    ,  0.30,  0.000,  0.00,  0.000,  0.000,  0.000,  0.000
840003218920990,  1232, 3,10:24:20,10:24:23,     3, 88.10, 88.10,LS    ,  0.00,  0.000,  0.00,  0.000,  0.000,  0.000,  0.000
840003268256516,  9779,12,10:22:29,10:24:34,   125, 90.60, 89.50,LS    ,  1.10,  0.000,  0.00,  0.000,  0.000,  0.000,  0.000
840003250681674,  1659,10,10:21:00,10:24:41,   221, 89.90, 88.40,LS    ,  1.50,  0.000,  0.00,  0.000,  0.000,  0.000,  0.000
840003205049675,  9789,28,10:24:09,10:24:58,    49, 94.90, 94.50,LS    ,  0.40,  0.000,  0.00,  0.000,  0.000,  0.000,  0.000
840003250681637,  1622,18,10:23:49,10:25:02,    73, 90.40, 89.20,LS    ,  1.20,  0.000,  0.00,  0.000,  0.000,  0.000,  0.000
840003211747972,  9943,27,10:24:28,10:25:04,    36, 95.50, 95.20,LS    ,  0.30,  0.000,  0.00,  0.000,  0.000,  0.000,  0.000
840003218920882,  1124,21,10:17:35,10:25:11,   456, 96.50, 93.20,HS    ,  3.30,  0.000,  0.00,  0.000,  0.000,  0.000,  0.000
840003218920990,  1232, 3,10:24:59,10:25:12,    13, 88.10, 87.90,LS    ,  0.20,  0.000,  0.00,  0.000,  0.000,  0.000,  0.000
840003274076117,  9785, 7,10:24:11,10:25:15,    64, 95.40, 94.80,LS    ,  0.60,  0.000,  0.00,  0.000,  0.000,  0.000,  0.000
840003234513925,  1533,11,10:23:42,10:25:16,    94, 89.70, 88.80,LS    ,  0.90,  0.000,  0.00,  0.000,  0.000,  0.000,  0.000
840003250681646,  1631,22,10:24:01,10:25:16,    75, 92.80, 92.40,HS    ,  0.40,  0.000,  0.00,  0.000,  0.000,  0.000,  0.000
840003205049675,  9789,27,10:25:18,10:25:32,    14, 95.10, 95.00,LS    ,  0.10,  0.000,  0.00,  0.000,  0.000,  0.000,  0.000
840003211747972,  9943,28,10:25:16,10:25:36,    20, 94.50, 94.30,LS    ,  0.20,  0.000,  0.00,  0.000,  0.000,  0.000,  0.000
840003218920990,  1232, 3,10:25:30,10:25:42,    12, 87.90, 87.80,LS    ,  0.10,  0.000,  0.00,  0.000,  0.000,  0.000,  0.000
840003234513923,  1531,24,10:24:08,10:25:42,    94, 94.70, 94.10,HS    ,  0.60,  0.000,  0.00,  0.000,  0.000,  0.000,  0.000
840003268256516,  9779,21,10:25:20,10:25:44,    24, 93.20, 92.80,HS    ,  0.40,  0.000,  0.00,  0.000,  0.000,  0.000,  0.000
840003250681681,  1666,13,10:22:06,10:25:53,   227, 96.40, 95.60,HS    ,  0.80,  0.000,  0.00,  0.000,  0.000,  0.000,  0.000
840003205049675,  9789,28,10:25:45,10:25:56,    11, 94.30, 94.20,LS    ,  0.10,  0.000,  0.00,  0.000,  0.000,  0.000,  0.000
840003274076181,  9663,82,10:20:36,10:26:04,   328, 72.10, 69.96,TEST  ,  2.14,  0.000,  0.00,  0.000,  0.000,  0.000,  0.000
840003250681669,  1654,26,10:18:15,10:26:01,   466, 94.60, 91.60,HS    ,  3.00,  0.000,  0.00,  0.000,  0.000,  0.000,  0.000
840003250681632,  1617, 2,10:23:37,10:26:03,   146, 93.40, 92.10,LS    ,  1.30,  0.000,  0.00,  0.000,  0.000,  0.000,  0.000
840003250681637,  1622,17,10:25:09,10:26:07,    58, 94.40, 94.10,HS    ,  0.30,  0.000,  0.00,  0.000,  0.000,  0.000,  0.000
840003211747972,  9943,27,10:25:49,10:26:07,    18, 95.00, 94.80,LS    ,  0.20,  0.000,  0.00,  0.000,  0.000,  0.000,  0.000
840003218920920,  1162,10,10:25:04,10:26:13,    69, 88.40, 87.80,LS    ,  0.60,  0.000,  0.00,  0.000,  0.000,  0.000,  0.000
840003218920990,  1232, 2,10:26:20,10:26:33,    13, 92.10, 91.90,LS    ,  0.20,  0.000,  0.00,  0.000,  0.000,  0.000,  0.000
840003287325011,  1064, 5,10:24:04,10:26:35,   151, 93.80, 91.90,HS    ,  1.90,  0.000,  0.00,  0.000,  0.000,  0.000,  0.000
840003250681674,  1659, 9,10:26:27,10:26:37,    10, 94.70, 94.70,HS    ,  0.00,  0.000,  0.00,  0.000,  0.000,  0.000,  0.000
840003287325013,  9824, 1,10:18:52,10:26:38,   466, 90.60, 87.90,HS    ,  2.70,  0.000,  0.00,  0.000,  0.000,  0.000,  0.000
840003234513932,  1540,14,10:18:41,10:26:42,   481, 96.90, 93.90,HS    ,  3.00,  0.000,  0.00,  0.000,  0.000,  0.000,  0.000
840003234513972,  1580,23,10:24:33,10:26:45,   132, 94.40, 91.90,LS    ,  2.50,  0.000,  0.00,  0.000,  0.000,  0.000,  0.000
840003234513973,  1581, 6,10:23:10,10:26:47,   217, 92.40, 90.70,LS    ,  1.70,  0.000,  0.00,  0.000,  0.000,  0.000,  0.000
840003268256516,  9779,21,10:26:04,10:26:59,    55, 92.90, 92.50,HS    ,  0.40,  0.000,  0.00,  0.000,  0.000,  0.000,  0.000
840003205049675,  9789,27,10:26:34,10:27:09,    35, 94.80, 94.60,LS    ,  0.20,  0.000,  0.00,  0.000,  0.000,  0.000,  0.000
840003234513932,  1540,12,10:26:50,10:27:09,    19, 89.50, 89.40,LS    ,  0.10,  0.000,  0.00,  0.000,  0.000,  0.000,  0.000
840003287324966,  1261,15,10:22:14,10:27:15,   301, 94.60, 92.70,LS    ,  1.90,  0.000,  0.00,  0.000,  0.000,  0.000,  0.000
840003218920901,  1143,18,10:25:12,10:27:18,   126, 89.20, 88.10,LS    ,  1.10,  0.000,  0.00,  0.000,  0.000,  0.000,  0.000
840003234513964,  1572, 8,10:24:06,10:27:23,   197, 94.90, 93.30,HS    ,  1.60,  0.000,  0.00,  0.000,  0.000,  0.000,  0.000
840003205049675,  9789,28,10:27:22,10:27:32,    10, 94.20, 94.20,LS    ,  0.00,  0.000,  0.00,  0.000,  0.000,  0.000,  0.000
840003211747992,  9963, 7,10:25:24,10:27:33,   129, 94.80, 93.40,LS    ,  1.40,  0.000,  0.00,  0.000,  0.000,  0.000,  0.000
840003203286181,  1204,16,10:23:42,10:27:40,   238, 94.50, 92.80,HS    ,  1.70,  0.000,  0.00,  0.000,  0.000,  0.000,  0.000
840003268256460,  9534,32,10:23:36,10:27:46,   250, 93.50, 91.50,HS    ,  2.00,  0.000,  0.00,  0.000,  0.000,  0.000,  0.000
840003268256441,  1148,20,10:17:28,10:28:03,   635, 66.70, 48.10,LS    , 18.60,  0.000,  0.00,  0.000,  0.000,  0.000,  0.000
840003218920920,  1162, 7,10:27:43,10:28:04,    21, 93.40, 93.10,LS    ,  0.30,  0.000,  0.00,  0.000,  0.000,  0.000,  0.000
840003234513778,  1386,69,10:12:49,10:28:22,   933, 61.21, 55.09,TEST  ,  6.12,  0.000,  0.00,  0.000,  0.000,  0.000,  0.000
840003211747972,  9943,23,10:26:55,10:28:21,    86, 91.90, 91.30,LS    ,  0.60,  0.000,  0.00,  0.000,  0.000,  0.000,  0.000
840003250681637,  1622,12,10:27:23,10:28:24,    61, 89.40, 88.90,LS    ,  0.50,  0.000,  0.00,  0.000,  0.000,  0.000,  0.000
840003234513766,  1374,67,10:21:40,10:28:36,   416, 62.96, 60.50,TEST  ,  2.46,  0.000,  0.00,  0.000,  0.000,  0.000,  0.000
840003287325039,  1348,70,10:17:10,10:28:34,   684, 81.02, 78.31,TEST  ,  2.71,  0.000,  0.00,  0.000,  0.000,  0.000,  0.000
840003218920882,  1124,22,10:25:26,10:28:33,   187, 92.40, 91.10,HS    ,  1.30,  0.000,  0.00,  0.000,  0.000,  0.000,  0.000
840003234513964,  1572,10,10:27:41,10:28:35,    54, 86.80, 86.20,LS    ,  0.60,  0.000,  0.00,  0.000,  0.000,  0.000,  0.000
840003250681646,  1631,24,10:25:54,10:28:39,   165, 94.10, 93.30,HS    ,  0.80,  0.000,  0.00,  0.000,  0.000,  0.000,  0.000
840003234513972,  1580,14,10:28:28,10:28:43,    15, 93.90, 93.80,HS    ,  0.10,  0.000,  0.00,  0.000,  0.000,  0.000,  0.000
840003218920820,  1062, 3,10:26:05,10:28:46,   161, 87.80, 86.90,LS    ,  0.90,  0.000,  0.00,  0.000,  0.000,  0.000,  0.000
840003211747972,  9943,24,10:28:49,10:29:02,    13, 93.30, 93.00,HS    ,  0.30,  0.000,  0.00,  0.000,  0.000,  0.000,  0.000
840003234513923,  1531,26,10:26:23,10:29:08,   165, 91.40, 90.80,HS    ,  0.60,  0.000,  0.00,  0.000,  0.000,  0.000,  0.000
840003287325011,  1064, 5,10:27:05,10:29:09,   124, 91.90, 91.10,HS    ,  0.80,  0.000,  0.00,  0.000,  0.000,  0.000,  0.000
840003234513991,  1599,19,10:24:10,10:29:12,   302, 91.70, 90.10,LS    ,  1.60,  0.000,  0.00,  0.000,  0.000,  0.000,  0.000
840003234513973,  1581, 6,10:27:09,10:29:21,   132, 90.60, 89.40,LS    ,  1.20,  0.000,  0.00,  0.000,  0.000,  0.000,  0.000
840003250681640,  1625,30,10:18:27,10:29:21,   654, 79.40, 74.80,HS    ,  4.60,  0.000,  0.00,  0.000,  0.000,  0.000,  0.000
840003234513826,  1434,25,10:23:57,10:29:25,   328, 95.60, 93.20,LS    ,  2.40,  0.000,  0.00,  0.000,  0.000,  0.000,  0.000
840003218920882,  1124,21,10:28:45,10:29:31,    46, 92.50, 92.10,HS    ,  0.40,  0.000,  0.00,  0.000,  0.000,  0.000,  0.000
840003205049675,  9789,32,10:28:01,10:29:33,    92, 91.50, 90.50,HS    ,  1.00,  0.000,  0.00,  0.000,  0.000,  0.000,  0.000
840003234513972,  1580,14,10:28:55,10:29:35,    40, 93.80, 93.60,HS    ,  0.20,  0.000,  0.00,  0.000,  0.000,  0.000,  0.000
840003250681632,  1617, 2,10:26:44,10:29:40,   176, 91.90, 90.50,LS    ,  1.40,  0.000,  0.00,  0.000,  0.000,  0.000,  0.000
840003234513964,  1572,10,10:29:02,10:29:44,    42, 85.40, 84.90,LS    ,  0.50,  0.000,  0.00,  0.000,  0.000,  0.000,  0.000
840003234513932,  1540,13,10:27:23,10:29:43,   140, 95.60, 94.80,HS    ,  0.80,  0.000,  0.00,  0.000,  0.000,  0.000,  0.000
840003287325011,  1064, 9,10:29:18,10:29:50,    32, 94.60, 94.20,HS    ,  0.40,  0.000,  0.00,  0.000,  0.000,  0.000,  0.000
840003268256516,  9779,28,10:27:42,10:29:58,   136, 93.80, 92.70,LS    ,  1.10,  0.000,  0.00,  0.000,  0.000,  0.000,  0.000
840003218920901,  1143,12,10:28:35,10:30:24,   109, 89.00, 87.90,LS    ,  1.10,  0.000,  0.00,  0.000,  0.000,  0.000,  0.000
840003205049588,  9702, 4,10:22:28,10:30:32,   484, 92.20, 89.70,HS    ,  2.50,  0.000,  0.00,  0.000,  0.000,  0.000,  0.000
840003218920920,  1162, 3,10:28:56,10:30:50,   114, 86.90, 86.10,LS    ,  0.80,  0.000,  0.00,  0.000,  0.000,  0.000,  0.000
840003211747992,  9963, 7,10:28:15,10:31:01,   166, 93.10, 91.20,LS    ,  1.90,  0.000,  0.00,  0.000,  0.000,  0.000,  0.000
840003218920990,  1232, 1,10:26:49,10:31:02,   253, 87.90, 86.00,HS    ,  1.90,  0.000,  0.00,  0.000,  0.000,  0.000,  0.000
840003268256441,  1148,23,10:28:49,10:31:05,   136, 91.30, 90.30,LS    ,  1.00,  0.000,  0.00,  0.000,  0.000,  0.000,  0.000
840003250681632,  1617,13,10:31:05,10:31:09,     4, 94.80, 94.80,HS    ,  0.00,  0.000,  0.00,  0.000,  0.000,  0.000,  0.000
840003268256460,  9534,31,10:27:51,10:31:11,   200, 94.90, 93.50,LS    ,  1.40,  0.000,  0.00,  0.000,  0.000,  0.000,  0.000
840003268256516,  9779,28,10:30:31,10:31:11,    40, 92.70, 92.20,LS    ,  0.50,  0.000,  0.00,  0.000,  0.000,  0.000,  0.000
840003218920901,  1143,20,10:30:57,10:31:16,    19, 48.10, 47.60,LS    ,  0.50,  0.000,  0.00,  0.000,  0.000,  0.000,  0.000
840003234513923,  1531,30,10:29:32,10:31:20,   108, 74.80, 73.90,HS    ,  0.90,  0.000,  0.00,  0.000,  0.000,  0.000,  0.000
840003211747972,  9943,25,10:29:48,10:31:26,    98, 93.20, 92.60,LS    ,  0.60,  0.000,  0.00,  0.000,  0.000,  0.000,  0.000
840003234513964,  1572, 9,10:30:01,10:31:27,    86, 94.20, 93.50,HS    ,  0.70,  0.000,  0.00,  0.000,  0.000,  0.000,  0.000
840003250681674,  1659,10,10:30:23,10:31:33,    70, 84.40, 84.30,LS    ,  0.10,  0.000,  0.00,  0.000,  0.000,  0.000,  0.000
840003234513925,  1533,18,10:27:29,10:31:36,   247, 88.10, 86.00,LS    ,  2.10,  0.000,  0.00,  0.000,  0.000,  0.000,  0.000
840003287324966,  1261,15,10:27:40,10:31:50,   250, 92.70, 91.30,LS    ,  1.40,  0.000,  0.00,  0.000,  0.000,  0.000,  0.000
840003234513987,  1595,29,10:21:35,10:31:52,   617, 95.10, 92.10,HS    ,  3.00,  0.000,  0.00,  0.000,  0.000,  0.000,  0.000
840003268256516,  9779,28,10:31:38,10:32:01,    23, 92.20, 91.80,LS    ,  0.40,  0.000,  0.00,  0.000,  0.000,  0.000,  0.000
840003250681646,  1631,26,10:29:28,10:32:06,   158, 90.80, 89.80,HS    ,  1.00,  0.000,  0.00,  0.000,  0.000,  0.000,  0.000
840003234513964,  1572,10,10:31:43,10:32:09,    26, 83.80, 83.60,LS    ,  0.20,  0.000,  0.00,  0.000,  0.000,  0.000,  0.000
840003218920920,  1162, 3,10:31:06,10:32:10,    64, 86.10, 85.60,LS    ,  0.50,  0.000,  0.00,  0.000,  0.000,  0.000,  0.000
840003234513925,  1533,17,10:31:42,10:32:10,    28, 94.10, 94.10,HS    ,  0.00,  0.000,  0.00,  0.000,  0.000,  0.000,  0.000
840003218920882,  1124,16,10:29:44,10:32:17,   153, 92.80, 91.90,HS    ,  0.90,  0.000,  0.00,  0.000,  0.000,  0.000,  0.000
840003268256460,  9534,31,10:31:38,10:32:20,    42, 93.50, 93.20,LS    ,  0.30,  0.000,  0.00,  0.000,  0.000,  0.000,  0.000
840003287325011,  1064, 8,10:29:54,10:32:23,   149, 93.30, 92.40,HS    ,  0.90,  0.000,  0.00,  0.000,  0.000,  0.000,  0.000
840003250681640,  1625,32,10:29:43,10:32:25,   162, 90.50, 89.60,HS    ,  0.90,  0.000,  0.00,  0.000,  0.000,  0.000,  0.000
840003234513987,  1595,28,10:32:10,10:32:26,    16, 91.90, 91.80,LS    ,  0.10,  0.000,  0.00,  0.000,  0.000,  0.000,  0.000
840003234513991,  1599, 7,10:31:11,10:32:28,    77, 91.10, 90.70,LS    ,  0.40,  0.000,  0.00,  0.000,  0.000,  0.000,  0.000
840003218921056,  1298,53,10:32:31,10:32:37,     6, 81.09, 80.99,TEST  ,  0.10,  0.000,  0.00,  0.000,  0.000,  0.000,  0.000
840003211747972,  9943,22,10:32:22,10:32:38,    16, 91.10, 90.90,HS    ,  0.20,  0.000,  0.00,  0.000,  0.000,  0.000,  0.000
840003234513826,  1434,27,10:29:47,10:32:40,   173, 94.60, 93.40,LS    ,  1.20,  0.000,  0.00,  0.000,  0.000,  0.000,  0.000
840003234513964,  1572,10,10:32:29,10:32:57,    28, 83.40, 83.20,LS    ,  0.20,  0.000,  0.00,  0.000,  0.000,  0.000,  0.000
840003287325011,  1064, 7,10:32:38,10:32:58,    20, 90.40, 90.20,LS    ,  0.20,  0.000,  0.00,  0.000,  0.000,  0.000,  0.000
840003250681646,  1631,24,10:32:37,10:32:59,    22, 93.00, 92.90,HS    ,  0.10,  0.000,  0.00,  0.000,  0.000,  0.000,  0.000
840003218920882,  1124,13,10:32:36,10:33:04,    28, 94.70, 94.50,HS    ,  0.20,  0.000,  0.00,  0.000,  0.000,  0.000,  0.000
840003268256441,  1148,18,10:31:46,10:33:07,    81, 86.00, 85.50,LS    ,  0.50,  0.000,  0.00,  0.000,  0.000,  0.000,  0.000
840003218920901,  1143,19,10:31:23,10:33:11,   108, 90.10, 89.30,LS    ,  0.80,  0.000,  0.00,  0.000,  0.000,  0.000,  0.000
840003234513826,  1434,24,10:33:11,10:33:15,     4, 92.70, 92.70,HS    ,  0.00,  0.000,  0.00,  0.000,  0.000,  0.000,  0.000
840003205049588,  9702, 4,10:30:42,10:33:19,   157, 89.70, 89.00,HS    ,  0.70,  0.000,  0.00,  0.000,  0.000,  0.000,  0.000
840003234513964,  1572,10,10:33:12,10:33:20,     8, 82.80, 82.90,LS    , -0.10,  0.000,  0.00,  0.000,  0.000,  0.000,  0.000
840003211747992,  9963,15,10:32:00,10:33:20,    80, 91.40, 90.50,LS    ,  0.90,  0.000,  0.00,  0.000,  0.000,  0.000,  0.000
840003268256516,  9779,28,10:32:44,10:33:29,    45, 91.80, 91.40,LS    ,  0.40,  0.000,  0.00,  0.000,  0.000,  0.000,  0.000
840003250681632,  1617,20,10:31:40,10:33:40,   120, 47.60, 48.50,LS    , -0.90,  0.000,  0.00,  0.000,  0.000,  0.000,  0.000
840003234513925,  1533,15,10:33:30,10:33:43,    13, 90.50, 90.50,LS    ,  0.00,  0.000,  0.00,  0.000,  0.000,  0.000,  0.000
840003268256460,  9534,32,10:32:36,10:33:48,    72, 89.60, 88.60,HS    ,  1.00,  0.000,  0.00,  0.000,  0.000,  0.000,  0.000
840003218920882,  1124,17,10:33:22,10:33:52,    30, 94.10, 94.00,HS    ,  0.10,  0.000,  0.00,  0.000,  0.000,  0.000,  0.000
840003211747972,  9943,23,10:32:46,10:33:56,    70, 90.30, 89.90,LS    ,  0.40,  0.000,  0.00,  0.000,  0.000,  0.000,  0.000
840003234513826,  1434,25,10:33:27,10:33:57,    30, 92.60, 92.40,LS    ,  0.20,  0.000,  0.00,  0.000,  0.000,  0.000,  0.000
840003250681646,  1631,24,10:33:30,10:34:02,    32, 92.70, 92.50,HS    ,  0.20,  0.000,  0.00,  0.000,  0.000,  0.000,  0.000
840003234513972,  1580,10,10:33:51,10:34:07,    16, 82.60, 82.60,LS    ,  0.00,  0.000,  0.00,  0.000,  0.000,  0.000,  0.000
840003218920920,  1162, 3,10:32:42,10:34:13,    91, 85.60, 84.90,LS    ,  0.70,  0.000,  0.00,  0.000,  0.000,  0.000,  0.000
840003234513925,  1533,21,10:34:09,10:34:19,    10, 92.10, 92.10,HS    ,  0.00,  0.000,  0.00,  0.000,  0.000,  0.000,  0.000
840003250681637,  1622,14,10:34:09,10:34:32,    23, 93.60, 93.60,HS    ,  0.00,  0.000,  0.00,  0.000,  0.000,  0.000,  0.000
840003250681640,  1625,32,10:34:05,10:34:35,    30, 88.60, 88.50,HS    ,  0.10,  0.000,  0.00,  0.000,  0.000,  0.000,  0.000
840003250681669,  1654,29,10:32:03,10:34:40,   157, 92.10, 91.00,HS    ,  1.10,  0.000,  0.00,  0.000,  0.000,  0.000,  0.000
840003268256516,  9779,25,10:34:09,10:34:41,    32, 92.40, 91.90,LS    ,  0.50,  0.000,  0.00,  0.000,  0.000,  0.000,  0.000
840003234513964,  1572, 9,10:33:47,10:34:45,    58, 93.40, 93.10,HS    ,  0.30,  0.000,  0.00,  0.000,  0.000,  0.000,  0.000
840003234513923,  1531,30,10:31:37,10:34:44,   187, 73.90, 73.20,HS    ,  0.70,  0.000,  0.00,  0.000,  0.000,  0.000,  0.000
840003274076117,  9785,11,10:25:40,10:34:45,   545, 88.80, 83.80,LS    ,  5.00,  0.000,  0.00,  0.000,  0.000,  0.000,  0.000
840003234513826,  1434,27,10:34:08,10:34:49,    41, 93.40, 93.10,LS    ,  0.30,  0.000,  0.00,  0.000,  0.000,  0.000,  0.000
840003287325011,  1064, 7,10:33:07,10:34:49,   102, 90.30, 89.50,LS    ,  0.80,  0.000,  0.00,  0.000,  0.000,  0.000,  0.000
840003250681637,  1622,13,10:34:39,10:34:51,    12, 94.60, 94.40,HS    ,  0.20,  0.000,  0.00,  0.000,  0.000,  0.000,  0.000
840003234513987,  1595,22,10:32:52,10:34:54,   122, 90.90, 90.30,HS    ,  0.60,  0.000,  0.00,  0.000,  0.000,  0.000,  0.000
840003205049675,  9789,26,10:34:31,10:34:57,    26, 89.80, 89.60,HS    ,  0.20,  0.000,  0.00,  0.000,  0.000,  0.000,  0.000
840003205049588,  9702, 8,10:33:31,10:35:09,    98, 92.40, 92.00,HS    ,  0.40,  0.000,  0.00,  0.000,  0.000,  0.000,  0.000
840003250681674,  1659,10,10:34:56,10:35:20,    24, 82.10, 82.20,LS    , -0.10,  0.000,  0.00,  0.000,  0.000,  0.000,  0.000
840003218920990,  1232, 1,10:31:14,10:35:41,   267, 86.00, 84.70,HS    ,  1.30,  0.000,  0.00,  0.000,  0.000,  0.000,  0.000
840003287325039,  1348,60,10:29:31,10:35:57,   386, 93.57, 91.44,TEST  ,  2.13,  0.000,  0.00,  0.000,  0.000,  0.000,  0.000
840003250681640,  1625,32,10:34:49,10:36:06,    77, 88.50, 87.90,HS    ,  0.60,  0.000,  0.00,  0.000,  0.000,  0.000,  0.000
840003211747972,  9943,25,10:34:57,10:36:14,    77, 92.00, 91.50,LS    ,  0.50,  0.000,  0.00,  0.000,  0.000,  0.000,  0.000
840003234513964,  1572,10,10:35:30,10:36:26,    56, 81.90, 81.30,LS    ,  0.60,  0.000,  0.00,  0.000,  0.000,  0.000,  0.000
840003205049588,  9702, 9,10:35:23,10:36:46,    83, 93.10, 92.70,HS    ,  0.40,  0.000,  0.00,  0.000,  0.000,  0.000,  0.000
840003250681646,  1631,24,10:34:12,10:37:08,   176, 92.50, 91.30,HS    ,  1.20,  0.000,  0.00,  0.000,  0.000,  0.000,  0.000
840003234513964,  1572, 9,10:36:56,10:37:13,    17, 92.70, 92.60,HS    ,  0.10,  0.000,  0.00,  0.000,  0.000,  0.000,  0.000
840003250681632,  1617,23,10:34:11,10:37:24,   193, 89.90, 88.60,LS    ,  1.30,  0.000,  0.00,  0.000,  0.000,  0.000,  0.000
840003274076117,  9785, 3,10:35:41,10:37:50,   129, 84.90, 84.00,LS    ,  0.90,  0.000,  0.00,  0.000,  0.000,  0.000,  0.000
840003234513964,  1572,10,10:37:30,10:37:58,    28, 80.60, 80.50,LS    ,  0.10,  0.000,  0.00,  0.000,  0.000,  0.000,  0.000
840003211747972,  9943,24,10:37:55,10:38:13,    18, 90.90, 90.60,HS    ,  0.30,  0.000,  0.00,  0.000,  0.000,  0.000,  0.000
840003234513826,  1434,28,10:35:14,10:38:16,   182, 91.30, 90.10,LS    ,  1.20,  0.000,  0.00,  0.000,  0.000,  0.000,  0.000
840003250681637,  1622,31,10:37:08,10:38:20,    72, 93.20, 91.60,LS    ,  1.60,  0.000,  0.00,  0.000,  0.000,  0.000,  0.000
840003234513964,  1572,10,10:38:14,10:38:44,    30, 80.30, 80.20,LS    ,  0.10,  0.000,  0.00,  0.000,  0.000,  0.000,  0.000
840003268256516,  9779,26,10:35:08,10:38:46,   218, 89.60, 88.50,HS    ,  1.10,  0.000,  0.00,  0.000,  0.000,  0.000,  0.000
840003205049675,  9789,21,10:35:56,10:38:51,   175, 92.10, 90.60,HS    ,  1.50,  0.000,  0.00,  0.000,  0.000,  0.000,  0.000
840003218920983,  1225,25,10:36:24,10:38:52,   148, 91.50, 90.20,LS    ,  1.30,  0.000,  0.00,  0.000,  0.000,  0.000,  0.000
840003218921056,  1298,53,10:32:37,10:38:58,   381, 80.99, 78.67,TEST  ,  2.32,  0.000,  0.00,  0.000,  0.000,  0.000,  0.000
840003218920901,  1143,15,10:34:03,10:39:11,   308, 90.50, 88.30,LS    ,  2.20,  0.000,  0.00,  0.000,  0.000,  0.000,  0.000
840003234513873,  1481,53,10:39:14,10:39:19,     5, 78.69, 78.68,TEST  ,  0.01,  0.000,  0.00,  0.000,  0.000,  0.000,  0.000
840003211747972,  9943,25,10:39:02,10:39:16,    14, 90.20, 89.90,LS    ,  0.30,  0.000,  0.00,  0.000,  0.000,  0.000,  0.000
840003268256441,  1148,19,10:33:21,10:39:28,   367, 89.30, 87.00,LS    ,  2.30,  0.000,  0.00,  0.000,  0.000,  0.000,  0.000
840003274076179,  8966,82,10:38:53,10:39:37,    44, 69.92, 69.63,TEST  ,  0.29,  0.000,  0.00,  0.000,  0.000,  0.000,  0.000
840003287325013,  9824, 4,10:33:34,10:39:36,   362, 89.00, 86.50,HS    ,  2.50,  0.000,  0.00,  0.000,  0.000,  0.000,  0.000
840003268256516,  9779,25,10:39:26,10:39:37,    11, 89.90, 89.80,LS    ,  0.10,  0.000,  0.00,  0.000,  0.000,  0.000,  0.000
840003234513964,  1572,10,10:38:56,10:39:52,    56, 80.00, 79.60,LS    ,  0.40,  0.000,  0.00,  0.000,  0.000,  0.000,  0.000
840003211747972,  9943,25,10:39:48,10:39:54,     6, 89.70, 89.70,LS    ,  0.00,  0.000,  0.00,  0.000,  0.000,  0.000,  0.000
840003234513991,  1599,27,10:35:37,10:40:01,   264, 93.10, 91.60,LS    ,  1.50,  0.000,  0.00,  0.000,  0.000,  0.000,  0.000
840003274076117,  9785, 3,10:38:40,10:40:02,    82, 84.00, 83.40,LS    ,  0.60,  0.000,  0.00,  0.000,  0.000,  0.000,  0.000
840003287325011,  1064, 8,10:35:21,10:40:38,   317, 92.00, 90.10,HS    ,  1.90,  0.000,  0.00,  0.000,  0.000,  0.000,  0.000
840003218920920,  1162, 4,10:39:45,10:40:42,    57, 86.50, 86.00,HS    ,  0.50,  0.000,  0.00,  0.000,  0.000,  0.000,  0.000
840003234513964,  1572,10,10:40:15,10:40:56,    41, 79.60, 79.30,LS    ,  0.30,  0.000,  0.00,  0.000,  0.000,  0.000,  0.000
840003250681640,  1625,32,10:36:24,10:41:08,   284, 87.90, 86.30,HS    ,  1.60,  0.000,  0.00,  0.000,  0.000,  0.000,  0.000
840003234513973,  1581,12,10:30:34,10:41:09,   635, 88.00, 83.50,LS    ,  4.50,  0.000,  0.00,  0.000,  0.000,  0.000,  0.000
840003205049588,  9702, 9,10:37:34,10:41:10,   216, 92.60, 91.60,HS    ,  1.00,  0.000,  0.00,  0.000,  0.000,  0.000,  0.000
840003234513925,  1533,11,10:34:55,10:41:17,   382, 83.80, 81.20,LS    ,  2.60,  0.000,  0.00,  0.000,  0.000,  0.000,  0.000
840003268256516,  9779,25,10:40:09,10:41:19,    70, 89.50, 88.90,LS    ,  0.60,  0.000,  0.00,  0.000,  0.000,  0.000,  0.000
840003218920920,  1162, 4,10:41:00,10:41:21,    21, 86.00, 85.60,HS    ,  0.40,  0.000,  0.00,  0.000,  0.000,  0.000,  0.000
840003234513972,  1580, 7,10:35:25,10:41:32,   367, 89.50, 86.80,LS    ,  2.70,  0.000,  0.00,  0.000,  0.000,  0.000,  0.000
840003218920820,  1062, 6,10:29:31,10:41:43,   732, 89.40, 86.80,LS    ,  2.60,  0.000,  0.00,  0.000,  0.000,  0.000,  0.000
840003250681674,  1659, 8,10:40:48,10:41:47,    59, 90.10, 90.10,HS    ,  0.00,  0.000,  0.00,  0.000,  0.000,  0.000,  0.000
840003218920920,  1162, 4,10:42:02,10:42:05,     3, 85.60, 85.60,HS    ,  0.00,  0.000,  0.00,  0.000,  0.000,  0.000,  0.000
840003274076179,  8966,76,10:40:24,10:42:11,   107, 82.92, 82.24,TEST  ,  0.68,  0.000,  0.00,  0.000,  0.000,  0.000,  0.000
840003234513766,  1374,61,10:28:52,10:42:14,   802, 90.71, 86.25,TEST  ,  4.46,  0.000,  0.00,  0.000,  0.000,  0.000,  0.000
840003250681637,  1622,26,10:42:03,10:42:13,    10, 88.50, 88.50,HS    ,  0.00,  0.000,  0.00,  0.000,  0.000,  0.000,  0.000
840003211747972,  9943,27,10:40:11,10:42:19,   128, 91.60, 90.80,LS    ,  0.80,  0.000,  0.00,  0.000,  0.000,  0.000,  0.000
840003203286181,  1204, 5,10:29:49,10:42:24,   755, 91.10, 86.90,HS    ,  4.20,  0.000,  0.00,  0.000,  0.000,  0.000,  0.000
840003218920983,  1225,28,10:39:37,10:42:29,   172, 90.10, 88.90,LS    ,  1.20,  0.000,  0.00,  0.000,  0.000,  0.000,  0.000
840003268256516,  9779,25,10:41:55,10:42:31,    36, 88.90, 88.40,LS    ,  0.50,  0.000,  0.00,  0.000,  0.000,  0.000,  0.000
840003218920990,  1232, 3,10:41:46,10:42:32,    46, 83.40, 83.10,LS    ,  0.30,  0.000,  0.00,  0.000,  0.000,  0.000,  0.000
840003250681632,  1617,23,10:37:41,10:42:34,   293, 88.60, 86.90,LS    ,  1.70,  0.000,  0.00,  0.000,  0.000,  0.000,  0.000
840003218920920,  1162, 4,10:42:25,10:42:33,     8, 85.10, 85.10,HS    ,  0.00,  0.000,  0.00,  0.000,  0.000,  0.000,  0.000
840003234513964,  1572,10,10:41:26,10:42:40,    74, 79.30, 78.70,LS    ,  0.60,  0.000,  0.00,  0.000,  0.000,  0.000,  0.000
840003211747972,  9943,28,10:42:39,10:42:58,    19, 89.00, 88.80,LS    ,  0.20,  0.000,  0.00,  0.000,  0.000,  0.000,  0.000
840003268256516,  9779,25,10:42:47,10:43:00,    13, 88.40, 88.40,LS    ,  0.00,  0.000,  0.00,  0.000,  0.000,  0.000,  0.000
840003250681646,  1631,24,10:38:28,10:43:08,   280, 90.60, 88.70,HS    ,  1.90,  0.000,  0.00,  0.000,  0.000,  0.000,  0.000
840003218921056,  1298,54,10:39:12,10:43:29,   257, 62.41, 60.87,TEST  ,  1.54,  0.000,  0.00,  0.000,  0.000,  0.000,  0.000
840003218920939,  1181, 2,10:29:50,10:43:26,   816, 90.50, 84.70,LS    ,  5.80,  0.000,  0.00,  0.000,  0.000,  0.000,  0.000
840003234513972,  1580, 6,10:41:56,10:43:34,    98, 86.80, 86.20,LS    ,  0.60,  0.000,  0.00,  0.000,  0.000,  0.000,  0.000
840003250681620,  1605,31,10:38:30,10:43:41,   311, 91.60, 90.20,LS    ,  1.40,  0.000,  0.00,  0.000,  0.000,  0.000,  0.000
840003287325011,  1064,12,10:41:18,10:43:47,   149, 83.60, 82.80,LS    ,  0.80,  0.000,  0.00,  0.000,  0.000,  0.000,  0.000
840003287325013,  9824, 4,10:42:47,10:43:50,    63, 85.10, 84.90,HS    ,  0.20,  0.000,  0.00,  0.000,  0.000,  0.000,  0.000
840003218920939,  1181, 1,10:43:37,10:43:53,    16, 84.70, 84.60,HS    ,  0.10,  0.000,  0.00,  0.000,  0.000,  0.000,  0.000
840003234513932,  1540,13,10:35:57,10:43:51,   474, 94.40, 92.50,HS    ,  1.90,  0.000,  0.00,  0.000,  0.000,  0.000,  0.000
840003218921056,  1298,54,10:44:04,10:44:09,     5, 60.84, 60.99,TEST  , -0.15,  0.000,  0.00,  0.000,  0.000,  0.000,  0.000
840003268256516,  9779,24,10:43:17,10:44:37,    80, 88.70, 88.10,HS    ,  0.60,  0.000,  0.00,  0.000,  0.000,  0.000,  0.000
840003250681748,  1733,66,10:40:05,10:44:49,   284, 80.82, 79.16,TEST  ,  1.66,  0.000,  0.00,  0.000,  0.000,  0.000,  0.000
840003218920983,  1225,25,10:43:10,10:44:46,    96, 88.40, 87.70,LS    ,  0.70,  0.000,  0.00,  0.000,  0.000,  0.000,  0.000
840003234513925,  1533, 7,10:41:43,10:44:50,   187, 86.80, 85.80,LS    ,  1.00,  0.000,  0.00,  0.000,  0.000,  0.000,  0.000
840003218920939,  1181, 2,10:44:08,10:45:13,    65, 84.70, 84.20,LS    ,  0.50,  0.000,  0.00,  0.000,  0.000,  0.000,  0.000
840003250681637,  1622,23,10:42:43,10:45:13,   150, 86.90, 85.90,LS    ,  1.00,  0.000,  0.00,  0.000,  0.000,  0.000,  0.000
840003268256460,  9534,21,10:39:02,10:45:25,   383, 90.60, 87.90,HS    ,  2.70,  0.000,  0.00,  0.000,  0.000,  0.000,  0.000
840003234513991,  1599, 7,10:45:00,10:45:26,    26, 85.80, 85.70,LS    ,  0.10,  0.000,  0.00,  0.000,  0.000,  0.000,  0.000
840003205049588,  9702, 9,10:41:25,10:45:33,   248, 91.60, 90.60,HS    ,  1.00,  0.000,  0.00,  0.000,  0.000,  0.000,  0.000
840003211747992,  9963,20,10:33:50,10:45:33,   703, 48.40, 34.10,LS    , 14.30,  0.000,  0.00,  0.000,  0.000,  0.000,  0.000
840003234513932,  1540,12,10:44:04,10:45:40,    96, 82.70, 82.20,LS    ,  0.50,  0.000,  0.00,  0.000,  0.000,  0.000,  0.000
840003268256516,  9779,25,10:45:13,10:45:43,    30, 87.70, 87.40,LS    ,  0.30,  0.000,  0.00,  0.000,  0.000,  0.000,  0.000
840003218920939,  1181, 1,10:45:34,10:45:48,    14, 84.70, 84.60,HS    ,  0.10,  0.000,  0.00,  0.000,  0.000,  0.000,  0.000
840003250681669,  1654,22,10:35:10,10:46:04,   654, 90.30, 87.00,HS    ,  3.30,  0.000,  0.00,  0.000,  0.000,  0.000,  0.000
840003218920983,  1225,23,10:45:22,10:46:13,    51, 85.90, 85.60,LS    ,  0.30,  0.000,  0.00,  0.000,  0.000,  0.000,  0.000
840003268256460,  9534,20,10:45:47,10:46:33,    46, 34.10, 34.40,LS    , -0.30,  0.000,  0.00,  0.000,  0.000,  0.000,  0.000
840003234513828,  1436,55,10:44:17,10:46:39,   142, 79.78, 78.62,TEST  ,  1.16,  0.000,  0.00,  0.000,  0.000,  0.000,  0.000
840003218920939,  1181, 2,10:45:59,10:46:36,    37, 84.20, 84.00,LS    ,  0.20,  0.000,  0.00,  0.000,  0.000,  0.000,  0.000
840003205049675,  9789,14,10:39:28,10:46:39,   431, 93.60, 90.70,HS    ,  2.90,  0.000,  0.00,  0.000,  0.000,  0.000,  0.000
840003234513932,  1540,12,10:46:04,10:46:39,    35, 82.30, 81.80,LS    ,  0.50,  0.000,  0.00,  0.000,  0.000,  0.000,  0.000
840003218921056,  1298,54,10:44:09,10:46:48,   159, 60.99, 59.96,TEST  ,  1.03,  0.000,  0.00,  0.000,  0.000,  0.000,  0.000
840003250681632,  1617,15,10:43:05,10:46:45,   220, 88.30, 87.40,LS    ,  0.90,  0.000,  0.00,  0.000,  0.000,  0.000,  0.000
840003218920882,  1124,17,10:34:05,10:46:47,   762, 94.00, 89.70,HS    ,  4.30,  0.000,  0.00,  0.000,  0.000,  0.000,  0.000
840003234513693,  1301,57,09:30:33,10:46:52,  4579, 97.42, 88.44,TEST  ,  8.98,  0.000,  0.00,  0.000,  0.000,  0.000,  0.000
840003218921056,  1298,54,10:46:51,10:46:57,     6, 60.02, 59.93,TEST  ,  0.09,  0.000,  0.00,  0.000,  0.000,  0.000,  0.000
840003234513973,  1581,11,10:41:28,10:46:52,   324, 81.20, 79.40,LS    ,  1.80,  0.000,  0.00,  0.000,  0.000,  0.000,  0.000
840003250681674,  1659,10,10:43:51,10:46:52,   181, 78.40, 77.30,LS    ,  1.10,  0.000,  0.00,  0.000,  0.000,  0.000,  0.000
840003250681748,  1733,66,10:45:20,10:46:57,    97, 79.17, 78.60,TEST  ,  0.57,  0.000,  0.00,  0.000,  0.000,  0.000,  0.000
840003218920939,  1181, 1,10:46:43,10:47:04,    21, 84.60, 84.60,HS    ,  0.00,  0.000,  0.00,  0.000,  0.000,  0.000,  0.000
840003218920820,  1062, 2,10:46:57,10:47:10,    13, 84.00, 84.00,LS    ,  0.00,  0.000,  0.00,  0.000,  0.000,  0.000,  0.000
840003268256460,  9534,22,10:47:04,10:47:11,     7, 87.00, 86.90,HS    ,  0.10,  0.000,  0.00,  0.000,  0.000,  0.000,  0.000
840003218920901,  1143,19,10:39:44,10:47:17,   453, 87.00, 84.00,LS    ,  3.00,  0.000,  0.00,  0.000,  0.000,  0.000,  0.000
840003250681681,  1666,16,10:41:19,10:47:21,   362, 91.90, 90.10,HS    ,  1.80,  0.000,  0.00,  0.000,  0.000,  0.000,  0.000
840003268256516,  9779,24,10:46:02,10:47:25,    83, 88.10, 87.70,HS    ,  0.40,  0.000,  0.00,  0.000,  0.000,  0.000,  0.000
840003218920939,  1181, 1,10:47:18,10:47:27,     9, 84.60, 84.60,HS    ,  0.00,  0.000,  0.00,  0.000,  0.000,  0.000,  0.000
840003211747992,  9963,17,10:46:59,10:47:30,    31, 89.70, 89.60,HS    ,  0.10,  0.000,  0.00,  0.000,  0.000,  0.000,  0.000
840003234513932,  1540,12,10:46:56,10:47:38,    42, 81.80, 81.70,LS    ,  0.10,  0.000,  0.00,  0.000,  0.000,  0.000,  0.000
840003287324966,  1261,18,10:33:16,10:47:39,   863, 85.50, 81.30,LS    ,  4.20,  0.000,  0.00,  0.000,  0.000,  0.000,  0.000
840003287325011,  1064,13,10:44:03,10:47:48,   225, 92.50, 91.50,HS    ,  1.00,  0.000,  0.00,  0.000,  0.000,  0.000,  0.000
840003234513972,  1580, 7,10:45:36,10:47:50,   134, 85.70, 84.80,LS    ,  0.90,  0.000,  0.00,  0.000,  0.000,  0.000,  0.000
840003205049588,  9702,14,10:46:48,10:47:51,    63, 90.70, 90.40,HS    ,  0.30,  0.000,  0.00,  0.000,  0.000,  0.000,  0.000
840003218920901,  1143,20,10:47:40,10:47:53,    13, 34.50, 34.30,LS    ,  0.20,  0.000,  0.00,  0.000,  0.000,  0.000,  0.000
840003205049675,  9789,16,10:47:31,10:47:58,    27, 90.10, 89.90,HS    ,  0.20,  0.000,  0.00,  0.000,  0.000,  0.000,  0.000
840003218920983,  1225,23,10:46:36,10:48:05,    89, 85.60, 84.90,LS    ,  0.70,  0.000,  0.00,  0.000,  0.000,  0.000,  0.000
840003268256516,  9779,25,10:47:35,10:48:19,    44, 87.40, 87.10,LS    ,  0.30,  0.000,  0.00,  0.000,  0.000,  0.000,  0.000
840003234513828,  1436,69,10:47:38,10:48:32,    54, 55.03, 54.55,TEST  ,  0.48,  0.000,  0.00,  0.000,  0.000,  0.000,  0.000
840003250681681,  1666,17,10:47:40,10:48:35,    55, 89.70, 89.30,HS    ,  0.40,  0.000,  0.00,  0.000,  0.000,  0.000,  0.000
840003250681748,  1733,70,10:47:30,10:48:43,    73, 78.29, 78.02,TEST  ,  0.27,  0.000,  0.00,  0.000,  0.000,  0.000,  0.000
840003218920932,  1174, 9,10:47:23,10:48:39,    76, 90.60, 89.90,HS    ,  0.70,  0.000,  0.00,  0.000,  0.000,  0.000,  0.000
840003234513991,  1599,11,10:47:04,10:48:50,   106, 79.40, 79.10,LS    ,  0.30,  0.000,  0.00,  0.000,  0.000,  0.000,  0.000
840003218920920,  1162, 6,10:43:46,10:48:53,   307, 86.20, 84.10,LS    ,  2.10,  0.000,  0.00,  0.000,  0.000,  0.000,  0.000
840003287325013,  9824, 5,10:43:56,10:49:00,   304, 86.90, 85.20,HS    ,  1.70,  0.000,  0.00,  0.000,  0.000,  0.000,  0.000
840003250681681,  1666,21,10:48:54,10:49:12,    18, 87.90, 87.80,HS    ,  0.10,  0.000,  0.00,  0.000,  0.000,  0.000,  0.000
840003287325011,  1064,14,10:48:02,10:49:23,    81, 90.30, 89.70,HS    ,  0.60,  0.000,  0.00,  0.000,  0.000,  0.000,  0.000
840003268256516,  9779,25,10:48:48,10:49:25,    37, 87.10, 86.80,LS    ,  0.30,  0.000,  0.00,  0.000,  0.000,  0.000,  0.000
840003218920983,  1225,22,10:49:21,10:49:28,     7, 86.40, 85.70,HS    ,  0.70,  0.000,  0.00,  0.000,  0.000,  0.000,  0.000
840003205049588,  9702,16,10:48:09,10:49:36,    87, 89.90, 89.60,HS    ,  0.30,  0.000,  0.00,  0.000,  0.000,  0.000,  0.000
840003218920932,  1174, 9,10:48:57,10:50:00,    63, 89.90, 89.20,HS    ,  0.70,  0.000,  0.00,  0.000,  0.000,  0.000,  0.000
840003250681632,  1617, 7,10:48:03,10:50:05,   122, 84.70, 84.30,LS    ,  0.40,  0.000,  0.00,  0.000,  0.000,  0.000,  0.000
840003268256516,  9779,25,10:49:47,10:50:09,    22, 86.80, 86.70,LS    ,  0.10,  0.000,  0.00,  0.000,  0.000,  0.000,  0.000
840003234513925,  1533,10,10:49:03,10:50:39,    96, 76.70, 75.90,LS    ,  0.80,  0.000,  0.00,  0.000,  0.000,  0.000,  0.000
840003234513932,  1540,13,10:48:28,10:50:49,   141, 91.50, 90.90,HS    ,  0.60,  0.000,  0.00,  0.000,  0.000,  0.000,  0.000
840003250681637,  1622,11,10:49:00,10:50:57,   117, 79.10, 78.30,LS    ,  0.80,  0.000,  0.00,  0.000,  0.000,  0.000,  0.000
840003234513932,  1540,12,10:50:58,10:51:13,    15, 81.30, 81.60,LS    , -0.30,  0.000,  0.00,  0.000,  0.000,  0.000,  0.000
840003218920983,  1225,25,10:50:21,10:51:43,    82, 86.70, 86.20,LS    ,  0.50,  0.000,  0.00,  0.000,  0.000,  0.000,  0.000
840003287325011,  1064, 9,10:50:10,10:51:47,    97, 89.20, 88.70,HS    ,  0.50,  0.000,  0.00,  0.000,  0.000,  0.000,  0.000
840003268256460,  9534,24,10:47:34,10:51:51,   257, 87.70, 86.40,HS    ,  1.30,  0.000,  0.00,  0.000,  0.000,  0.000,  0.000
840003234513828,  1436,70,10:48:43,10:51:58,   195, 78.02, 76.59,TEST  ,  1.43,  0.000,  0.00,  0.000,  0.000,  0.000,  0.000
840003218920901,  1143,23,10:48:14,10:52:00,   226, 84.90, 83.50,LS    ,  1.40,  0.000,  0.00,  0.000,  0.000,  0.000,  0.000
840003234513932,  1540,13,10:51:55,10:52:11,    16, 90.90, 90.90,HS    ,  0.00,  0.000,  0.00,  0.000,  0.000,  0.000,  0.000
840003250681681,  1666,21,10:49:23,10:52:15,   172, 87.80, 86.90,HS    ,  0.90,  0.000,  0.00,  0.000,  0.000,  0.000,  0.000
840003250681638,  1623, 3,10:42:46,10:52:22,   576, 83.10, 79.00,LS    ,  4.10,  0.000,  0.00,  0.000,  0.000,  0.000,  0.000
840003218920990,  1232, 4,10:44:00,10:52:28,   508, 84.90, 82.30,HS    ,  2.60,  0.000,  0.00,  0.000,  0.000,  0.000,  0.000
840003218920882,  1124, 8,10:48:30,10:52:29,   239, 90.10, 89.40,HS    ,  0.70,  0.000,  0.00,  0.000,  0.000,  0.000,  0.000
840003218920983,  1225,22,10:52:20,10:52:28,     8, 85.70, 85.30,HS    ,  0.40,  0.000,  0.00,  0.000,  0.000,  0.000,  0.000
840003234513826,  1434,31,10:43:51,10:52:36,   525, 90.20, 87.10,LS    ,  3.10,  0.000,  0.00,  0.000,  0.000,  0.000,  0.000
840003203286181,  1204, 5,10:49:09,10:52:43,   214, 85.30, 84.20,HS    ,  1.10,  0.000,  0.00,  0.000,  0.000,  0.000,  0.000
840003218920920,  1162, 6,10:50:06,10:52:48,   162, 84.20, 83.20,LS    ,  1.00,  0.000,  0.00,  0.000,  0.000,  0.000,  0.000
840003234513932,  1540,12,10:52:15,10:52:55,    40, 81.40, 81.10,LS    ,  0.30,  0.000,  0.00,  0.000,  0.000,  0.000,  0.000
840003250681632,  1617, 7,10:50:28,10:52:57,   149, 84.30, 83.70,LS    ,  0.60,  0.000,  0.00,  0.000,  0.000,  0.000,  0.000
840003234513873,  1481,53,10:39:21,10:53:01,   820, 78.72, 74.96,TEST  ,  3.76,  0.000,  0.00,  0.000,  0.000,  0.000,  0.000
840003234513826,  1434,22,10:53:05,10:53:11,     6, 85.30, 85.30,HS    ,  0.00,  0.000,  0.00,  0.000,  0.000,  0.000,  0.000
840003234513991,  1599,19,10:49:20,10:53:23,   243, 84.00, 83.10,LS    ,  0.90,  0.000,  0.00,  0.000,  0.000,  0.000,  0.000
840003250681748,  1733,71,10:48:45,10:53:31,   286, 70.09, 68.57,TEST  ,  1.52,  0.000,  0.00,  0.000,  0.000,  0.000,  0.000
840003218920939,  1181,25,10:52:01,10:53:34,    93, 86.20, 85.80,LS    ,  0.40,  0.000,  0.00,  0.000,  0.000,  0.000,  0.000
840003211747992,  9963,18,10:50:15,10:53:36,   201, 81.30, 79.70,LS    ,  1.60,  0.000,  0.00,  0.000,  0.000,  0.000,  0.000
840003234513828,  1436,70,10:51:59,10:53:42,   103, 76.59, 76.02,TEST  ,  0.57,  0.000,  0.00,  0.000,  0.000,  0.000,  0.000
840003205049610,  9724,14,10:52:28,10:53:39,    71, 89.70, 89.20,HS    ,  0.50,  0.000,  0.00,  0.000,  0.000,  0.000,  0.000
840003234513932,  1540,12,10:53:32,10:53:45,    13, 80.30, 81.10,LS    , -0.80,  0.000,  0.00,  0.000,  0.000,  0.000,  0.000
840003274076117,  9785,27,10:47:39,10:53:57,   378, 90.90, 88.60,LS    ,  2.30,  0.000,  0.00,  0.000,  0.000,  0.000,  0.000
840003234513826,  1434,22,10:53:25,10:54:10,    45, 85.10, 84.90,HS    ,  0.20,  0.000,  0.00,  0.000,  0.000,  0.000,  0.000
840003218920920,  1162, 7,10:53:41,10:54:14,    33, 83.70, 83.50,LS    ,  0.20,  0.000,  0.00,  0.000,  0.000,  0.000,  0.000
840003203286181,  1204,14,10:53:51,10:54:17,    26, 89.20, 89.00,HS    ,  0.20,  0.000,  0.00,  0.000,  0.000,  0.000,  0.000
840003218920882,  1124,13,10:53:25,10:54:26,    61, 90.90, 90.50,HS    ,  0.40,  0.000,  0.00,  0.000,  0.000,  0.000,  0.000
840003234513987,  1595,30,10:35:36,10:54:30,  1134, 73.20, 68.40,HS    ,  4.80,  0.000,  0.00,  0.000,  0.000,  0.000,  0.000
840003250681638,  1623, 6,10:52:58,10:54:33,    95, 83.20, 82.30,LS    ,  0.90,  0.000,  0.00,  0.000,  0.000,  0.000,  0.000
840003218920983,  1225,19,10:53:33,10:54:38,    65, 83.00, 82.70,LS    ,  0.30,  0.000,  0.00,  0.000,  0.000,  0.000,  0.000
840003205049588,  9702,17,10:49:57,10:54:57,   300, 89.30, 87.80,HS    ,  1.50,  0.000,  0.00,  0.000,  0.000,  0.000,  0.000
840003250681637,  1622, 3,10:52:37,10:55:01,   144, 79.00, 78.30,LS    ,  0.70,  0.000,  0.00,  0.000,  0.000,  0.000,  0.000
840003218920983,  1225,22,10:54:57,10:55:04,     7, 84.90, 84.50,HS    ,  0.40,  0.000,  0.00,  0.000,  0.000,  0.000,  0.000
840003218920939,  1181,27,10:54:07,10:55:10,    63, 88.60, 88.30,LS    ,  0.30,  0.000,  0.00,  0.000,  0.000,  0.000,  0.000
840003250681620,  1605,28,10:43:53,10:55:18,   685, 88.80, 87.00,LS    ,  1.80,  0.000,  0.00,  0.000,  0.000,  0.000,  0.000
840003205049675,  9789,25,10:55:06,10:55:25,    19, 85.80, 85.80,LS    ,  0.00,  0.000,  0.00,  0.000,  0.000,  0.000,  0.000
840003211747992,  9963,15,10:54:09,10:55:26,    77, 87.40, 86.80,LS    ,  0.60,  0.000,  0.00,  0.000,  0.000,  0.000,  0.000
840003250681649,  1634, 6,10:55:22,10:55:36,    14, 82.30, 82.10,LS    ,  0.20,  0.000,  0.00,  0.000,  0.000,  0.000,  0.000
840003218920820,  1062, 2,10:47:22,10:55:44,   502, 84.10, 82.10,LS    ,  2.00,  0.000,  0.00,  0.000,  0.000,  0.000,  0.000
840003218920920,  1162, 7,10:54:44,10:55:48,    64, 83.50, 83.00,LS    ,  0.50,  0.000,  0.00,  0.000,  0.000,  0.000,  0.000
840003250681669,  1654,26,10:46:39,10:55:49,   550, 88.50, 85.70,HS    ,  2.80,  0.000,  0.00,  0.000,  0.000,  0.000,  0.000
840003250681681,  1666,21,10:52:27,10:55:50,   203, 86.90, 85.80,HS    ,  1.10,  0.000,  0.00,  0.000,  0.000,  0.000,  0.000
840003218920983,  1225,22,10:55:56,10:56:03,     7, 84.50, 84.20,HS    ,  0.30,  0.000,  0.00,  0.000,  0.000,  0.000,  0.000
840003250681649,  1634, 6,10:55:50,10:56:05,    15, 82.10, 82.00,LS    ,  0.10,  0.000,  0.00,  0.000,  0.000,  0.000,  0.000
840003250681632,  1617,11,10:53:57,10:56:39,   162, 78.30, 77.70,LS    ,  0.60,  0.000,  0.00,  0.000,  0.000,  0.000,  0.000
840003218920990,  1232, 9,10:55:37,10:56:45,    68, 88.70, 88.20,HS    ,  0.50,  0.000,  0.00,  0.000,  0.000,  0.000,  0.000
840003234513828,  1436,57,10:46:53,10:57:01,   608, 88.44, 88.46,TEST  , -0.02,  0.000,  0.00,  0.000,  0.000,  0.000,  0.000
840003250681674,  1659,10,10:56:15,10:57:07,    52, 73.80, 73.60,LS    ,  0.20,  0.000,  0.00,  0.000,  0.000,  0.000,  0.000
840003234513925,  1533,12,10:53:56,10:57:19,   203, 80.70, 79.60,LS    ,  1.10,  0.000,  0.00,  0.000,  0.000,  0.000,  0.000
840003205049675,  9789,27,10:56:29,10:57:19,    50, 88.30, 88.20,LS    ,  0.10,  0.000,  0.00,  0.000,  0.000,  0.000,  0.000
840003234513826,  1434,19,10:54:49,10:57:24,   155, 82.70, 81.90,LS    ,  0.80,  0.000,  0.00,  0.000,  0.000,  0.000,  0.000
840003218920939,  1181,28,10:55:28,10:57:26,   118, 87.00, 86.10,LS    ,  0.90,  0.000,  0.00,  0.000,  0.000,  0.000,  0.000
840003234513991,  1599,18,10:54:00,10:57:47,   227, 79.70, 78.80,LS    ,  0.90,  0.000,  0.00,  0.000,  0.000,  0.000,  0.000
840003274076117,  9785,31,10:54:29,10:57:53,   204, 87.10, 85.60,LS    ,  1.50,  0.000,  0.00,  0.000,  0.000,  0.000,  0.000
840003250681638,  1623, 6,10:56:16,10:58:02,   106, 82.00, 81.30,LS    ,  0.70,  0.000,  0.00,  0.000,  0.000,  0.000,  0.000
840003218920990,  1232,10,10:57:20,10:58:04,    44, 73.50, 73.20,LS    ,  0.30,  0.000,  0.00,  0.000,  0.000,  0.000,  0.000
840003234513932,  1540,17,10:55:09,10:58:10,   181, 87.80, 87.30,HS    ,  0.50,  0.000,  0.00,  0.000,  0.000,  0.000,  0.000
840003205049675,  9789,28,10:57:44,10:58:16,    32, 86.20, 86.10,LS    ,  0.10,  0.000,  0.00,  0.000,  0.000,  0.000,  0.000
840003268256460,  9534,24,10:52:38,10:58:19,   341, 86.40, 84.90,HS    ,  1.50,  0.000,  0.00,  0.000,  0.000,  0.000,  0.000
840003234513923,  1531,29,10:35:12,10:58:20,  1388, 91.10, 86.20,HS    ,  4.90,  0.000,  0.00,  0.000,  0.000,  0.000,  0.000
840003218920901,  1143,23,10:52:14,10:58:26,   372, 83.60, 81.80,LS    ,  1.80,  0.000,  0.00,  0.000,  0.000,  0.000,  0.000
840003250681649,  1634, 3,10:56:38,10:58:34,   116, 78.30, 77.40,LS    ,  0.90,  0.000,  0.00,  0.000,  0.000,  0.000,  0.000
840003250681640,  1625,32,10:45:59,10:58:50,   771, 86.30, 82.40,HS    ,  3.90,  0.000,  0.00,  0.000,  0.000,  0.000,  0.000
840003274076179,  8966,79,10:42:35,10:58:56,   981, 88.82, 83.00,TEST  ,  5.82,  0.000,  0.00,  0.000,  0.000,  0.000,  0.000
840003234513828,  1436,73,10:54:47,10:59:06,   259, 69.43, 67.35,TEST  ,  2.08,  0.000,  0.00,  0.000,  0.000,  0.000,  0.000
840003250681632,  1617,12,10:57:28,10:59:18,   110, 79.70, 79.10,LS    ,  0.60,  0.000,  0.00,  0.000,  0.000,  0.000,  0.000
840003234513987,  1595,30,10:54:51,10:59:25,   274, 68.40, 67.50,HS    ,  0.90,  0.000,  0.00,  0.000,  0.000,  0.000,  0.000
840003234513873,  1481,58,10:54:10,10:59:42,   332, 90.58, 89.07,TEST  ,  1.51,  0.000,  0.00,  0.000,  0.000,  0.000,  0.000
840003268256460,  9534,22,10:58:40,10:59:40,    60, 84.20, 83.80,HS    ,  0.40,  0.000,  0.00,  0.000,  0.000,  0.000,  0.000
840003218920983,  1225,25,10:56:47,10:59:46,   179, 85.80, 84.90,LS    ,  0.90,  0.000,  0.00,  0.000,  0.000,  0.000,  0.000
840003250681638,  1623, 6,10:58:13,10:59:49,    96, 81.30, 80.80,LS    ,  0.50,  0.000,  0.00,  0.000,  0.000,  0.000,  0.000
840003250681681,  1666,21,10:57:40,10:59:49,   129, 85.80, 85.20,HS    ,  0.60,  0.000,  0.00,  0.000,  0.000,  0.000,  0.000
840003234513873,  1481,58,10:59:45,10:59:56,    11, 89.07, 89.08,TEST  , -0.01,  0.000,  0.00,  0.000,  0.000,  0.000,  0.000
840003218920939,  1181,31,10:58:03,10:59:53,   110, 85.60, 84.80,LS    ,  0.80,  0.000,  0.00,  0.000,  0.000,  0.000,  0.000
840003234513873,  1481,58,10:59:57,11:00:04,     7, 89.08, 89.31,TEST  , -0.23,  0.000,  0.00,  0.000,  0.000,  0.000,  0.000
840003250681748,  1733,71,10:54:54,11:00:09,   315, 68.59, 67.07,TEST  ,  1.52,  0.000,  0.00,  0.000,  0.000,  0.000,  0.000
840003234513826,  1434,18,10:57:58,11:00:04,   126, 78.80, 78.10,LS    ,  0.70,  0.000,  0.00,  0.000,  0.000,  0.000,  0.000
840003250681669,  1654,26,10:56:14,11:00:06,   232, 85.70, 84.50,HS    ,  1.20,  0.000,  0.00,  0.000,  0.000,  0.000,  0.000
840003218920920,  1162, 7,10:55:59,11:00:06,   247, 83.00, 81.70,LS    ,  1.30,  0.000,  0.00,  0.000,  0.000,  0.000,  0.000
840003234513828,  1436,78,10:59:55,11:00:20,    25, 90.16, 89.67,TEST  ,  0.49,  0.000,  0.00,  0.000,  0.000,  0.000,  0.000
840003211747992,  9963,15,10:56:16,11:00:19,   243, 86.80, 85.10,LS    ,  1.70,  0.000,  0.00,  0.000,  0.000,  0.000,  0.000
840003234513987,  1595,30,10:59:38,11:00:25,    47, 67.50, 67.30,HS    ,  0.20,  0.000,  0.00,  0.000,  0.000,  0.000,  0.000
840003250681637,  1622, 2,10:58:43,11:00:46,   123, 82.10, 81.20,LS    ,  0.90,  0.000,  0.00,  0.000,  0.000,  0.000,  0.000
840003234513828,  1436,78,11:00:27,11:00:51,    24, 89.68, 89.42,TEST  ,  0.26,  0.000,  0.00,  0.000,  0.000,  0.000,  0.000
840003218920939,  1181,30,11:00:43,11:00:48,     5, 67.20, 67.20,HS    ,  0.00,  0.000,  0.00,  0.000,  0.000,  0.000,  0.000
840003218920920,  1162, 4,11:00:26,11:00:49,    23, 82.30, 81.90,HS    ,  0.40,  0.000,  0.00,  0.000,  0.000,  0.000,  0.000
840003234513923,  1531,29,10:58:33,11:00:55,   142, 86.10, 85.80,HS    ,  0.30,  0.000,  0.00,  0.000,  0.000,  0.000,  0.000
840003234513828,  1436,78,11:00:59,11:01:04,     5, 89.46, 89.44,TEST  ,  0.02,  0.000,  0.00,  0.000,  0.000,  0.000,  0.000
840003218920901,  1143,23,10:58:43,11:01:02,   139, 81.80, 81.20,LS    ,  0.60,  0.000,  0.00,  0.000,  0.000,  0.000,  0.000
840003205049675,  9789,30,11:01:00,11:01:06,     6, 67.20, 67.20,HS    ,  0.00,  0.000,  0.00,  0.000,  0.000,  0.000,  0.000
840003234513873,  1481,58,11:00:04,11:01:15,    71, 89.31, 88.73,TEST  ,  0.58,  0.000,  0.00,  0.000,  0.000,  0.000,  0.000
840003218920990,  1232,10,10:58:26,11:01:14,   168, 73.00, 71.60,LS    ,  1.40,  0.000,  0.00,  0.000,  0.000,  0.000,  0.000
840003234513932,  1540, 9,10:59:57,11:01:18,    81, 88.20, 88.00,HS    ,  0.20,  0.000,  0.00,  0.000,  0.000,  0.000,  0.000
840003268256460,  9534,18,11:01:12,11:01:18,     6, 78.10, 78.10,LS    ,  0.00,  0.000,  0.00,  0.000,  0.000,  0.000,  0.000
840003234513987,  1595,25,11:01:12,11:01:27,    15, 84.90, 84.90,LS    ,  0.00,  0.000,  0.00,  0.000,  0.000,  0.000,  0.000
840003268256516,  9779,32,10:59:00,11:01:28,   148, 82.40, 81.50,HS    ,  0.90,  0.000,  0.00,  0.000,  0.000,  0.000,  0.000
840003234513828,  1436,78,11:01:08,11:01:37,    29, 89.40, 89.09,TEST  ,  0.31,  0.000,  0.00,  0.000,  0.000,  0.000,  0.000
840003218920932,  1174,16,10:51:30,11:01:33,   603, 89.50, 84.90,HS    ,  4.60,  0.000,  0.00,  0.000,  0.000,  0.000,  0.000
840003250681649,  1634, 3,10:58:51,11:01:55,   184, 77.30, 76.10,LS    ,  1.20,  0.000,  0.00,  0.000,  0.000,  0.000,  0.000
840003205049675,  9789,29,11:01:14,11:01:57,    43, 85.50, 85.50,HS    ,  0.00,  0.000,  0.00,  0.000,  0.000,  0.000,  0.000
840003250681632,  1617,12,10:59:39,11:01:58,   139, 79.20, 78.30,LS    ,  0.90,  0.000,  0.00,  0.000,  0.000,  0.000,  0.000
840003234513932,  1540,10,11:01:40,11:02:05,    25, 71.20, 71.00,LS    ,  0.20,  0.000,  0.00,  0.000,  0.000,  0.000,  0.000
840003218920920,  1162, 4,11:01:32,11:02:11,    39, 81.90, 81.50,HS    ,  0.40,  0.000,  0.00,  0.000,  0.000,  0.000,  0.000
840003234513828,  1436,78,11:01:37,11:02:31,    54, 89.09, 88.67,TEST  ,  0.42,  0.000,  0.00,  0.000,  0.000,  0.000,  0.000
840003218920820,  1062,11,10:57:52,11:02:35,   283, 77.70, 76.70,LS    ,  1.00,  0.000,  0.00,  0.000,  0.000,  0.000,  0.000
840003218920983,  1225,18,11:01:44,11:02:53,    69, 78.10, 77.90,LS    ,  0.20,  0.000,  0.00,  0.000,  0.000,  0.000,  0.000
840003250681656,  1641,17,11:02:33,11:03:00,    27, 87.30, 87.30,HS    ,  0.00,  0.000,  0.00,  0.000,  0.000,  0.000,  0.000
840003250681649,  1634, 6,11:02:13,11:03:01,    48, 80.70, 80.50,LS    ,  0.20,  0.000,  0.00,  0.000,  0.000,  0.000,  0.000
840003218920932,  1174,16,11:01:45,11:03:07,    82, 84.90, 84.30,HS    ,  0.60,  0.000,  0.00,  0.000,  0.000,  0.000,  0.000
840003218920920,  1162, 4,11:02:40,11:03:16,    36, 81.50, 81.10,HS    ,  0.40,  0.000,  0.00,  0.000,  0.000,  0.000,  0.000
840003203286181,  1204,13,10:54:36,11:03:26,   530, 90.50, 87.90,HS    ,  2.60,  0.000,  0.00,  0.000,  0.000,  0.000,  0.000
840003250681632,  1617, 9,11:02:52,11:03:32,    40, 88.00, 87.70,HS    ,  0.30,  0.000,  0.00,  0.000,  0.000,  0.000,  0.000
840003250681649,  1634,11,11:03:21,11:03:34,    13, 76.70, 76.60,LS    ,  0.10,  0.000,  0.00,  0.000,  0.000,  0.000,  0.000
840003250681640,  1625,26,11:00:20,11:03:43,   203, 84.50, 83.70,HS    ,  0.80,  0.000,  0.00,  0.000,  0.000,  0.000,  0.000
840003205049610,  9724,14,10:54:30,11:03:49,   559, 89.10, 85.50,HS    ,  3.60,  0.000,  0.00,  0.000,  0.000,  0.000,  0.000
840003268256460,  9534,15,11:01:29,11:03:51,   142, 85.10, 84.20,LS    ,  0.90,  0.000,  0.00,  0.000,  0.000,  0.000,  0.000
840003234513991,  1599, 7,11:01:32,11:03:53,   141, 81.70, 81.00,LS    ,  0.70,  0.000,  0.00,  0.000,  0.000,  0.000,  0.000
840003234513932,  1540,10,11:02:33,11:04:11,    98, 71.10, 70.00,LS    ,  1.10,  0.000,  0.00,  0.000,  0.000,  0.000,  0.000
840003234513826,  1434,19,11:00:38,11:04:12,   214, 81.90, 81.00,LS    ,  0.90,  0.000,  0.00,  0.000,  0.000,  0.000,  0.000
840003205049610,  9724,12,11:04:00,11:04:15,    15, 78.90, 78.50,LS    ,  0.40,  0.000,  0.00,  0.000,  0.000,  0.000,  0.000
840003218920920,  1162, 4,11:04:01,11:04:26,    25, 81.10, 80.60,HS    ,  0.50,  0.000,  0.00,  0.000,  0.000,  0.000,  0.000
840003218920932,  1174,16,11:03:22,11:04:38,    76, 84.30, 83.80,HS    ,  0.50,  0.000,  0.00,  0.000,  0.000,  0.000,  0.000
840003268256516,  9779,31,11:01:36,11:04:45,   189, 84.80, 83.60,LS    ,  1.20,  0.000,  0.00,  0.000,  0.000,  0.000,  0.000
840003250681656,  1641,17,11:03:12,11:04:52,   100, 87.30, 86.60,HS    ,  0.70,  0.000,  0.00,  0.000,  0.000,  0.000,  0.000
840003250681620,  1605,27,11:02:01,11:04:58,   177, 88.20, 87.80,LS    ,  0.40,  0.000,  0.00,  0.000,  0.000,  0.000,  0.000
840003250681656,  1641,26,11:04:21,11:05:04,    43, 83.20, 83.00,HS    ,  0.20,  0.000,  0.00,  0.000,  0.000,  0.000,  0.000
840003250681637,  1622, 3,11:02:07,11:05:10,   183, 76.10, 75.20,LS    ,  0.90,  0.000,  0.00,  0.000,  0.000,  0.000,  0.000
840003205049610,  9724,12,11:04:32,11:05:08,    36, 78.30, 77.80,LS    ,  0.50,  0.000,  0.00,  0.000,  0.000,  0.000,  0.000
840003234513932,  1540, 8,11:05:05,11:05:17,    12, 89.30, 89.30,HS    ,  0.00,  0.000,  0.00,  0.000,  0.000,  0.000,  0.000
840003203286181,  1204, 9,11:04:25,11:05:31,    66, 87.70, 87.40,HS    ,  0.30,  0.000,  0.00,  0.000,  0.000,  0.000,  0.000
840003250681632,  1617, 7,11:04:02,11:05:32,    90, 81.00, 80.50,LS    ,  0.50,  0.000,  0.00,  0.000,  0.000,  0.000,  0.000
840003234513987,  1595,24,11:01:40,11:05:35,   235, 84.90, 84.10,HS    ,  0.80,  0.000,  0.00,  0.000,  0.000,  0.000,  0.000
840003205049610,  9724,12,11:05:20,11:05:40,    20, 77.80, 78.00,LS    , -0.20,  0.000,  0.00,  0.000,  0.000,  0.000,  0.000
840003268256516,  9779,31,11:05:17,11:05:44,    27, 83.60, 83.30,LS    ,  0.30,  0.000,  0.00,  0.000,  0.000,  0.000,  0.000
840003234513920,  1528,66,11:00:12,11:05:52,   340, 78.58, 76.72,TEST  ,  1.86,  0.000,  0.00,  0.000,  0.000,  0.000,  0.000
840003205049675,  9789,30,11:02:12,11:05:49,   217, 67.20, 65.60,HS    ,  1.60,  0.000,  0.00,  0.000,  0.000,  0.000,  0.000
840003250681674,  1659,10,11:05:26,11:05:50,    24, 69.80, 69.70,LS    ,  0.10,  0.000,  0.00,  0.000,  0.000,  0.000,  0.000
840003218920983,  1225,18,11:05:06,11:05:56,    50, 77.90, 77.30,LS    ,  0.60,  0.000,  0.00,  0.000,  0.000,  0.000,  0.000
840003234513826,  1434,14,11:05:03,11:06:02,    59, 85.40, 85.10,HS    ,  0.30,  0.000,  0.00,  0.000,  0.000,  0.000,  0.000
840003287324966,  1261,20,10:48:12,11:06:13,  1081, 34.30, 36.20,LS    , -1.90,  0.000,  0.00,  0.000,  0.000,  0.000,  0.000
840003218920920,  1162, 3,11:05:19,11:06:37,    78, 75.20, 74.50,LS    ,  0.70,  0.000,  0.00,  0.000,  0.000,  0.000,  0.000
840003250681632,  1617, 5,11:06:25,11:06:38,    13, 84.20, 84.10,HS    ,  0.10,  0.000,  0.00,  0.000,  0.000,  0.000,  0.000
840003234513932,  1540,12,11:06:08,11:06:40,    32, 77.90, 77.40,LS    ,  0.50,  0.000,  0.00,  0.000,  0.000,  0.000,  0.000
840003205049610,  9724,13,11:06:10,11:06:55,    45, 87.90, 87.50,HS    ,  0.40,  0.000,  0.00,  0.000,  0.000,  0.000,  0.000
840003234513826,  1434,14,11:06:20,11:07:07,    47, 85.10, 84.90,HS    ,  0.20,  0.000,  0.00,  0.000,  0.000,  0.000,  0.000
840003268256460,  9534, 7,11:05:55,11:07:26,    91, 80.50, 80.00,LS    ,  0.50,  0.000,  0.00,  0.000,  0.000,  0.000,  0.000
840003250681681,  1666,21,11:01:24,11:07:32,   368, 85.20, 83.20,HS    ,  2.00,  0.000,  0.00,  0.000,  0.000,  0.000,  0.000
840003234513991,  1599, 6,11:04:09,11:07:38,   209, 80.50, 79.80,LS    ,  0.70,  0.000,  0.00,  0.000,  0.000,  0.000,  0.000
840003218920920,  1162, 4,11:07:26,11:08:03,    37, 80.60, 80.30,HS    ,  0.30,  0.000,  0.00,  0.000,  0.000,  0.000,  0.000
840003234513826,  1434,14,11:07:25,11:08:05,    40, 84.70, 84.60,HS    ,  0.10,  0.000,  0.00,  0.000,  0.000,  0.000,  0.000
840003250681669,  1654,22,11:01:27,11:08:08,   401, 83.80, 81.90,HS    ,  1.90,  0.000,  0.00,  0.000,  0.000,  0.000,  0.000
840003205049610,  9724,12,11:07:14,11:08:11,    57, 77.20, 76.70,LS    ,  0.50,  0.000,  0.00,  0.000,  0.000,  0.000,  0.000
840003268256516,  9779,30,11:05:59,11:08:18,   139, 65.60, 64.90,HS    ,  0.70,  0.000,  0.00,  0.000,  0.000,  0.000,  0.000
840003250681632,  1617,16,11:08:15,11:08:27,    12, 83.70, 83.80,HS    , -0.10,  0.000,  0.00,  0.000,  0.000,  0.000,  0.000
840003218920820,  1062,15,11:06:46,11:08:38,   112, 84.20, 83.70,LS    ,  0.50,  0.000,  0.00,  0.000,  0.000,  0.000,  0.000
840003218920939,  1181,28,11:00:59,11:08:53,   474, 86.10, 83.20,LS    ,  2.90,  0.000,  0.00,  0.000,  0.000,  0.000,  0.000
840003250681674,  1659,10,11:06:42,11:09:02,   140, 69.40, 68.70,LS    ,  0.70,  0.000,  0.00,  0.000,  0.000,  0.000,  0.000
840003287325011,  1064, 9,11:07:06,11:09:04,   118, 87.40, 87.10,HS    ,  0.30,  0.000,  0.00,  0.000,  0.000,  0.000,  0.000
840003218920920,  1162, 4,11:08:31,11:09:09,    38, 80.20, 79.90,HS    ,  0.30,  0.000,  0.00,  0.000,  0.000,  0.000,  0.000
840003234513920,  1528,71,11:07:09,11:09:20,   131, 67.06, 66.39,TEST  ,  0.67,  0.000,  0.00,  0.000,  0.000,  0.000,  0.000
840003250681656,  1641,24,11:05:45,11:09:19,   214, 84.10, 82.70,HS    ,  1.40,  0.000,  0.00,  0.000,  0.000,  0.000,  0.000
840003250681632,  1617,15,11:09:04,11:09:19,    15, 83.70, 83.50,LS    ,  0.20,  0.000,  0.00,  0.000,  0.000,  0.000,  0.000
840003205049675,  9789,29,11:05:55,11:09:26,   211, 85.40, 84.30,HS    ,  1.10,  0.000,  0.00,  0.000,  0.000,  0.000,  0.000
840003268256516,  9779,30,11:08:27,11:09:30,    63, 64.90, 64.70,HS    ,  0.20,  0.000,  0.00,  0.000,  0.000,  0.000,  0.000
840003250681653,  1638,26,11:06:52,11:09:38,   166, 83.00, 81.90,HS    ,  1.10,  0.000,  0.00,  0.000,  0.000,  0.000,  0.000
840003203286181,  1204, 8,11:05:52,11:09:40,   228, 89.30, 88.20,HS    ,  1.10,  0.000,  0.00,  0.000,  0.000,  0.000,  0.000
840003287324990,  9827,31,11:05:54,11:09:47,   233, 83.30, 81.30,LS    ,  2.00,  0.000,  0.00,  0.000,  0.000,  0.000,  0.000
840003250681620,  1605,25,11:05:37,11:09:50,   253, 84.90, 84.10,LS    ,  0.80,  0.000,  0.00,  0.000,  0.000,  0.000,  0.000
840003287325011,  1064, 8,11:09:49,11:09:57,     8, 88.20, 88.20,HS    ,  0.00,  0.000,  0.00,  0.000,  0.000,  0.000,  0.000
840003234513991,  1599, 7,11:07:46,11:10:05,   139, 80.00, 79.40,LS    ,  0.60,  0.000,  0.00,  0.000,  0.000,  0.000,  0.000
840003250681656,  1641,22,11:09:30,11:10:07,    37, 81.90, 81.60,HS    ,  0.30,  0.000,  0.00,  0.000,  0.000,  0.000,  0.000
840003218920939,  1181,27,11:09:03,11:10:07,    64, 87.80, 87.50,LS    ,  0.30,  0.000,  0.00,  0.000,  0.000,  0.000,  0.000
840003218920932,  1174,17,11:07:22,11:10:14,   172, 86.60, 85.40,HS    ,  1.20,  0.000,  0.00,  0.000,  0.000,  0.000,  0.000
840003218920920,  1162, 4,11:09:45,11:10:20,    35, 79.90, 79.60,HS    ,  0.30,  0.000,  0.00,  0.000,  0.000,  0.000,  0.000
840003287324983,  9870,18,11:07:02,11:10:24,   202, 77.30, 76.10,LS    ,  1.20,  0.000,  0.00,  0.000,  0.000,  0.000,  0.000
840003287325011,  1064, 7,11:10:17,11:10:26,     9, 79.30, 79.30,LS    ,  0.00,  0.000,  0.00,  0.000,  0.000,  0.000,  0.000
840003250681620,  1605,23,11:10:02,11:10:25,    23, 81.10, 81.10,LS    ,  0.00,  0.000,  0.00,  0.000,  0.000,  0.000,  0.000
840003250681638,  1623, 2,11:00:56,11:10:48,   592, 81.20, 77.60,LS    ,  3.60,  0.000,  0.00,  0.000,  0.000,  0.000,  0.000
840003268256516,  9779,28,11:09:39,11:10:59,    80, 83.20, 82.60,LS    ,  0.60,  0.000,  0.00,  0.000,  0.000,  0.000,  0.000
840003234513826,  1434,12,11:08:26,11:11:00,   154, 76.70, 75.80,LS    ,  0.90,  0.000,  0.00,  0.000,  0.000,  0.000,  0.000
840003287325013,  9824, 1,10:52:16,11:11:01,  1125, 84.60, 78.80,HS    ,  5.80,  0.000,  0.00,  0.000,  0.000,  0.000,  0.000
840003234513932,  1540,10,11:09:15,11:11:06,   111, 68.30, 67.50,LS    ,  0.80,  0.000,  0.00,  0.000,  0.000,  0.000,  0.000
840003250681649,  1634,11,11:04:25,11:11:08,   403, 76.60, 74.20,LS    ,  2.40,  0.000,  0.00,  0.000,  0.000,  0.000,  0.000
840003218920920,  1162, 4,11:10:51,11:11:09,    18, 79.60, 79.10,HS    ,  0.50,  0.000,  0.00,  0.000,  0.000,  0.000,  0.000
840003205049610,  9724,13,11:08:52,11:11:11,   139, 87.50, 86.80,HS    ,  0.70,  0.000,  0.00,  0.000,  0.000,  0.000,  0.000
840003250681674,  1659, 9,11:09:52,11:11:25,    93, 87.10, 86.60,HS    ,  0.50,  0.000,  0.00,  0.000,  0.000,  0.000,  0.000
840003287325011,  1064,10,11:11:17,11:11:36,    19, 67.20, 67.30,LS    , -0.10,  0.000,  0.00,  0.000,  0.000,  0.000,  0.000
840003268256516,  9779,25,11:11:16,11:11:49,    33, 84.10, 83.70,LS    ,  0.40,  0.000,  0.00,  0.000,  0.000,  0.000,  0.000
840003268256460,  9534,11,11:11:18,11:11:52,    34, 74.20, 73.90,LS    ,  0.30,  0.000,  0.00,  0.000,  0.000,  0.000,  0.000
840003234513987,  1595,30,11:09:43,11:12:19,   156, 64.70, 64.10,HS    ,  0.60,  0.000,  0.00,  0.000,  0.000,  0.000,  0.000
840003234513826,  1434,13,11:11:19,11:12:21,    62, 86.80, 86.40,HS    ,  0.40,  0.000,  0.00,  0.000,  0.000,  0.000,  0.000
840003250681632,  1617, 2,11:11:53,11:12:28,    35, 77.60, 77.60,LS    ,  0.00,  0.000,  0.00,  0.000,  0.000,  0.000,  0.000
840003218920920,  1162, 4,11:12:07,11:12:27,    20, 79.10, 78.80,HS    ,  0.30,  0.000,  0.00,  0.000,  0.000,  0.000,  0.000
840003250681674,  1659, 8,11:12:12,11:12:31,    19, 88.20, 88.20,HS    ,  0.00,  0.000,  0.00,  0.000,  0.000,  0.000,  0.000
840003250681669,  1654,21,11:08:30,11:12:40,   250, 83.20, 82.20,HS    ,  1.00,  0.000,  0.00,  0.000,  0.000,  0.000,  0.000
840003250681638,  1623,10,11:12:00,11:12:41,    41, 67.10, 66.90,LS    ,  0.20,  0.000,  0.00,  0.000,  0.000,  0.000,  0.000
840003287325011,  1064,11,11:12:02,11:12:46,    44, 73.70, 73.50,LS    ,  0.20,  0.000,  0.00,  0.000,  0.000,  0.000,  0.000
840003268256516,  9779,25,11:12:26,11:12:49,    23, 83.70, 83.40,LS    ,  0.30,  0.000,  0.00,  0.000,  0.000,  0.000,  0.000
840003250681620,  1605,20,11:11:04,11:12:57,   113, 36.30, 33.80,LS    ,  2.50,  0.000,  0.00,  0.000,  0.000,  0.000,  0.000
840003250681653,  1638,14,11:11:30,11:13:15,   105, 84.60, 83.90,HS    ,  0.70,  0.000,  0.00,  0.000,  0.000,  0.000,  0.000
840003218920901,  1143,18,11:10:41,11:13:21,   160, 76.00, 75.40,LS    ,  0.60,  0.000,  0.00,  0.000,  0.000,  0.000,  0.000
840003250681637,  1622, 6,11:07:51,11:13:28,   337, 79.80, 77.80,LS    ,  2.00,  0.000,  0.00,  0.000,  0.000,  0.000,  0.000
840003250681640,  1625,32,11:04:00,11:13:27,   567, 81.60, 79.50,HS    ,  2.10,  0.000,  0.00,  0.000,  0.000,  0.000,  0.000
840003234513826,  1434,16,11:13:15,11:13:37,    22, 83.80, 83.60,HS    ,  0.20,  0.000,  0.00,  0.000,  0.000,  0.000,  0.000
840003218920932,  1174,17,11:10:40,11:13:39,   179, 85.40, 84.10,HS    ,  1.30,  0.000,  0.00,  0.000,  0.000,  0.000,  0.000
840003234513932,  1540,10,11:13:23,11:14:08,    45, 66.40, 66.00,LS    ,  0.40,  0.000,  0.00,  0.000,  0.000,  0.000,  0.000
840003268256516,  9779,26,11:13:13,11:14:12,    59, 81.90, 81.70,HS    ,  0.20,  0.000,  0.00,  0.000,  0.000,  0.000,  0.000
840003218920920,  1162, 3,11:13:30,11:14:38,    68, 74.60, 74.10,LS    ,  0.50,  0.000,  0.00,  0.000,  0.000,  0.000,  0.000
840003250681783,  1768,64,11:07:38,11:14:49,   431, 81.39, 80.08,TEST  ,  1.31,  0.000,  0.00,  0.000,  0.000,  0.000,  0.000
840003250681653,  1638,22,11:10:39,11:14:53,   254, 81.60, 80.00,HS    ,  1.60,  0.000,  0.00,  0.000,  0.000,  0.000,  0.000
840003268256516,  9779,28,11:14:20,11:14:56,    36, 82.60, 82.30,LS    ,  0.30,  0.000,  0.00,  0.000,  0.000,  0.000,  0.000
840003250681649,  1634,12,11:11:29,11:15:14,   225, 75.70, 74.90,LS    ,  0.80,  0.000,  0.00,  0.000,  0.000,  0.000,  0.000
840003287324990,  9827,23,11:10:35,11:15:13,   278, 81.10, 78.90,LS    ,  2.20,  0.000,  0.00,  0.000,  0.000,  0.000,  0.000
840003234513932,  1540,10,11:15:18,11:15:48,    30, 65.20, 65.00,LS    ,  0.20,  0.000,  0.00,  0.000,  0.000,  0.000,  0.000
840003268256516,  9779,28,11:15:26,11:16:13,    47, 82.20, 82.10,LS    ,  0.10,  0.000,  0.00,  0.000,  0.000,  0.000,  0.000
840003234513987,  1595,29,11:12:54,11:16:45,   231, 84.00, 83.50,HS    ,  0.50,  0.000,  0.00,  0.000,  0.000,  0.000,  0.000
840003268256460,  9534,14,11:13:25,11:16:49,   204, 83.90, 82.40,HS    ,  1.50,  0.000,  0.00,  0.000,  0.000,  0.000,  0.000
840003205049675,  9789,30,11:14:25,11:16:50,   145, 64.00, 63.00,HS    ,  1.00,  0.000,  0.00,  0.000,  0.000,  0.000,  0.000
840003250681653,  1638,16,11:15:18,11:17:01,   103, 83.60, 82.90,HS    ,  0.70,  0.000,  0.00,  0.000,  0.000,  0.000,  0.000
840003234513932,  1540,10,11:16:43,11:17:19,    36, 64.40, 64.20,LS    ,  0.20,  0.000,  0.00,  0.000,  0.000,  0.000,  0.000
840003234513826,  1434,18,11:14:53,11:17:30,   157, 75.40, 74.60,LS    ,  0.80,  0.000,  0.00,  0.000,  0.000,  0.000,  0.000
840003287324973,  9890, 9,11:17:44,11:17:52,     8, 86.60, 86.40,HS    ,  0.20,  0.000,  0.00,  0.000,  0.000,  0.000,  0.000
840003234513826,  1434,21,11:18:19,11:18:36,    17, 82.20, 82.10,HS    ,  0.10,  0.000,  0.00,  0.000,  0.000,  0.000,  0.000
840003234513826,  1434,22,11:18:58,11:19:14,    16, 80.00, 79.90,HS    ,  0.10,  0.000,  0.00,  0.000,  0.000,  0.000,  0.000
840003218920983,  1225,23,11:15:24,11:19:16,   232, 78.90, 77.40,LS    ,  1.50,  0.000,  0.00,  0.000,  0.000,  0.000,  0.000
840003250681674,  1659,10,11:18:39,11:19:21,    42, 63.50, 63.20,LS    ,  0.30,  0.000,  0.00,  0.000,  0.000,  0.000,  0.000
840003250681656,  1641,24,11:10:54,11:19:27,   513, 82.70, 79.60,HS    ,  3.10,  0.000,  0.00,  0.000,  0.000,  0.000,  0.000
840003287324990,  9827,25,11:15:40,11:19:44,   244, 83.40, 81.60,LS    ,  1.80,  0.000,  0.00,  0.000,  0.000,  0.000,  0.000
840003205049675,  9789,26,11:17:23,11:19:50,   147, 81.70, 80.80,HS    ,  0.90,  0.000,  0.00,  0.000,  0.000,  0.000,  0.000
840003268256516,  9779,29,11:16:55,11:19:55,   180, 83.20, 82.40,HS    ,  0.80,  0.000,  0.00,  0.000,  0.000,  0.000,  0.000
840003218920939,  1181,20,11:13:06,11:20:18,   432, 33.80, 34.20,LS    , -0.40,  0.000,  0.00,  0.000,  0.000,  0.000,  0.000
840003287324973,  9890, 8,11:17:56,11:20:26,   150, 88.20, 87.50,HS    ,  0.70,  0.000,  0.00,  0.000,  0.000,  0.000,  0.000
840003234513991,  1599, 7,11:10:52,11:20:40,   588, 79.30, 77.20,LS    ,  2.10,  0.000,  0.00,  0.000,  0.000,  0.000,  0.000
840003287324973,  9890, 7,11:20:50,11:20:53,     3, 77.10, 77.20,LS    , -0.10,  0.000,  0.00,  0.000,  0.000,  0.000,  0.000
840003287324983,  9870,19,11:10:31,11:21:04,   633, 81.00, 77.70,LS    ,  3.30,  0.000,  0.00,  0.000,  0.000,  0.000,  0.000
840003268256516,  9779,28,11:20:26,11:21:17,    51, 82.00, 81.70,LS    ,  0.30,  0.000,  0.00,  0.000,  0.000,  0.000,  0.000
840003268256516,  9779,28,11:21:37,11:21:47,    10, 81.70, 81.70,LS    ,  0.00,  0.000,  0.00,  0.000,  0.000,  0.000,  0.000
840003250681620,  1605, 6,11:14:16,11:21:49,   453, 77.80, 76.80,LS    ,  1.00,  0.000,  0.00,  0.000,  0.000,  0.000,  0.000
840003234513826,  1434,23,11:19:40,11:22:09,   149, 77.40, 76.80,LS    ,  0.60,  0.000,  0.00,  0.000,  0.000,  0.000,  0.000
840003250681653,  1638, 5,11:18:08,11:22:10,   242, 84.10, 82.60,HS    ,  1.50,  0.000,  0.00,  0.000,  0.000,  0.000,  0.000
840003250681649,  1634,31,11:20:20,11:22:33,   133, 81.30, 80.70,LS    ,  0.60,  0.000,  0.00,  0.000,  0.000,  0.000,  0.000
840003250681656,  1641,24,11:19:50,11:23:10,   200, 79.60, 78.40,HS    ,  1.20,  0.000,  0.00,  0.000,  0.000,  0.000,  0.000
840003287324973,  9890, 8,11:21:11,11:23:13,   122, 87.50, 86.90,HS    ,  0.60,  0.000,  0.00,  0.000,  0.000,  0.000,  0.000
840003234513920,  1528,70,11:09:58,11:23:29,   811, 75.99, 72.17,TEST  ,  3.82,  0.000,  0.00,  0.000,  0.000,  0.000,  0.000
840003250681674,  1659,10,11:20:54,11:23:24,   150, 62.80, 62.10,LS    ,  0.70,  0.000,  0.00,  0.000,  0.000,  0.000,  0.000
840003234513932,  1540, 9,11:20:08,11:23:23,   195, 86.40, 85.90,HS    ,  0.50,  0.000,  0.00,  0.000,  0.000,  0.000,  0.000
840003268256516,  9779,29,11:21:50,11:23:25,    95, 82.10, 81.80,HS    ,  0.30,  0.000,  0.00,  0.000,  0.000,  0.000,  0.000
840003250681638,  1623,11,11:12:56,11:24:02,   666, 73.50, 70.10,LS    ,  3.40,  0.000,  0.00,  0.000,  0.000,  0.000,  0.000
840003218920901,  1143,12,11:15:24,11:24:09,   525, 74.80, 72.70,LS    ,  2.10,  0.000,  0.00,  0.000,  0.000,  0.000,  0.000
840003218920983,  1225,25,11:21:29,11:24:12,   163, 81.60, 80.70,LS    ,  0.90,  0.000,  0.00,  0.000,  0.000,  0.000,  0.000
840003205049675,  9789,22,11:20:06,11:24:35,   269, 79.90, 78.20,HS    ,  1.70,  0.000,  0.00,  0.000,  0.000,  0.000,  0.000
840003234513932,  1540,10,11:23:56,11:25:01,    65, 61.40, 60.80,LS    ,  0.60,  0.000,  0.00,  0.000,  0.000,  0.000,  0.000
840003250681783,  1768,62,11:16:35,11:25:21,   526, 85.24, 83.50,TEST  ,  1.74,  0.000,  0.00,  0.000,  0.000,  0.000,  0.000
840003287324973,  9890,10,11:25:31,11:25:35,     4, 60.80, 60.60,LS    ,  0.20,  0.000,  0.00,  0.000,  0.000,  0.000,  0.000
840003234513826,  1434,25,11:24:26,11:25:59,    93, 80.70, 80.30,LS    ,  0.40,  0.000,  0.00,  0.000,  0.000,  0.000,  0.000
840003218920932,  1174,17,11:14:59,11:26:00,   661, 84.10, 79.80,HS    ,  4.30,  0.000,  0.00,  0.000,  0.000,  0.000,  0.000
840003234513932,  1540,10,11:25:46,11:26:03,    17, 60.30, 60.30,LS    ,  0.00,  0.000,  0.00,  0.000,  0.000,  0.000,  0.000
840003203286181,  1204, 1,11:13:34,11:26:34,   780, 78.80, 75.40,HS    ,  3.40,  0.000,  0.00,  0.000,  0.000,  0.000,  0.000
840003234513826,  1434,26,11:26:28,11:27:14,    46, 80.30, 80.00,HS    ,  0.30,  0.000,  0.00,  0.000,  0.000,  0.000,  0.000
840003287325011,  1064,13,11:12:55,11:27:15,   860, 86.40, 80.90,HS    ,  5.50,  0.000,  0.00,  0.000,  0.000,  0.000,  0.000
840003250681674,  1659,10,11:26:41,11:27:44,    63, 60.00, 59.60,LS    ,  0.40,  0.000,  0.00,  0.000,  0.000,  0.000,  0.000
840003218920983,  1225,23,11:25:26,11:27:57,   151, 76.80, 76.00,LS    ,  0.80,  0.000,  0.00,  0.000,  0.000,  0.000,  0.000
840003205049675,  9789,21,11:24:43,11:28:05,   202, 82.10, 80.80,HS    ,  1.30,  0.000,  0.00,  0.000,  0.000,  0.000,  0.000
840003250681638,  1623,12,11:24:19,11:28:15,   236, 72.70, 71.20,LS    ,  1.50,  0.000,  0.00,  0.000,  0.000,  0.000,  0.000
840003268256460,  9534,14,11:17:23,11:28:27,   664, 82.40, 79.80,HS    ,  2.60,  0.000,  0.00,  0.000,  0.000,  0.000,  0.000
840003234513932,  1540,12,11:28:25,11:28:38,    13, 71.30, 71.10,LS    ,  0.20,  0.000,  0.00,  0.000,  0.000,  0.000,  0.000
840003287325011,  1064,10,11:27:57,11:28:45,    48, 59.40, 59.10,LS    ,  0.30,  0.000,  0.00,  0.000,  0.000,  0.000,  0.000
840003218920820,  1062,15,11:09:30,11:28:46,  1156, 83.50, 79.60,LS    ,  3.90,  0.000,  0.00,  0.000,  0.000,  0.000,  0.000
840003218920932,  1174,17,11:26:42,11:28:52,   130, 79.80, 79.10,HS    ,  0.70,  0.000,  0.00,  0.000,  0.000,  0.000,  0.000
840003205049610,  9724,16,11:17:12,11:28:56,   704, 82.90, 79.70,HS    ,  3.20,  0.000,  0.00,  0.000,  0.000,  0.000,  0.000
840003268256516,  9779,29,11:24:12,11:30:27,   375, 81.70, 80.60,HS    ,  1.10,  0.000,  0.00,  0.000,  0.000,  0.000,  0.000
840003205049610,  9724,12,11:29:45,11:30:37,    52, 71.30, 70.70,LS    ,  0.60,  0.000,  0.00,  0.000,  0.000,  0.000,  0.000
840003287324990,  9827,27,11:20:13,11:30:40,   627, 87.50, 83.60,LS    ,  3.90,  0.000,  0.00,  0.000,  0.000,  0.000,  0.000
840003250681653,  1638, 5,11:22:37,11:31:51,   554, 82.60, 79.60,HS    ,  3.00,  0.000,  0.00,  0.000,  0.000,  0.000,  0.000
840003250681620,  1605, 3,11:22:32,11:32:04,   572, 74.00, 72.40,LS    ,  1.60,  0.000,  0.00,  0.000,  0.000,  0.000,  0.000
840003205049610,  9724,12,11:31:36,11:32:17,    41, 69.90, 69.90,LS    ,  0.00,  0.000,  0.00,  0.000,  0.000,  0.000,  0.000
840003250681637,  1622, 2,11:14:22,11:32:34,  1092, 77.60, 73.00,LS    ,  4.60,  0.000,  0.00,  0.000,  0.000,  0.000,  0.000
840003250681640,  1625,32,11:14:00,11:32:35,  1115, 79.50, 75.60,HS    ,  3.90,  0.000,  0.00,  0.000,  0.000,  0.000,  0.000
840003234513932,  1540,13,11:28:54,11:32:56,   242, 80.90, 80.30,HS    ,  0.60,  0.000,  0.00,  0.000,  0.000,  0.000,  0.000
840003234513932,  1540,12,11:33:05,11:33:56,    51, 70.50, 70.00,LS    ,  0.50,  0.000,  0.00,  0.000,  0.000,  0.000,  0.000
840003250681653,  1638, 4,11:31:59,11:34:11,   132, 78.80, 78.00,HS    ,  0.80,  0.000,  0.00,  0.000,  0.000,  0.000,  0.000
840003287325011,  1064, 9,11:29:00,11:34:28,   328, 85.90, 84.10,HS    ,  1.80,  0.000,  0.00,  0.000,  0.000,  0.000,  0.000
840003234513987,  1595,30,11:16:59,11:34:37,  1058, 63.00, 59.30,HS    ,  3.70,  0.000,  0.00,  0.000,  0.000,  0.000,  0.000
840003250681638,  1623,20,11:29:11,11:34:51,   340, 34.30, 39.20,LS    , -4.90,  0.000,  0.00,  0.000,  0.000,  0.000,  0.000
840003234513932,  1540,12,11:34:09,11:34:54,    45, 70.00, 69.70,LS    ,  0.30,  0.000,  0.00,  0.000,  0.000,  0.000,  0.000
840003250681674,  1659,10,11:30:28,11:34:57,   269, 58.70, 57.60,LS    ,  1.10,  0.000,  0.00,  0.000,  0.000,  0.000,  0.000
840003205049675,  9789,21,11:28:51,11:35:08,   377, 80.70, 78.70,HS    ,  2.00,  0.000,  0.00,  0.000,  0.000,  0.000,  0.000
840003205049610,  9724,13,11:33:22,11:35:14,   112, 80.30, 79.70,HS    ,  0.60,  0.000,  0.00,  0.000,  0.000,  0.000,  0.000
840003218920932,  1174,22,11:30:01,11:35:26,   325, 78.00, 76.40,HS    ,  1.60,  0.000,  0.00,  0.000,  0.000,  0.000,  0.000
840003287325011,  1064,10,11:35:07,11:35:27,    20, 57.30, 57.20,LS    ,  0.10,  0.000,  0.00,  0.000,  0.000,  0.000,  0.000
840003287324983,  9870,31,11:22:42,11:35:32,   770, 80.70, 77.00,LS    ,  3.70,  0.000,  0.00,  0.000,  0.000,  0.000,  0.000
840003205049521,  9635,27,11:30:58,11:35:39,   281, 83.60, 81.80,LS    ,  1.80,  0.000,  0.00,  0.000,  0.000,  0.000,  0.000
840003287324973,  9890, 8,11:29:06,11:35:56,   410, 86.80, 84.80,HS    ,  2.00,  0.000,  0.00,  0.000,  0.000,  0.000,  0.000
840003205049610,  9724,12,11:35:34,11:36:11,    37, 70.40, 68.90,LS    ,  1.50,  0.000,  0.00,  0.000,  0.000,  0.000,  0.000
840003250681672,  1657,25,11:27:50,11:36:21,   511, 80.30, 77.10,LS    ,  3.20,  0.000,  0.00,  0.000,  0.000,  0.000,  0.000
840003250681656,  1641,24,11:24:10,11:36:28,   738, 78.40, 74.70,HS    ,  3.70,  0.000,  0.00,  0.000,  0.000,  0.000,  0.000
840003250681620,  1605, 2,11:33:15,11:36:36,   201, 72.90, 72.60,LS    ,  0.30,  0.000,  0.00,  0.000,  0.000,  0.000,  0.000
840003287324973,  9890,10,11:36:16,11:36:52,    36, 56.90, 56.40,LS    ,  0.50,  0.000,  0.00,  0.000,  0.000,  0.000,  0.000
840003205049610,  9724,12,11:36:48,11:36:55,     7, 68.90, 68.80,LS    ,  0.10,  0.000,  0.00,  0.000,  0.000,  0.000,  0.000
840003250681638,  1623,22,11:37:06,11:37:18,    12, 76.40, 76.40,HS    ,  0.00,  0.000,  0.00,  0.000,  0.000,  0.000,  0.000
840003250681637,  1622, 3,11:33:32,11:37:35,   243, 72.40, 71.30,LS    ,  1.10,  0.000,  0.00,  0.000,  0.000,  0.000,  0.000
840003250681638,  1623,21,11:37:40,11:37:49,     9, 78.70, 78.70,HS    ,  0.00,  0.000,  0.00,  0.000,  0.000,  0.000,  0.000
840003287324990,  9827,31,11:36:57,11:37:58,    61, 77.00, 76.70,LS    ,  0.30,  0.000,  0.00,  0.000,  0.000,  0.000,  0.000
840003287325010,  9802, 1,11:36:19,11:38:42,   143, 75.30, 74.60,HS    ,  0.70,  0.000,  0.00,  0.000,  0.000,  0.000,  0.000
840003250681649,  1634,28,11:22:58,11:38:44,   946, 81.70, 77.00,LS    ,  4.70,  0.000,  0.00,  0.000,  0.000,  0.000,  0.000
840003287325010,  9802, 2,11:38:48,11:39:55,    67, 72.60, 72.20,LS    ,  0.40,  0.000,  0.00,  0.000,  0.000,  0.000,  0.000
840003205049521,  9635,25,11:36:33,11:40:12,   219, 77.10, 75.70,LS    ,  1.40,  0.000,  0.00,  0.000,  0.000,  0.000,  0.000
840003205049610,  9724,13,11:37:34,11:40:24,   170, 79.70, 78.90,HS    ,  0.80,  0.000,  0.00,  0.000,  0.000,  0.000,  0.000
840003205049521,  9635,26,11:40:45,11:40:56,    11, 80.00, 80.00,HS    ,  0.00,  0.000,  0.00,  0.000,  0.000,  0.000,  0.000
840003250681649,  1634,27,11:39:53,11:41:15,    82, 81.70, 81.40,LS    ,  0.30,  0.000,  0.00,  0.000,  0.000,  0.000,  0.000
840003287325011,  1064, 8,11:36:07,11:41:27,   320, 84.80, 83.40,HS    ,  1.40,  0.000,  0.00,  0.000,  0.000,  0.000,  0.000
840003287325011,  1064, 8,11:41:37,11:41:47,    10, 83.40, 83.40,HS    ,  0.00,  0.000,  0.00,  0.000,  0.000,  0.000,  0.000
840003205049610,  9724,12,11:40:35,11:41:56,    81, 69.90, 68.80,LS    ,  1.10,  0.000,  0.00,  0.000,  0.000,  0.000,  0.000
840003250681637,  1622,11,11:38:44,11:42:01,   197, 70.10, 69.50,LS    ,  0.60,  0.000,  0.00,  0.000,  0.000,  0.000,  0.000
840003287324973,  9890,10,11:37:38,11:42:08,   270, 56.30, 54.40,LS    ,  1.90,  0.000,  0.00,  0.000,  0.000,  0.000,  0.000
840003250681674,  1659, 9,11:37:48,11:42:48,   300, 84.10, 82.80,HS    ,  1.30,  0.000,  0.00,  0.000,  0.000,  0.000,  0.000
840003250681791,  1776,82,11:35:23,11:42:55,   452, 69.53, 67.91,TEST  ,  1.62,  0.000,  0.00,  0.000,  0.000,  0.000,  0.000
840003287324993,  9134,83,11:30:10,11:43:05,   775, 74.86, 71.16,TEST  ,  3.70,  0.000,  0.00,  0.000,  0.000,  0.000,  0.000
840003205049610,  9724,12,11:42:29,11:43:04,    35, 68.90, 68.10,LS    ,  0.80,  0.000,  0.00,  0.000,  0.000,  0.000,  0.000
840003234513932,  1540,14,11:35:25,11:43:19,   474, 79.80, 78.60,HS    ,  1.20,  0.000,  0.00,  0.000,  0.000,  0.000,  0.000
840003250681637,  1622,11,11:42:14,11:43:23,    69, 69.60, 69.10,LS    ,  0.50,  0.000,  0.00,  0.000,  0.000,  0.000,  0.000
840003287324983,  9870,31,11:38:07,11:43:34,   327, 76.60, 75.00,LS    ,  1.60,  0.000,  0.00,  0.000,  0.000,  0.000,  0.000
840003234513991,  1599, 7,11:21:04,11:44:02,  1378, 77.20, 73.40,LS    ,  3.80,  0.000,  0.00,  0.000,  0.000,  0.000,  0.000
840003205049610,  9724,12,11:44:13,11:44:16,     3, 67.40, 67.70,LS    , -0.30,  0.000,  0.00,  0.000,  0.000,  0.000,  0.000
840003287325010,  9802,13,11:40:35,11:44:16,   221, 78.90, 77.80,HS    ,  1.10,  0.000,  0.00,  0.000,  0.000,  0.000,  0.000
840003250681620,  1605, 3,11:38:32,11:44:29,   357, 71.30, 70.60,LS    ,  0.70,  0.000,  0.00,  0.000,  0.000,  0.000,  0.000
840003234513937,  1545,32,11:40:24,11:44:33,   249, 75.60, 74.40,HS    ,  1.20,  0.000,  0.00,  0.000,  0.000,  0.000,  0.000
840003287324973,  9890, 9,11:43:21,11:44:36,    75, 82.80, 82.40,HS    ,  0.40,  0.000,  0.00,  0.000,  0.000,  0.000,  0.000
840003287325011,  1064,10,11:42:21,11:45:06,   165, 54.20, 53.20,LS    ,  1.00,  0.000,  0.00,  0.000,  0.000,  0.000,  0.000
840003250681791,  1776,83,11:43:21,11:45:36,   135, 71.23, 71.11,TEST  ,  0.12,  0.000,  0.00,  0.000,  0.000,  0.000,  0.000
840003287325011,  1064, 7,11:45:30,11:45:44,    14, 73.40, 73.40,LS    ,  0.00,  0.000,  0.00,  0.000,  0.000,  0.000,  0.000
840003287324993,  9134,82,11:43:47,11:45:49,   122, 67.93, 67.31,TEST  ,  0.62,  0.000,  0.00,  0.000,  0.000,  0.000,  0.000
840003287325010,  9802,12,11:44:25,11:46:07,   102, 67.70, 67.20,LS    ,  0.50,  0.000,  0.00,  0.000,  0.000,  0.000,  0.000
840003287324973,  9890,10,11:45:58,11:46:16,    18, 52.90, 53.00,LS    , -0.10,  0.000,  0.00,  0.000,  0.000,  0.000,  0.000
840003234513937,  1545,29,11:45:14,11:46:25,    71, 80.80, 80.30,HS    ,  0.50,  0.000,  0.00,  0.000,  0.000,  0.000,  0.000
840003205049610,  9724,13,11:44:58,11:46:38,   100, 77.80, 77.30,HS    ,  0.50,  0.000,  0.00,  0.000,  0.000,  0.000,  0.000
840003205049675,  9789,22,11:38:22,11:46:58,   516, 76.40, 73.80,HS    ,  2.60,  0.000,  0.00,  0.000,  0.000,  0.000,  0.000
840003250681674,  1659, 8,11:45:58,11:47:11,    73, 83.40, 83.40,HS    ,  0.00,  0.000,  0.00,  0.000,  0.000,  0.000,  0.000
840003287325011,  1064,10,11:46:42,11:47:21,    39, 52.80, 52.60,LS    ,  0.20,  0.000,  0.00,  0.000,  0.000,  0.000,  0.000
840003203286181,  1204, 4,11:34:25,11:47:33,   788, 78.00, 74.60,HS    ,  3.40,  0.000,  0.00,  0.000,  0.000,  0.000,  0.000
840003234513937,  1545,21,11:47:06,11:47:34,    28, 78.70, 78.60,HS    ,  0.10,  0.000,  0.00,  0.000,  0.000,  0.000,  0.000
840003234513990,  1598,19,11:43:14,11:47:53,   279, 77.70, 76.10,LS    ,  1.60,  0.000,  0.00,  0.000,  0.000,  0.000,  0.000
840003250681656,  1641,32,11:45:29,11:48:20,   171, 74.40, 73.80,HS    ,  0.60,  0.000,  0.00,  0.000,  0.000,  0.000,  0.000
840003287325010,  9802,14,11:46:25,11:48:23,   118, 78.60, 77.90,HS    ,  0.70,  0.000,  0.00,  0.000,  0.000,  0.000,  0.000
840003287324973,  9890,13,11:46:48,11:48:29,   101, 77.30, 76.80,HS    ,  0.50,  0.000,  0.00,  0.000,  0.000,  0.000,  0.000
840003250681656,  1641,31,11:48:28,11:48:39,    11, 75.00, 75.00,LS    ,  0.00,  0.000,  0.00,  0.000,  0.000,  0.000,  0.000
840003287324973,  9890,12,11:48:33,11:48:48,    15, 67.30, 66.90,LS    ,  0.40,  0.000,  0.00,  0.000,  0.000,  0.000,  0.000
840003250681653,  1638, 5,11:34:53,11:49:01,   848, 79.60, 75.80,HS    ,  3.80,  0.000,  0.00,  0.000,  0.000,  0.000,  0.000
840003218920932,  1174,24,11:38:37,11:49:27,   650, 74.70, 71.20,HS    ,  3.50,  0.000,  0.00,  0.000,  0.000,  0.000,  0.000
840003287325011,  1064, 9,11:47:33,11:49:36,   123, 82.40, 82.00,HS    ,  0.40,  0.000,  0.00,  0.000,  0.000,  0.000,  0.000
840003250681674,  1659,10,11:48:25,11:49:46,    81, 52.30, 52.00,LS    ,  0.30,  0.000,  0.00,  0.000,  0.000,  0.000,  0.000
840003205049610,  9724, 8,11:47:56,11:50:00,   124, 83.40, 83.00,HS    ,  0.40,  0.000,  0.00,  0.000,  0.000,  0.000,  0.000
840003250681637,  1622,11,11:44:02,11:50:08,   366, 69.10, 67.80,LS    ,  1.30,  0.000,  0.00,  0.000,  0.000,  0.000,  0.000
840003287325011,  1064, 9,11:49:58,11:50:17,    19, 82.00, 82.00,HS    ,  0.00,  0.000,  0.00,  0.000,  0.000,  0.000,  0.000
840003268256482,  9300, 6,11:34:45,11:51:24,   999, 76.80, 70.50,LS    ,  6.30,  0.000,  0.00,  0.000,  0.000,  0.000,  0.000
840003205049521,  9635,27,11:42:23,11:51:27,   544, 81.40, 78.40,LS    ,  3.00,  0.000,  0.00,  0.000,  0.000,  0.000,  0.000
840003287324990,  9827,28,11:39:45,11:51:32,   707, 77.00, 72.50,LS    ,  4.50,  0.000,  0.00,  0.000,  0.000,  0.000,  0.000
840003287325010,  9802,13,11:48:39,11:51:44,   185, 76.80, 75.90,HS    ,  0.90,  0.000,  0.00,  0.000,  0.000,  0.000,  0.000
840003218920932,  1174,24,11:50:29,11:51:46,    77, 71.20, 70.90,HS    ,  0.30,  0.000,  0.00,  0.000,  0.000,  0.000,  0.000
840003287324973,  9890,10,11:50:46,11:52:03,    77, 51.70, 50.90,LS    ,  0.80,  0.000,  0.00,  0.000,  0.000,  0.000,  0.000
840003287325011,  1064, 9,11:50:59,11:52:03,    64, 82.00, 81.90,HS    ,  0.10,  0.000,  0.00,  0.000,  0.000,  0.000,  0.000
840003268256441,  1148,31,11:51:43,11:52:22,    39, 75.00, 74.70,LS    ,  0.30,  0.000,  0.00,  0.000,  0.000,  0.000,  0.000
840003287325010,  9802,12,11:51:50,11:52:53,    63, 67.00, 66.10,LS    ,  0.90,  0.000,  0.00,  0.000,  0.000,  0.000,  0.000
840003250681791,  1776,81,11:46:01,11:53:11,   430, 75.86, 74.55,TEST  ,  1.31,  0.000,  0.00,  0.000,  0.000,  0.000,  0.000
840003287325011,  1064,10,11:52:33,11:53:14,    41, 50.90, 50.40,LS    ,  0.50,  0.000,  0.00,  0.000,  0.000,  0.000,  0.000
840003287324973,  9890,12,11:53:30,11:53:51,    21, 66.70, 66.00,LS    ,  0.70,  0.000,  0.00,  0.000,  0.000,  0.000,  0.000
840003287324973,  9890,12,11:54:09,11:54:39,    30, 65.90, 65.80,LS    ,  0.10,  0.000,  0.00,  0.000,  0.000,  0.000,  0.000
840003234513937,  1545,14,11:48:33,11:54:43,   370, 77.90, 76.10,HS    ,  1.80,  0.000,  0.00,  0.000,  0.000,  0.000,  0.000
840003205049610,  9724, 8,11:50:40,11:54:59,   259, 83.00, 82.10,HS    ,  0.90,  0.000,  0.00,  0.000,  0.000,  0.000,  0.000
840003287325010,  9802,13,11:52:59,11:55:08,   129, 75.90, 75.20,HS    ,  0.70,  0.000,  0.00,  0.000,  0.000,  0.000,  0.000
840003250681791,  1776,81,11:53:27,11:55:23,   116, 74.55, 74.22,TEST  ,  0.33,  0.000,  0.00,  0.000,  0.000,  0.000,  0.000
840003234513833,  1441,82,11:49:16,11:55:27,   371, 67.29, 65.80,TEST  ,  1.49,  0.000,  0.00,  0.000,  0.000,  0.000,  0.000
840003274076135,  1033,17,11:29:52,11:55:44,  1552, 79.10, 71.10,HS    ,  8.00,  0.000,  0.00,  0.000,  0.000,  0.000,  0.000
840003274076119,  9867,19,11:51:15,11:55:55,   280, 76.10, 74.30,LS    ,  1.80,  0.000,  0.00,  0.000,  0.000,  0.000,  0.000
840003287325011,  1064, 9,11:53:51,11:56:01,   130, 81.90, 81.40,HS    ,  0.50,  0.000,  0.00,  0.000,  0.000,  0.000,  0.000
840003234513990,  1598,20,11:48:07,11:56:26,   499, 39.30, 35.10,LS    ,  4.20,  0.000,  0.00,  0.000,  0.000,  0.000,  0.000
840003250681787,  1772,72,11:56:49,11:56:54,     5, 76.16, 76.16,TEST  ,  0.00,  0.000,  0.00,  0.000,  0.000,  0.000,  0.000
840003250681672,  1657,23,11:37:31,11:56:55,  1164, 76.00, 69.70,LS    ,  6.30,  0.000,  0.00,  0.000,  0.000,  0.000,  0.000
840003274076119,  9867,22,11:57:20,11:57:30,    10, 73.80, 73.70,HS    ,  0.10,  0.000,  0.00,  0.000,  0.000,  0.000,  0.000
840003250681659,  1644,25,11:40:22,11:57:47,  1045, 75.70, 66.30,LS    ,  9.40,  0.000,  0.00,  0.000,  0.000,  0.000,  0.000
840003234513990,  1598,23,11:57:05,11:58:10,    65, 69.60, 69.30,LS    ,  0.30,  0.000,  0.00,  0.000,  0.000,  0.000,  0.000
840003287324990,  9827,27,11:51:59,11:58:27,   388, 78.40, 75.90,LS    ,  2.50,  0.000,  0.00,  0.000,  0.000,  0.000,  0.000
840003250681791,  1776,80,11:55:40,11:59:18,   218, 81.85, 81.24,TEST  ,  0.61,  0.000,  0.00,  0.000,  0.000,  0.000,  0.000
840003287324993,  9134,78,11:46:04,11:59:28,   804, 88.58, 85.12,TEST  ,  3.46,  0.000,  0.00,  0.000,  0.000,  0.000,  0.000
840003274076170,  9253,68,12:00:18,12:00:24,     6, 65.77, 65.77,TEST  ,  0.00,  0.000,  0.00,  0.000,  0.000,  0.000,  0.000
840003274076170,  9253,70,12:00:30,12:00:36,     6, 72.11, 72.10,TEST  ,  0.01,  0.000,  0.00,  0.000,  0.000,  0.000,  0.000
840003268256441,  1148,28,11:52:32,12:00:43,   491, 72.50, 69.80,LS    ,  2.70,  0.000,  0.00,  0.000,  0.000,  0.000,  0.000
840003268256482,  9300, 6,11:55:14,12:00:50,   336, 70.50, 68.80,LS    ,  1.70,  0.000,  0.00,  0.000,  0.000,  0.000,  0.000
840003287324990,  9827,27,11:59:00,12:00:56,   116, 75.90, 75.30,LS    ,  0.60,  0.000,  0.00,  0.000,  0.000,  0.000,  0.000
840003234513850,  1458,53,12:00:56,12:01:01,     5, 74.88, 74.94,TEST  , -0.06,  0.000,  0.00,  0.000,  0.000,  0.000,  0.000
840003250681673,  1658,21,12:00:05,12:00:59,    54, 78.60, 78.30,HS    ,  0.30,  0.000,  0.00,  0.000,  0.000,  0.000,  0.000
840003250681674,  1659,10,11:54:36,12:01:02,   386, 50.10, 48.20,LS    ,  1.90,  0.000,  0.00,  0.000,  0.000,  0.000,  0.000
840003250681787,  1772,72,11:57:17,12:01:22,   245, 76.17, 74.78,TEST  ,  1.39,  0.000,  0.00,  0.000,  0.000,  0.000,  0.000
840003234513833,  1441,83,12:00:53,12:01:23,    30, 70.91, 70.97,TEST  , -0.06,  0.000,  0.00,  0.000,  0.000,  0.000,  0.000
840003250681791,  1776,82,11:59:31,12:01:38,   127, 65.83, 65.53,TEST  ,  0.30,  0.000,  0.00,  0.000,  0.000,  0.000,  0.000
840003250681659,  1644,25,11:58:10,12:01:38,   208, 66.30, 65.00,LS    ,  1.30,  0.000,  0.00,  0.000,  0.000,  0.000,  0.000
840003287325010,  9802,14,11:55:17,12:01:44,   387, 76.10, 74.40,HS    ,  1.70,  0.000,  0.00,  0.000,  0.000,  0.000,  0.000
840003250681788,  1773,81,12:00:33,12:01:57,    84, 74.18, 73.74,TEST  ,  0.44,  0.000,  0.00,  0.000,  0.000,  0.000,  0.000
840003250681637,  1622,11,11:50:26,12:02:05,   699, 67.70, 64.60,LS    ,  3.10,  0.000,  0.00,  0.000,  0.000,  0.000,  0.000
840003234513850,  1458,53,12:01:01,12:02:17,    76, 74.94, 74.57,TEST  ,  0.37,  0.000,  0.00,  0.000,  0.000,  0.000,  0.000
840003234513850,  1458,60,12:02:38,12:02:43,     5, 91.32, 91.38,TEST  , -0.06,  0.000,  0.00,  0.000,  0.000,  0.000,  0.000
840003287324993,  9134,77,11:59:34,12:02:58,   204, 94.57, 93.42,TEST  ,  1.15,  0.000,  0.00,  0.000,  0.000,  0.000,  0.000
840003287324973,  9890,13,11:55:17,12:03:02,   465, 75.20, 72.90,HS    ,  2.30,  0.000,  0.00,  0.000,  0.000,  0.000,  0.000
840003287324973,  9890,12,12:03:09,12:03:12,     3, 66.00, 66.00,LS    ,  0.00,  0.000,  0.00,  0.000,  0.000,  0.000,  0.000
840003250681788,  1773,76,12:02:30,12:03:50,    80, 82.19, 81.81,TEST  ,  0.38,  0.000,  0.00,  0.000,  0.000,  0.000,  0.000
840003234513937,  1545, 1,11:59:08,12:03:51,   283, 74.50, 73.40,HS    ,  1.10,  0.000,  0.00,  0.000,  0.000,  0.000,  0.000
840003287325010,  9802,12,12:03:25,12:03:54,    29, 66.00, 65.30,LS    ,  0.70,  0.000,  0.00,  0.000,  0.000,  0.000,  0.000
840003274076170,  9253,75,12:01:44,12:04:29,   165, 76.19, 75.44,TEST  ,  0.75,  0.000,  0.00,  0.000,  0.000,  0.000,  0.000
840003274076170,  9253,75,12:04:29,12:04:36,     7, 75.44, 75.43,TEST  ,  0.01,  0.000,  0.00,  0.000,  0.000,  0.000,  0.000
840003250681656,  1641,30,11:48:44,12:04:33,   949, 59.30, 55.10,HS    ,  4.20,  0.000,  0.00,  0.000,  0.000,  0.000,  0.000
840003287325010,  9802,11,12:04:02,12:04:34,    32, 64.70, 64.40,LS    ,  0.30,  0.000,  0.00,  0.000,  0.000,  0.000,  0.000
840003268256482,  9300, 7,12:01:16,12:04:42,   206, 73.40, 72.40,LS    ,  1.00,  0.000,  0.00,  0.000,  0.000,  0.000,  0.000
840003250681787,  1772,74,12:01:22,12:04:53,   211, 74.81, 73.48,TEST  ,  1.33,  0.000,  0.00,  0.000,  0.000,  0.000,  0.000
840003287324983,  9870,31,11:52:32,12:04:55,   743, 74.70, 71.50,LS    ,  3.20,  0.000,  0.00,  0.000,  0.000,  0.000,  0.000
840003250681787,  1772,74,12:05:08,12:05:14,     6, 73.49, 73.51,TEST  , -0.02,  0.000,  0.00,  0.000,  0.000,  0.000,  0.000
840003205049521,  9635,28,12:01:00,12:05:09,   249, 69.80, 68.50,LS    ,  1.30,  0.000,  0.00,  0.000,  0.000,  0.000,  0.000
840003234513987,  1595,29,11:52:05,12:05:09,   784, 80.60, 77.80,HS    ,  2.80,  0.000,  0.00,  0.000,  0.000,  0.000,  0.000
840003234513937,  1545, 7,12:05:01,12:05:10,     9, 72.40, 72.40,LS    ,  0.00,  0.000,  0.00,  0.000,  0.000,  0.000,  0.000
840003268256441,  1148,27,12:02:56,12:05:21,   145, 75.30, 74.30,LS    ,  1.00,  0.000,  0.00,  0.000,  0.000,  0.000,  0.000
840003287324990,  9827,25,12:02:07,12:05:33,   206, 65.00, 63.80,LS    ,  1.20,  0.000,  0.00,  0.000,  0.000,  0.000,  0.000
840003250681788,  1773,79,12:04:22,12:05:54,    92, 82.97, 82.58,TEST  ,  0.39,  0.000,  0.00,  0.000,  0.000,  0.000,  0.000
840003274076119,  9867,23,11:58:20,12:05:52,   452, 69.30, 66.50,LS    ,  2.80,  0.000,  0.00,  0.000,  0.000,  0.000,  0.000
840003268256441,  1148,31,12:05:55,12:05:59,     4, 71.50, 71.50,LS    ,  0.00,  0.000,  0.00,  0.000,  0.000,  0.000,  0.000
840003234513850,  1458,60,12:02:50,12:07:10,   260, 91.25, 89.83,TEST  ,  1.42,  0.000,  0.00,  0.000,  0.000,  0.000,  0.000
840003250681656,  1641,32,12:05:11,12:07:10,   119, 73.70, 73.10,HS    ,  0.60,  0.000,  0.00,  0.000,  0.000,  0.000,  0.000
840003234513850,  1458,61,12:07:16,12:07:21,     5, 86.35, 86.37,TEST  , -0.02,  0.000,  0.00,  0.000,  0.000,  0.000,  0.000
840003234513937,  1545, 8,12:05:20,12:07:22,   122, 82.00, 81.60,HS    ,  0.40,  0.000,  0.00,  0.000,  0.000,  0.000,  0.000
840003250681653,  1638,22,12:01:21,12:07:31,   370, 73.70, 72.00,HS    ,  1.70,  0.000,  0.00,  0.000,  0.000,  0.000,  0.000
840003287324973,  9890,10,12:03:28,12:07:35,   247, 47.90, 46.40,LS    ,  1.50,  0.000,  0.00,  0.000,  0.000,  0.000,  0.000
840003287324983,  9870,31,12:06:08,12:07:52,   104, 71.50, 71.20,LS    ,  0.30,  0.000,  0.00,  0.000,  0.000,  0.000,  0.000
840003274076119,  9867,28,12:07:34,12:08:04,    30, 68.50, 68.50,LS    ,  0.00,  0.000,  0.00,  0.000,  0.000,  0.000,  0.000
840003287325014,  9956,18,12:04:57,12:08:10,   193, 74.50, 73.10,LS    ,  1.40,  0.000,  0.00,  0.000,  0.000,  0.000,  0.000
840003250681673,  1658,21,12:01:24,12:08:14,   410, 78.20, 75.80,HS    ,  2.40,  0.000,  0.00,  0.000,  0.000,  0.000,  0.000
840003250681673,  1658,22,12:08:33,12:09:12,    39, 72.00, 71.70,HS    ,  0.30,  0.000,  0.00,  0.000,  0.000,  0.000,  0.000
840003205049521,  9635,18,12:08:20,12:10:45,   145, 73.10, 72.20,LS    ,  0.90,  0.000,  0.00,  0.000,  0.000,  0.000,  0.000
840003234513990,  1598,19,11:59:24,12:10:49,   685, 74.30, 71.00,LS    ,  3.30,  0.000,  0.00,  0.000,  0.000,  0.000,  0.000
840003274076135,  1033,17,11:56:33,12:11:00,   867, 71.10, 67.30,HS    ,  3.80,  0.000,  0.00,  0.000,  0.000,  0.000,  0.000
840003287324980,  1557,16,11:39:45,12:11:04,  1879, 79.70, 70.40,HS    ,  9.30,  0.000,  0.00,  0.000,  0.000,  0.000,  0.000
840003234513850,  1458,62,12:07:22,12:11:48,   266, 83.44, 82.33,TEST  ,  1.11,  0.000,  0.00,  0.000,  0.000,  0.000,  0.000
840003250681787,  1772,79,12:06:07,12:11:51,   344, 82.56, 80.68,TEST  ,  1.88,  0.000,  0.00,  0.000,  0.000,  0.000,  0.000
840003250681787,  1772,79,12:11:52,12:12:02,    10, 80.68, 80.70,TEST  , -0.02,  0.000,  0.00,  0.000,  0.000,  0.000,  0.000
840003211747927,  9898,71,12:08:51,12:12:08,   197, 66.38, 65.60,TEST  ,  0.78,  0.000,  0.00,  0.000,  0.000,  0.000,  0.000
840003268256440,  9884,14,12:10:11,12:12:15,   124, 74.40, 73.20,HS    ,  1.20,  0.000,  0.00,  0.000,  0.000,  0.000,  0.000
840003234513833,  1441,80,12:04:12,12:12:23,   491, 81.21, 78.53,TEST  ,  2.68,  0.000,  0.00,  0.000,  0.000,  0.000,  0.000
840003274076170,  9253,81,12:05:09,12:12:33,   444, 73.77, 71.83,TEST  ,  1.94,  0.000,  0.00,  0.000,  0.000,  0.000,  0.000
840003287325010,  9802,13,12:04:45,12:12:38,   473, 72.90, 70.60,HS    ,  2.30,  0.000,  0.00,  0.000,  0.000,  0.000,  0.000
840003274076170,  9253,83,12:12:37,12:12:43,     6, 71.11, 71.26,TEST  , -0.15,  0.000,  0.00,  0.000,  0.000,  0.000,  0.000
840003274076170,  9253,83,12:12:44,12:12:56,    12, 71.02, 70.89,TEST  ,  0.13,  0.000,  0.00,  0.000,  0.000,  0.000,  0.000
840003268256482,  9300,11,12:05:08,12:13:39,   511, 64.40, 61.80,LS    ,  2.60,  0.000,  0.00,  0.000,  0.000,  0.000,  0.000
840003250681656,  1641,32,12:09:06,12:14:37,   331, 73.10, 71.60,HS    ,  1.50,  0.000,  0.00,  0.000,  0.000,  0.000,  0.000
840003234513833,  1441,83,12:12:57,12:15:45,   168, 70.89, 70.19,TEST  ,  0.70,  0.000,  0.00,  0.000,  0.000,  0.000,  0.000
840003274076170,  9253,82,12:13:00,12:15:52,   172, 65.51, 64.64,TEST  ,  0.87,  0.000,  0.00,  0.000,  0.000,  0.000,  0.000
840003268256440,  9884,29,12:13:42,12:15:55,   133, 77.30, 77.90,HS    , -0.60,  0.000,  0.00,  0.000,  0.000,  0.000,  0.000
840003250681653,  1638,26,12:08:38,12:16:13,   455, 79.90, 77.40,HS    ,  2.50,  0.000,  0.00,  0.000,  0.000,  0.000,  0.000
840003274076119,  9867,30,12:16:09,12:16:39,    30, 55.00, 54.70,HS    ,  0.30,  0.000,  0.00,  0.000,  0.000,  0.000,  0.000
840003234513850,  1458,65,12:12:03,12:17:01,   298, 86.60, 85.02,TEST  ,  1.58,  0.000,  0.00,  0.000,  0.000,  0.000,  0.000
840003250681788,  1773,78,12:06:15,12:17:08,   653, 85.14, 82.13,TEST  ,  3.01,  0.000,  0.00,  0.000,  0.000,  0.000,  0.000
840003234513937,  1545,10,12:08:01,12:17:08,   547, 46.20, 42.90,LS    ,  3.30,  0.000,  0.00,  0.000,  0.000,  0.000,  0.000
840003250681787,  1772,83,12:15:46,12:17:42,   116, 70.19, 69.56,TEST  ,  0.63,  0.000,  0.00,  0.000,  0.000,  0.000,  0.000
840003250681787,  1772,82,12:18:20,12:18:35,    15, 64.58, 64.65,TEST  , -0.07,  0.000,  0.00,  0.000,  0.000,  0.000,  0.000
840003234513833,  1441,81,12:16:17,12:18:46,   149, 71.84, 71.20,TEST  ,  0.64,  0.000,  0.00,  0.000,  0.000,  0.000,  0.000
840003211747927,  9898,73,12:12:28,12:18:51,   383, 67.35, 65.31,TEST  ,  2.04,  0.000,  0.00,  0.000,  0.000,  0.000,  0.000
840003250681787,  1772,81,12:18:47,12:18:54,     7, 71.20, 71.19,TEST  ,  0.01,  0.000,  0.00,  0.000,  0.000,  0.000,  0.000
840003234513852,  1460,80,12:18:21,12:18:54,    33, 78.55, 78.21,TEST  ,  0.34,  0.000,  0.00,  0.000,  0.000,  0.000,  0.000
840003250681788,  1773,72,12:17:26,12:18:58,    92, 74.76, 74.40,TEST  ,  0.36,  0.000,  0.00,  0.000,  0.000,  0.000,  0.000
840003250681787,  1772,80,12:18:55,12:19:03,     8, 78.21, 78.25,TEST  , -0.04,  0.000,  0.00,  0.000,  0.000,  0.000,  0.000
840003218920882,  1124,17,12:17:21,12:19:23,   122, 67.30, 67.00,HS    ,  0.30,  0.000,  0.00,  0.000,  0.000,  0.000,  0.000
840003287324973,  9890, 9,12:17:24,12:20:13,   169, 81.30, 80.70,HS    ,  0.60,  0.000,  0.00,  0.000,  0.000,  0.000,  0.000
840003287325014,  9956,27,12:08:29,12:20:17,   708, 74.20, 70.00,LS    ,  4.20,  0.000,  0.00,  0.000,  0.000,  0.000,  0.000
840003287324983,  9870,28,12:08:37,12:20:33,   716, 68.50, 65.70,LS    ,  2.80,  0.000,  0.00,  0.000,  0.000,  0.000,  0.000
840003234513937,  1545,10,12:17:26,12:20:32,   186, 42.60, 41.90,LS    ,  0.70,  0.000,  0.00,  0.000,  0.000,  0.000,  0.000
840003250681659,  1644,31,12:10:59,12:20:42,   583, 71.10, 67.40,LS    ,  3.70,  0.000,  0.00,  0.000,  0.000,  0.000,  0.000
840003287325014,  9956,28,12:20:43,12:21:34,    51, 65.70, 65.40,LS    ,  0.30,  0.000,  0.00,  0.000,  0.000,  0.000,  0.000
840003250681659,  1644,29,12:21:29,12:21:35,     6, 76.30, 76.50,HS    , -0.20,  0.000,  0.00,  0.000,  0.000,  0.000,  0.000
840003287324983,  9870,31,12:21:03,12:21:51,    48, 67.40, 67.10,LS    ,  0.30,  0.000,  0.00,  0.000,  0.000,  0.000,  0.000
840003287324973,  9890, 9,12:20:51,12:22:12,    81, 80.70, 80.40,HS    ,  0.30,  0.000,  0.00,  0.000,  0.000,  0.000,  0.000
840003234513937,  1545,10,12:21:44,12:22:34,    50, 41.50, 41.30,LS    ,  0.20,  0.000,  0.00,  0.000,  0.000,  0.000,  0.000
840003205049610,  9724,12,12:22:48,12:23:06,    18, 65.70, 66.00,LS    , -0.30,  0.000,  0.00,  0.000,  0.000,  0.000,  0.000
840003250681673,  1658,24,12:09:31,12:23:07,   816, 70.80, 66.50,HS    ,  4.30,  0.000,  0.00,  0.000,  0.000,  0.000,  0.000
840003234513937,  1545,10,12:23:12,12:24:16,    64, 41.10, 40.90,LS    ,  0.20,  0.000,  0.00,  0.000,  0.000,  0.000,  0.000
840003218920882,  1124,16,12:19:32,12:24:26,   294, 70.40, 69.20,HS    ,  1.20,  0.000,  0.00,  0.000,  0.000,  0.000,  0.000
840003268256441,  1148,18,12:17:04,12:24:43,   459, 72.20, 69.50,LS    ,  2.70,  0.000,  0.00,  0.000,  0.000,  0.000,  0.000
840003287324973,  9890,13,12:22:57,12:24:53,   116, 70.60, 70.20,HS    ,  0.40,  0.000,  0.00,  0.000,  0.000,  0.000,  0.000
840003274076170,  9253,83,12:17:49,12:25:11,   442, 69.50, 67.47,TEST  ,  2.03,  0.000,  0.00,  0.000,  0.000,  0.000,  0.000
840003287324973,  9890,12,12:25:11,12:25:14,     3, 65.40, 65.00,LS    ,  0.40,  0.000,  0.00,  0.000,  0.000,  0.000,  0.000
840003250681787,  1772,79,12:19:21,12:25:49,   388, 80.68, 78.91,TEST  ,  1.77,  0.000,  0.00,  0.000,  0.000,  0.000,  0.000
840003211747927,  9898,74,12:18:51,12:26:02,   431, 73.49, 71.09,TEST  ,  2.40,  0.000,  0.00,  0.000,  0.000,  0.000,  0.000
840003287325014,  9956,31,12:22:01,12:26:37,   276, 67.10, 65.40,LS    ,  1.70,  0.000,  0.00,  0.000,  0.000,  0.000,  0.000
840003250681653,  1638,32,12:23:46,12:26:49,   183, 71.70, 70.50,HS    ,  1.20,  0.000,  0.00,  0.000,  0.000,  0.000,  0.000
840003234513852,  1460,72,12:19:51,12:27:17,   446, 74.36, 72.01,TEST  ,  2.35,  0.000,  0.00,  0.000,  0.000,  0.000,  0.000
840003250681673,  1658,29,12:23:28,12:27:25,   237, 76.30, 76.30,HS    ,  0.00,  0.000,  0.00,  0.000,  0.000,  0.000,  0.000
840003234513850,  1458,83,12:25:12,12:27:31,   139, 67.47, 66.93,TEST  ,  0.54,  0.000,  0.00,  0.000,  0.000,  0.000,  0.000
840003268256441,  1148,18,12:26:01,12:27:27,    86, 69.50, 69.00,LS    ,  0.50,  0.000,  0.00,  0.000,  0.000,  0.000,  0.000
840003250681788,  1773,71,12:19:04,12:27:36,   512, 65.57, 63.85,TEST  ,  1.72,  0.000,  0.00,  0.000,  0.000,  0.000,  0.000
840003250681659,  1644,28,12:21:47,12:27:32,   345, 65.40, 63.70,LS    ,  1.70,  0.000,  0.00,  0.000,  0.000,  0.000,  0.000
840003287324980,  1557, 4,12:25:07,12:27:43,   156, 74.60, 73.90,HS    ,  0.70,  0.000,  0.00,  0.000,  0.000,  0.000,  0.000
840003234513850,  1458,83,12:27:45,12:27:58,    13, 66.99, 66.93,TEST  ,  0.06,  0.000,  0.00,  0.000,  0.000,  0.000,  0.000
840003234513777,  1385,67,12:20:58,12:28:00,   422, 60.37, 58.61,TEST  ,  1.76,  0.000,  0.00,  0.000,  0.000,  0.000,  0.000
840003218920767,  1009,83,12:28:01,12:28:09,     8, 66.98, 66.96,TEST  ,  0.02,  0.000,  0.00,  0.000,  0.000,  0.000,  0.000
840003268256482,  9300,19,12:15:23,12:28:23,   780, 71.00, 67.40,LS    ,  3.60,  0.000,  0.00,  0.000,  0.000,  0.000,  0.000
840003234513937,  1545,10,12:25:17,12:28:28,   191, 40.80, 39.80,LS    ,  1.00,  0.000,  0.00,  0.000,  0.000,  0.000,  0.000
840003234513777,  1385,66,12:28:09,12:28:45,    36, 76.63, 76.47,TEST  ,  0.16,  0.000,  0.00,  0.000,  0.000,  0.000,  0.000
840003250681672,  1657,20,12:12:14,12:28:57,  1003, 35.10, 24.40,LS    , 10.70,  0.000,  0.00,  0.000,  0.000,  0.000,  0.000
840003268256441,  1148,15,12:28:36,12:29:10,    34, 79.60, 79.50,LS    ,  0.10,  0.000,  0.00,  0.000,  0.000,  0.000,  0.000
840003218920882,  1124,14,12:27:29,12:29:17,   108, 73.20, 72.90,HS    ,  0.30,  0.000,  0.00,  0.000,  0.000,  0.000,  0.000
840003287324980,  1557, 5,12:27:48,12:29:30,   102, 75.70, 75.30,HS    ,  0.40,  0.000,  0.00,  0.000,  0.000,  0.000,  0.000
840003234513937,  1545,10,12:29:41,12:29:49,     8, 39.50, 39.50,LS    ,  0.00,  0.000,  0.00,  0.000,  0.000,  0.000,  0.000
840003250681788,  1773,70,12:27:40,12:30:19,   159, 72.09, 71.40,TEST  ,  0.69,  0.000,  0.00,  0.000,  0.000,  0.000,  0.000
840003205049521,  9635,23,12:11:31,12:30:44,  1153, 66.50, 60.10,LS    ,  6.40,  0.000,  0.00,  0.000,  0.000,  0.000,  0.000
840003274076119,  9867,25,12:17:37,12:30:53,   796, 63.70, 59.50,LS    ,  4.20,  0.000,  0.00,  0.000,  0.000,  0.000,  0.000
840003211747927,  9898,74,12:26:42,12:31:01,   259, 71.11, 69.58,TEST  ,  1.53,  0.000,  0.00,  0.000,  0.000,  0.000,  0.000
840003234513852,  1460,71,12:27:38,12:31:03,   205, 63.83, 62.83,TEST  ,  1.00,  0.000,  0.00,  0.000,  0.000,  0.000,  0.000
840003268256440,  9884,26,12:16:23,12:31:07,   884, 77.40, 69.80,HS    ,  7.60,  0.000,  0.00,  0.000,  0.000,  0.000,  0.000
840003234513990,  1598, 2,12:14:42,12:31:09,   987, 72.20, 68.10,LS    ,  4.10,  0.000,  0.00,  0.000,  0.000,  0.000,  0.000
840003274076135,  1033, 1,12:23:16,12:31:12,   476, 73.30, 71.50,HS    ,  1.80,  0.000,  0.00,  0.000,  0.000,  0.000,  0.000
840003287325013,  9824, 4,12:27:53,12:31:13,   200, 73.90, 72.70,HS    ,  1.20,  0.000,  0.00,  0.000,  0.000,  0.000,  0.000
840003234513850,  1458,83,12:28:14,12:31:24,   190, 66.96, 66.26,TEST  ,  0.70,  0.000,  0.00,  0.000,  0.000,  0.000,  0.000
840003250681787,  1772,78,12:27:31,12:31:47,   256, 82.06, 81.03,TEST  ,  1.03,  0.000,  0.00,  0.000,  0.000,  0.000,  0.000
840003250681653,  1638,32,12:27:22,12:31:47,   265, 70.50, 69.00,HS    ,  1.50,  0.000,  0.00,  0.000,  0.000,  0.000,  0.000
840003250681659,  1644,31,12:29:02,12:32:04,   182, 65.50, 64.60,LS    ,  0.90,  0.000,  0.00,  0.000,  0.000,  0.000,  0.000
840003268256440,  9884,22,12:31:47,12:32:11,    24, 71.70, 71.70,HS    ,  0.00,  0.000,  0.00,  0.000,  0.000,  0.000,  0.000
840003287325014,  9956,27,12:27:41,12:33:13,   332, 69.60, 68.00,LS    ,  1.60,  0.000,  0.00,  0.000,  0.000,  0.000,  0.000
840003250681659,  1644,31,12:32:27,12:34:17,   110, 64.60, 64.00,LS    ,  0.60,  0.000,  0.00,  0.000,  0.000,  0.000,  0.000
840003287324973,  9890,10,12:30:38,12:35:42,   304, 39.30, 37.20,LS    ,  2.10,  0.000,  0.00,  0.000,  0.000,  0.000,  0.000
840003218920901,  1143,10,12:36:01,12:36:12,    11, 37.20, 37.20,LS    ,  0.00,  0.000,  0.00,  0.000,  0.000,  0.000,  0.000
840003234513850,  1458,81,12:33:21,12:36:20,   179, 71.17, 70.52,TEST  ,  0.65,  0.000,  0.00,  0.000,  0.000,  0.000,  0.000
840003234513850,  1458,81,12:36:21,12:36:27,     6, 70.52, 70.49,TEST  ,  0.03,  0.000,  0.00,  0.000,  0.000,  0.000,  0.000
840003218920767,  1009,82,12:31:53,12:37:15,   322, 64.59, 62.42,TEST  ,  2.17,  0.000,  0.00,  0.000,  0.000,  0.000,  0.000
840003234513850,  1458,77,12:36:41,12:37:34,    53, 93.37, 93.13,TEST  ,  0.24,  0.000,  0.00,  0.000,  0.000,  0.000,  0.000
840003218920767,  1009,78,12:37:43,12:38:07,    24, 81.08, 80.98,TEST  ,  0.10,  0.000,  0.00,  0.000,  0.000,  0.000,  0.000
840003218920767,  1009,76,12:38:12,12:38:47,    35, 81.76, 81.53,TEST  ,  0.23,  0.000,  0.00,  0.000,  0.000,  0.000,  0.000
840003218920901,  1143,10,12:36:32,12:39:08,   156, 37.20, 36.20,LS    ,  1.00,  0.000,  0.00,  0.000,  0.000,  0.000,  0.000
840003250681659,  1644,28,12:34:59,12:39:19,   260, 63.70, 62.50,LS    ,  1.20,  0.000,  0.00,  0.000,  0.000,  0.000,  0.000
840003287325014,  9956,31,12:39:56,12:41:04,    68, 64.00, 63.70,LS    ,  0.30,  0.000,  0.00,  0.000,  0.000,  0.000,  0.000
840003268256441,  1148,12,12:29:42,12:41:19,   697, 65.40, 61.40,LS    ,  4.00,  0.000,  0.00,  0.000,  0.000,  0.000,  0.000
840003234513852,  1460,67,12:31:40,12:42:35,   655, 58.64, 56.18,TEST  ,  2.46,  0.000,  0.00,  0.000,  0.000,  0.000,  0.000
840003234513850,  1458,73,12:39:51,12:43:18,   207, 65.26, 64.26,TEST  ,  1.00,  0.000,  0.00,  0.000,  0.000,  0.000,  0.000
840003287325014,  9956,27,12:41:24,12:43:20,   116, 67.60, 67.60,LS    ,  0.00,  0.000,  0.00,  0.000,  0.000,  0.000,  0.000
840003218920767,  1009,71,12:39:54,12:43:23,   209, 62.77, 61.64,TEST  ,  1.13,  0.000,  0.00,  0.000,  0.000,  0.000,  0.000
840003250681673,  1658,26,12:37:29,12:43:22,   353, 69.90, 68.60,HS    ,  1.30,  0.000,  0.00,  0.000,  0.000,  0.000,  0.000
840003250681788,  1773,65,12:30:44,12:43:50,   786, 84.99, 82.21,TEST  ,  2.78,  0.000,  0.00,  0.000,  0.000,  0.000,  0.000
840003218920901,  1143,10,12:39:40,12:44:14,   274, 36.20, 34.80,LS    ,  1.40,  0.000,  0.00,  0.000,  0.000,  0.000,  0.000
840003205049521,  9635,23,12:34:18,12:44:44,   626, 60.10, 57.20,LS    ,  2.90,  0.000,  0.00,  0.000,  0.000,  0.000,  0.000
840003234513777,  1385,63,12:28:52,12:44:59,   967, 77.81, 73.67,TEST  ,  4.14,  0.000,  0.00,  0.000,  0.000,  0.000,  0.000
840003287324973,  9890, 8,12:41:01,12:45:18,   257, 81.50, 80.70,HS    ,  0.80,  0.000,  0.00,  0.000,  0.000,  0.000,  0.000
840003205049521,  9635,26,12:45:09,12:45:19,    10, 68.60, 68.60,HS    ,  0.00,  0.000,  0.00,  0.000,  0.000,  0.000,  0.000
840003287324980,  1557, 9,12:32:43,12:45:25,   762, 80.40, 76.70,HS    ,  3.70,  0.000,  0.00,  0.000,  0.000,  0.000,  0.000
840003287325014,  9956,28,12:43:54,12:45:26,    92, 62.50, 62.00,LS    ,  0.50,  0.000,  0.00,  0.000,  0.000,  0.000,  0.000
840003234513811,  1419,54,12:37:52,12:45:50,   478, 59.88, 56.64,TEST  ,  3.24,  0.000,  0.00,  0.000,  0.000,  0.000,  0.000
840003218920901,  1143,10,12:44:54,12:45:51,    57, 34.60, 34.50,LS    ,  0.10,  0.000,  0.00,  0.000,  0.000,  0.000,  0.000
840003268256440,  9884,16,12:34:47,12:45:53,   666, 69.20, 65.40,HS    ,  3.80,  0.000,  0.00,  0.000,  0.000,  0.000,  0.000
840003250681673,  1658,22,12:43:44,12:46:00,   136, 71.70, 71.20,HS    ,  0.50,  0.000,  0.00,  0.000,  0.000,  0.000,  0.000
840003234513811,  1419,54,12:45:55,12:46:12,    17, 56.63, 56.52,TEST  ,  0.11,  0.000,  0.00,  0.000,  0.000,  0.000,  0.000
840003234513850,  1458,67,12:44:53,12:46:13,    80, 56.11, 55.73,TEST  ,  0.38,  0.000,  0.00,  0.000,  0.000,  0.000,  0.000
840003234513811,  1419,54,12:46:12,12:46:19,     7, 56.52, 56.53,TEST  , -0.01,  0.000,  0.00,  0.000,  0.000,  0.000,  0.000
840003268256482,  9300,15,12:29:23,12:46:22,  1019, 79.60, 75.60,LS    ,  4.00,  0.000,  0.00,  0.000,  0.000,  0.000,  0.000
840003250681788,  1773,66,12:43:56,12:46:44,   168, 76.46, 75.93,TEST  ,  0.53,  0.000,  0.00,  0.000,  0.000,  0.000,  0.000
840003287325014,  9956,25,12:45:41,12:48:00,   139, 59.50, 58.80,LS    ,  0.70,  0.000,  0.00,  0.000,  0.000,  0.000,  0.000
840003218920882,  1124,14,12:29:43,12:48:42,  1139, 72.80, 66.90,HS    ,  5.90,  0.000,  0.00,  0.000,  0.000,  0.000,  0.000
840003234513777,  1385,60,12:45:57,12:49:00,   183, 89.78, 89.14,TEST  ,  0.64,  0.000,  0.00,  0.000,  0.000,  0.000,  0.000
840003287325013,  9824,13,12:31:53,12:49:54,  1081, 70.20, 64.40,HS    ,  5.80,  0.000,  0.00,  0.000,  0.000,  0.000,  0.000
840003287324973,  9890,10,12:46:19,12:52:39,   380, 34.40, 32.20,LS    ,  2.20,  0.000,  0.00,  0.000,  0.000,  0.000,  0.000
840003234513811,  1419,54,12:46:23,12:53:06,   403, 56.53, 54.39,TEST  ,  2.14,  0.000,  0.00,  0.000,  0.000,  0.000,  0.000
840003274076135,  1033,22,12:50:32,12:53:02,   150, 71.20, 70.90,HS    ,  0.30,  0.000,  0.00,  0.000,  0.000,  0.000,  0.000
840003287324980,  1557, 8,12:46:08,12:53:02,   414, 80.70, 78.50,HS    ,  2.20,  0.000,  0.00,  0.000,  0.000,  0.000,  0.000
840003205049521,  9635,28,12:45:38,12:53:04,   446, 62.00, 59.70,LS    ,  2.30,  0.000,  0.00,  0.000,  0.000,  0.000,  0.000
840003211748008,  9979,53,12:30:54,12:53:12,  1338, 74.56, 65.98,TEST  ,  8.58,  0.000,  0.00,  0.000,  0.000,  0.000,  0.000
840003234513811,  1419,54,12:53:09,12:53:15,     6, 54.39, 54.35,TEST  ,  0.04,  0.000,  0.00,  0.000,  0.000,  0.000,  0.000
840003287325014,  9956,27,12:48:14,12:53:23,   309, 67.70, 65.70,LS    ,  2.00,  0.000,  0.00,  0.000,  0.000,  0.000,  0.000
840003205049521,  9635,26,12:54:05,12:54:32,    27, 68.60, 68.50,HS    ,  0.10,  0.000,  0.00,  0.000,  0.000,  0.000,  0.000
840003234513850,  1458,70,12:46:38,12:55:28,   530, 71.38, 69.04,TEST  ,  2.34,  0.000,  0.00,  0.000,  0.000,  0.000,  0.000
840003211747972,  9943,31,12:54:42,12:55:43,    61, 63.70, 63.20,LS    ,  0.50,  0.000,  0.00,  0.000,  0.000,  0.000,  0.000
840003287324980,  1557,12,12:53:45,12:55:54,   129, 61.40, 60.70,LS    ,  0.70,  0.000,  0.00,  0.000,  0.000,  0.000,  0.000
840003268256440,  9884,32,12:56:02,12:56:30,    28, 68.90, 68.80,HS    ,  0.10,  0.000,  0.00,  0.000,  0.000,  0.000,  0.000
840003211747972,  9943,31,12:56:04,12:56:31,    27, 63.20, 63.00,LS    ,  0.20,  0.000,  0.00,  0.000,  0.000,  0.000,  0.000
840003211747972,  9943,32,12:56:51,12:57:02,    11, 68.80, 68.50,HS    ,  0.30,  0.000,  0.00,  0.000,  0.000,  0.000,  0.000
840003268256440,  9884,27,12:57:09,12:57:37,    28, 65.50, 64.90,LS    ,  0.60,  0.000,  0.00,  0.000,  0.000,  0.000,  0.000
840003250681681,  1666,16,12:53:33,12:58:09,   276, 65.40, 64.50,HS    ,  0.90,  0.000,  0.00,  0.000,  0.000,  0.000,  0.000
840003205049521,  9635,25,12:54:38,12:58:38,   240, 58.80, 57.80,LS    ,  1.00,  0.000,  0.00,  0.000,  0.000,  0.000,  0.000
840003268256440,  9884,26,12:58:04,12:58:39,    35, 68.50, 68.30,HS    ,  0.20,  0.000,  0.00,  0.000,  0.000,  0.000,  0.000
840003218920882,  1124,21,12:49:08,12:59:22,   614, 75.90, 73.10,HS    ,  2.80,  0.000,  0.00,  0.000,  0.000,  0.000,  0.000
840003268256440,  9884,22,12:58:59,12:59:29,    30, 70.90, 70.70,HS    ,  0.20,  0.000,  0.00,  0.000,  0.000,  0.000,  0.000
840003234513990,  1598, 7,12:31:57,12:59:44,  1667, 72.40, 65.00,LS    ,  7.40,  0.000,  0.00,  0.000,  0.000,  0.000,  0.000
840003205049521,  9635,26,12:59:38,13:00:01,    23, 68.30, 68.00,HS    ,  0.30,  0.000,  0.00,  0.000,  0.000,  0.000,  0.000
840003250681681,  1666,17,12:58:22,13:00:03,   101, 67.00, 66.60,HS    ,  0.40,  0.000,  0.00,  0.000,  0.000,  0.000,  0.000
840003211748008,  9979,56,12:55:04,13:00:21,   317, 90.27, 88.41,TEST  ,  1.86,  0.000,  0.00,  0.000,  0.000,  0.000,  0.000
840003250681673,  1658,29,12:46:22,13:00:29,   847, 76.20, 70.80,HS    ,  5.40,  0.000,  0.00,  0.000,  0.000,  0.000,  0.000
840003234513811,  1419,57,12:53:32,13:01:11,   459, 88.35, 85.89,TEST  ,  2.46,  0.000,  0.00,  0.000,  0.000,  0.000,  0.000
840003287324973,  9890,10,12:53:43,13:01:17,   454, 31.90, 30.20,LS    ,  1.70,  0.000,  0.00,  0.000,  0.000,  0.000,  0.000
840003234513898,  1506,82,13:00:19,13:01:28,    69, 62.45, 61.86,TEST  ,  0.59,  0.000,  0.00,  0.000,  0.000,  0.000,  0.000
840003234513852,  1460,83,12:54:21,13:01:36,   435, 66.12, 64.17,TEST  ,  1.95,  0.000,  0.00,  0.000,  0.000,  0.000,  0.000
840003205049521,  9635,26,13:01:26,13:01:32,     6, 68.00, 68.00,HS    ,  0.00,  0.000,  0.00,  0.000,  0.000,  0.000,  0.000
840003287325014,  9956,23,12:54:22,13:01:37,   435, 57.10, 55.50,LS    ,  1.60,  0.000,  0.00,  0.000,  0.000,  0.000,  0.000
840003234513850,  1458,71,12:56:58,13:01:51,   293, 61.62, 60.56,TEST  ,  1.06,  0.000,  0.00,  0.000,  0.000,  0.000,  0.000
840003218920767,  1009,69,12:47:11,13:01:57,   886, 54.44, 49.64,TEST  ,  4.80,  0.000,  0.00,  0.000,  0.000,  0.000,  0.000
840003287324980,  1557,14,12:56:04,13:01:59,   355, 66.90, 65.10,HS    ,  1.80,  0.000,  0.00,  0.000,  0.000,  0.000,  0.000
840003211747972,  9943,31,13:01:38,13:02:42,    64, 63.00, 62.60,LS    ,  0.40,  0.000,  0.00,  0.000,  0.000,  0.000,  0.000
840003250681627,  1612,15,12:56:26,13:03:33,   427, 75.60, 73.60,LS    ,  2.00,  0.000,  0.00,  0.000,  0.000,  0.000,  0.000
840003218920882,  1124,22,12:59:40,13:04:01,   261, 70.70, 69.60,HS    ,  1.10,  0.000,  0.00,  0.000,  0.000,  0.000,  0.000
840003274076113,  9290,18,12:43:45,13:04:39,  1254, 69.00, 62.30,LS    ,  6.70,  0.000,  0.00,  0.000,  0.000,  0.000,  0.000
840003250681627,  1612,19,13:03:58,13:06:13,   135, 67.40, 66.80,LS    ,  0.60,  0.000,  0.00,  0.000,  0.000,  0.000,  0.000
840003218920873,  1115,32,12:58:16,13:06:33,   497, 68.50, 65.40,HS    ,  3.10,  0.000,  0.00,  0.000,  0.000,  0.000,  0.000
982000372939914,  8693,69,13:06:42,13:06:47,     5, 49.58, 49.70,TEST  , -0.12,  0.000,  0.00,  0.000,  0.000,  0.000,  0.000
982000372939914,  8693,69,13:06:54,13:07:10,    16, 49.70, 49.33,TEST  ,  0.37,  0.000,  0.00,  0.000,  0.000,  0.000,  0.000
840003234513766,  1374,70,12:57:43,13:07:24,   581, 69.11, 65.96,TEST  ,  3.15,  0.000,  0.00,  0.000,  0.000,  0.000,  0.000
840003234513766,  1374,70,13:07:24,13:07:29,     5, 65.96, 66.02,TEST  , -0.06,  0.000,  0.00,  0.000,  0.000,  0.000,  0.000
840003211747972,  9943,15,13:07:07,13:07:28,    21, 73.60, 73.50,LS    ,  0.10,  0.000,  0.00,  0.000,  0.000,  0.000,  0.000
840003234513766,  1374,70,13:07:30,13:07:45,    15, 66.02, 65.99,TEST  ,  0.03,  0.000,  0.00,  0.000,  0.000,  0.000,  0.000
840003250681673,  1658,24,13:02:40,13:08:14,   334, 66.50, 65.50,HS    ,  1.00,  0.000,  0.00,  0.000,  0.000,  0.000,  0.000
840003287325014,  9956,27,13:02:09,13:08:15,   366, 64.70, 63.70,LS    ,  1.00,  0.000,  0.00,  0.000,  0.000,  0.000,  0.000
840003211747972,  9943,12,13:07:56,13:08:42,    46, 60.70, 60.80,LS    , -0.10,  0.000,  0.00,  0.000,  0.000,  0.000,  0.000
840003218920873,  1115,29,13:07:13,13:09:00,   107, 71.00, 70.80,HS    ,  0.20,  0.000,  0.00,  0.000,  0.000,  0.000,  0.000
840003211747972,  9943,14,13:08:53,13:09:09,    16, 65.10, 64.70,HS    ,  0.40,  0.000,  0.00,  0.000,  0.000,  0.000,  0.000
840003274076113,  9290,25,13:05:56,13:09:26,   210, 57.80, 56.90,LS    ,  0.90,  0.000,  0.00,  0.000,  0.000,  0.000,  0.000
840003274076135,  1033,30,12:53:42,13:09:48,   966, 54.70, 51.20,HS    ,  3.50,  0.000,  0.00,  0.000,  0.000,  0.000,  0.000
840003287325014,  9956,31,13:10:10,13:10:16,     6, 62.50, 62.50,LS    ,  0.00,  0.000,  0.00,  0.000,  0.000,  0.000,  0.000
840003250681681,  1666,32,13:06:43,13:10:24,   221, 65.30, 63.90,HS    ,  1.40,  0.000,  0.00,  0.000,  0.000,  0.000,  0.000
982000372939914,  8693,65,13:07:26,13:11:19,   233, 82.20, 80.58,TEST  ,  1.62,  0.000,  0.00,  0.000,  0.000,  0.000,  0.000
840003287325014,  9956,32,13:10:40,13:11:22,    42, 63.90, 63.50,HS    ,  0.40,  0.000,  0.00,  0.000,  0.000,  0.000,  0.000
840003211747972,  9943,12,13:09:52,13:11:47,   115, 60.40, 59.60,LS    ,  0.80,  0.000,  0.00,  0.000,  0.000,  0.000,  0.000
840003250681681,  1666,26,13:11:20,13:11:57,    37, 68.00, 67.90,HS    ,  0.10,  0.000,  0.00,  0.000,  0.000,  0.000,  0.000
840003218920873,  1115,30,13:10:21,13:12:02,   101, 51.10, 50.50,HS    ,  0.60,  0.000,  0.00,  0.000,  0.000,  0.000,  0.000
840003250681819,  1804,81,13:05:11,13:12:21,   430, 70.45, 68.31,TEST  ,  2.14,  0.000,  0.00,  0.000,  0.000,  0.000,  0.000
840003287325014,  9956,32,13:12:05,13:12:32,    27, 63.60, 63.20,HS    ,  0.40,  0.000,  0.00,  0.000,  0.000,  0.000,  0.000
840003211747972,  9943,11,13:12:06,13:12:51,    45, 61.80, 61.50,LS    ,  0.30,  0.000,  0.00,  0.000,  0.000,  0.000,  0.000
840003250681788,  1773,82,13:04:14,13:13:22,   548, 61.94, 59.65,TEST  ,  2.29,  0.000,  0.00,  0.000,  0.000,  0.000,  0.000
840003234513898,  1506,83,13:01:38,13:13:43,   725, 64.16, 59.12,TEST  ,  5.04,  0.000,  0.00,  0.000,  0.000,  0.000,  0.000
840003250681819,  1804,80,13:12:55,13:13:57,    62, 78.25, 77.81,TEST  ,  0.44,  0.000,  0.00,  0.000,  0.000,  0.000,  0.000
840003211747972,  9943, 7,13:13:27,13:14:12,    45, 64.90, 64.60,LS    ,  0.30,  0.000,  0.00,  0.000,  0.000,  0.000,  0.000
982000372939914,  8693,64,13:12:02,13:14:26,   144, 79.94, 78.96,TEST  ,  0.98,  0.000,  0.00,  0.000,  0.000,  0.000,  0.000
982000372939914,  8693,64,13:14:32,13:14:38,     6, 78.95, 78.94,TEST  ,  0.01,  0.000,  0.00,  0.000,  0.000,  0.000,  0.000
840003211747972,  9943, 8,13:14:29,13:14:42,    13, 78.40, 78.10,HS    ,  0.30,  0.000,  0.00,  0.000,  0.000,  0.000,  0.000
840003274076117,  9785,12,13:12:36,13:15:00,   144, 59.80, 58.70,LS    ,  1.10,  0.000,  0.00,  0.000,  0.000,  0.000,  0.000
840003250681681,  1666,30,13:12:15,13:15:14,   179, 50.50, 49.60,HS    ,  0.90,  0.000,  0.00,  0.000,  0.000,  0.000,  0.000
840003287325014,  9956,31,13:13:59,13:15:43,   104, 62.60, 62.10,LS    ,  0.50,  0.000,  0.00,  0.000,  0.000,  0.000,  0.000
840003211747972,  9943,12,13:15:42,13:16:18,    36, 59.10, 58.40,LS    ,  0.70,  0.000,  0.00,  0.000,  0.000,  0.000,  0.000
840003211747972,  9943,14,13:16:44,13:16:56,    12, 64.70, 64.40,HS    ,  0.30,  0.000,  0.00,  0.000,  0.000,  0.000,  0.000
840003211747972,  9943,19,13:17:40,13:17:51,    11, 66.80, 66.70,LS    ,  0.10,  0.000,  0.00,  0.000,  0.000,  0.000,  0.000
840003211747972,  9943,25,13:18:24,13:18:51,    27, 56.90, 56.60,LS    ,  0.30,  0.000,  0.00,  0.000,  0.000,  0.000,  0.000
840003211747972,  9943,28,13:19:13,13:19:26,    13, 59.70, 59.70,LS    ,  0.00,  0.000,  0.00,  0.000,  0.000,  0.000,  0.000
840003218920873,  1115,29,13:12:20,13:19:32,   432, 70.40, 68.30,HS    ,  2.10,  0.000,  0.00,  0.000,  0.000,  0.000,  0.000
840003211747935,  9906,15,13:11:13,13:19:53,   520, 73.40, 70.60,LS    ,  2.80,  0.000,  0.00,  0.000,  0.000,  0.000,  0.000
840003218920873,  1115,29,13:20:04,13:20:32,    28, 68.30, 68.20,HS    ,  0.10,  0.000,  0.00,  0.000,  0.000,  0.000,  0.000
840003211747935,  9906, 9,13:20:47,13:20:56,     9, 76.60, 76.50,HS    ,  0.10,  0.000,  0.00,  0.000,  0.000,  0.000,  0.000
840003250681627,  1612,18,13:06:32,13:21:03,   871, 62.30, 58.90,LS    ,  3.40,  0.000,  0.00,  0.000,  0.000,  0.000,  0.000
840003287325014,  9956,30,13:21:06,13:21:13,     7, 49.50, 49.50,HS    ,  0.00,  0.000,  0.00,  0.000,  0.000,  0.000,  0.000
840003218920873,  1115,28,13:21:07,13:21:18,    11, 59.70, 59.70,LS    ,  0.00,  0.000,  0.00,  0.000,  0.000,  0.000,  0.000
840003211747972,  9943,31,13:20:34,13:21:18,    44, 62.10, 61.70,LS    ,  0.40,  0.000,  0.00,  0.000,  0.000,  0.000,  0.000
840003287325014,  9956,28,13:21:31,13:21:51,    20, 59.70, 59.60,LS    ,  0.10,  0.000,  0.00,  0.000,  0.000,  0.000,  0.000
840003234513972,  1580, 3,13:11:49,13:22:17,   628, 70.50, 67.10,LS    ,  3.40,  0.000,  0.00,  0.000,  0.000,  0.000,  0.000
840003211747935,  9906, 7,13:21:05,13:22:23,    78, 64.70, 64.20,LS    ,  0.50,  0.000,  0.00,  0.000,  0.000,  0.000,  0.000
840003234513766,  1374,68,13:08:20,13:22:28,   848, 65.68, 61.04,TEST  ,  4.64,  0.000,  0.00,  0.000,  0.000,  0.000,  0.000
840003205049588,  9702, 5,13:10:05,13:22:24,   739, 75.20, 72.10,HS    ,  3.10,  0.000,  0.00,  0.000,  0.000,  0.000,  0.000
840003250681819,  1804,75,13:14:46,13:22:57,   491, 75.38, 73.00,TEST  ,  2.38,  0.000,  0.00,  0.000,  0.000,  0.000,  0.000
840003234513766,  1374,68,13:22:29,13:23:57,    88, 61.04, 60.53,TEST  ,  0.51,  0.000,  0.00,  0.000,  0.000,  0.000,  0.000
840003274076117,  9785,19,13:18:00,13:24:19,   379, 66.70, 64.20,LS    ,  2.50,  0.000,  0.00,  0.000,  0.000,  0.000,  0.000
840003234513932,  1540,12,13:24:12,13:24:26,    14, 59.00, 58.00,LS    ,  1.00,  0.000,  0.00,  0.000,  0.000,  0.000,  0.000
840003211747992,  9963, 6,13:22:10,13:24:32,   142, 68.70, 67.50,LS    ,  1.20,  0.000,  0.00,  0.000,  0.000,  0.000,  0.000
840003274076113,  9290, 2,13:12:51,13:24:36,   705, 68.00, 65.40,LS    ,  2.60,  0.000,  0.00,  0.000,  0.000,  0.000,  0.000
840003287324997,  1371,82,13:18:26,13:24:46,   380, 59.64, 57.93,TEST  ,  1.71,  0.000,  0.00,  0.000,  0.000,  0.000,  0.000
840003234513972,  1580, 7,13:22:51,13:24:54,   123, 64.20, 63.40,LS    ,  0.80,  0.000,  0.00,  0.000,  0.000,  0.000,  0.000
840003250681627,  1612,18,13:21:26,13:25:09,   223, 58.80, 58.10,LS    ,  0.70,  0.000,  0.00,  0.000,  0.000,  0.000,  0.000
840003268256440,  9884,16,13:07:18,13:26:01,  1123, 64.50, 58.50,HS    ,  6.00,  0.000,  0.00,  0.000,  0.000,  0.000,  0.000
840003218920873,  1115,14,13:22:35,13:26:09,   214, 64.40, 63.10,HS    ,  1.30,  0.000,  0.00,  0.000,  0.000,  0.000,  0.000
840003274076113,  9290, 6,13:25:55,13:27:55,   120, 67.50, 67.00,LS    ,  0.50,  0.000,  0.00,  0.000,  0.000,  0.000,  0.000
840003211747972,  9943,28,13:22:01,13:27:59,   358, 59.50, 57.60,LS    ,  1.90,  0.000,  0.00,  0.000,  0.000,  0.000,  0.000
840003211747992,  9963, 7,13:25:05,13:28:02,   177, 63.40, 61.90,LS    ,  1.50,  0.000,  0.00,  0.000,  0.000,  0.000,  0.000
840003234513964,  1572,13,13:26:44,13:28:18,    94, 64.40, 63.60,HS    ,  0.80,  0.000,  0.00,  0.000,  0.000,  0.000,  0.000
840003287324998,  9295,69,13:14:46,13:28:34,   828, 49.33, 44.58,TEST  ,  4.75,  0.000,  0.00,  0.000,  0.000,  0.000,  0.000
840003287324998,  9295,69,13:28:35,13:28:40,     5, 44.57, 44.58,TEST  , -0.01,  0.000,  0.00,  0.000,  0.000,  0.000,  0.000
840003211747972,  9943,30,13:28:24,13:28:39,    15, 49.50, 49.30,HS    ,  0.20,  0.000,  0.00,  0.000,  0.000,  0.000,  0.000
840003234513964,  1572,12,13:28:36,13:28:40,     4, 58.80, 58.40,LS    ,  0.40,  0.000,  0.00,  0.000,  0.000,  0.000,  0.000
840003205049588,  9702, 8,13:22:39,13:28:55,   376, 78.10, 76.50,HS    ,  1.60,  0.000,  0.00,  0.000,  0.000,  0.000,  0.000
840003274076117,  9785,31,13:25:13,13:29:09,   236, 61.80, 60.20,LS    ,  1.60,  0.000,  0.00,  0.000,  0.000,  0.000,  0.000
840003211747972,  9943,31,13:29:19,13:30:03,    44, 60.20, 59.90,LS    ,  0.30,  0.000,  0.00,  0.000,  0.000,  0.000,  0.000
840003234513964,  1572, 8,13:29:05,13:30:29,    84, 76.50, 75.80,HS    ,  0.70,  0.000,  0.00,  0.000,  0.000,  0.000,  0.000
840003287325014,  9956,27,13:22:29,13:30:38,   489, 63.20, 61.20,LS    ,  2.00,  0.000,  0.00,  0.000,  0.000,  0.000,  0.000
840003268256440,  9884, 9,13:28:31,13:30:41,   130, 76.50, 75.90,HS    ,  0.60,  0.000,  0.00,  0.000,  0.000,  0.000,  0.000
840003234513932,  1540,10,13:24:41,13:30:54,   373, 30.20, 27.90,LS    ,  2.30,  0.000,  0.00,  0.000,  0.000,  0.000,  0.000
840003250681819,  1804,83,13:31:09,13:31:17,     8, 59.10, 59.10,TEST  ,  0.00,  0.000,  0.00,  0.000,  0.000,  0.000,  0.000
840003211747972,  9943,31,13:30:32,13:31:50,    78, 59.90, 59.50,LS    ,  0.40,  0.000,  0.00,  0.000,  0.000,  0.000,  0.000
840003211747992,  9963,15,13:29:11,13:32:29,   198, 70.60, 69.00,LS    ,  1.60,  0.000,  0.00,  0.000,  0.000,  0.000,  0.000
840003250681748,  1733,71,13:25:57,13:33:12,   435, 60.55, 58.40,TEST  ,  2.15,  0.000,  0.00,  0.000,  0.000,  0.000,  0.000
840003211747972,  9943,31,13:32:00,13:33:35,    95, 59.50, 58.90,LS    ,  0.60,  0.000,  0.00,  0.000,  0.000,  0.000,  0.000
840003234513932,  1540, 9,13:31:37,13:33:58,   141, 75.90, 75.30,HS    ,  0.60,  0.000,  0.00,  0.000,  0.000,  0.000,  0.000
840003234513964,  1572,10,13:31:13,13:34:05,   172, 27.40, 26.10,LS    ,  1.30,  0.000,  0.00,  0.000,  0.000,  0.000,  0.000
840003268256440,  9884,12,13:32:26,13:34:18,   112, 58.10, 58.10,LS    ,  0.00,  0.000,  0.00,  0.000,  0.000,  0.000,  0.000
840003274076113,  9290, 7,13:28:37,13:34:49,   372, 61.90, 60.40,LS    ,  1.50,  0.000,  0.00,  0.000,  0.000,  0.000,  0.000
840003205049588,  9702,13,13:29:27,13:34:50,   323, 63.60, 62.50,HS    ,  1.10,  0.000,  0.00,  0.000,  0.000,  0.000,  0.000
840003205049588,  9702,13,13:35:15,13:35:20,     5, 62.50, 62.50,HS    ,  0.00,  0.000,  0.00,  0.000,  0.000,  0.000,  0.000
840003234513964,  1572,10,13:34:17,13:35:23,    66, 26.10, 25.60,LS    ,  0.50,  0.000,  0.00,  0.000,  0.000,  0.000,  0.000
840003234513932,  1540, 8,13:35:12,13:35:39,    27, 75.90, 75.90,HS    ,  0.00,  0.000,  0.00,  0.000,  0.000,  0.000,  0.000
840003234513932,  1540,12,13:35:58,13:36:39,    41, 58.80, 57.30,LS    ,  1.50,  0.000,  0.00,  0.000,  0.000,  0.000,  0.000
840003211747935,  9906, 2,13:24:45,13:36:44,   719, 65.40, 61.70,LS    ,  3.70,  0.000,  0.00,  0.000,  0.000,  0.000,  0.000
840003274076117,  9785,27,13:30:48,13:37:03,   375, 61.30, 59.20,LS    ,  2.10,  0.000,  0.00,  0.000,  0.000,  0.000,  0.000
840003250681632,  1617, 3,13:24:18,13:37:09,   771, 67.10, 63.30,LS    ,  3.80,  0.000,  0.00,  0.000,  0.000,  0.000,  0.000
840003234513972,  1580,11,13:25:19,13:37:38,   739, 61.50, 57.20,LS    ,  4.30,  0.000,  0.00,  0.000,  0.000,  0.000,  0.000
840003218920990,  1232,14,13:34:55,13:37:43,   168, 63.10, 62.10,HS    ,  1.00,  0.000,  0.00,  0.000,  0.000,  0.000,  0.000
840003268256440,  9884,13,13:35:31,13:37:53,   142, 62.50, 61.70,HS    ,  0.80,  0.000,  0.00,  0.000,  0.000,  0.000,  0.000
840003274076181,  9663,70,13:21:34,13:38:31,  1017, 65.95, 60.38,TEST  ,  5.57,  0.000,  0.00,  0.000,  0.000,  0.000,  0.000
840003211747935,  9906, 2,13:37:28,13:38:49,    81, 61.70, 61.30,LS    ,  0.40,  0.000,  0.00,  0.000,  0.000,  0.000,  0.000
840003250681748,  1733,72,13:36:38,13:38:54,   136, 71.98, 71.32,TEST  ,  0.66,  0.000,  0.00,  0.000,  0.000,  0.000,  0.000
840003274076181,  9663,70,13:38:49,13:39:03,    14, 60.21, 60.20,TEST  ,  0.01,  0.000,  0.00,  0.000,  0.000,  0.000,  0.000
840003274076117,  9785,27,13:37:41,13:39:08,    87, 59.20, 58.20,LS    ,  1.00,  0.000,  0.00,  0.000,  0.000,  0.000,  0.000
840003211747972,  9943,28,13:34:12,13:39:18,   306, 57.60, 56.10,LS    ,  1.50,  0.000,  0.00,  0.000,  0.000,  0.000,  0.000
840003234513811,  1419,58,13:25:44,13:39:28,   824, 88.62, 83.57,TEST  ,  5.05,  0.000,  0.00,  0.000,  0.000,  0.000,  0.000
840003234513972,  1580,11,13:37:50,13:39:31,   101, 57.20, 56.70,LS    ,  0.50,  0.000,  0.00,  0.000,  0.000,  0.000,  0.000
840003250681681,  1666,32,13:20:00,13:39:48,  1188, 63.20, 57.60,HS    ,  5.60,  0.000,  0.00,  0.000,  0.000,  0.000,  0.000
840003268256440,  9884,11,13:39:53,13:40:01,     8, 56.60, 56.60,LS    ,  0.00,  0.000,  0.00,  0.000,  0.000,  0.000,  0.000
982000372939914,  8693,80,13:25:34,13:40:39,   905, 77.76, 73.57,TEST  ,  4.19,  0.000,  0.00,  0.000,  0.000,  0.000,  0.000
840003211747972,  9943,30,13:40:32,13:40:48,    16, 49.20, 48.90,HS    ,  0.30,  0.000,  0.00,  0.000,  0.000,  0.000,  0.000
840003287324997,  1371,79,13:30:54,13:40:54,   600, 78.81, 75.75,TEST  ,  3.06,  0.000,  0.00,  0.000,  0.000,  0.000,  0.000
840003234513811,  1419,58,13:39:29,13:40:55,    86, 83.57, 83.19,TEST  ,  0.38,  0.000,  0.00,  0.000,  0.000,  0.000,  0.000
840003234513811,  1419,58,13:40:55,13:41:00,     5, 83.19, 83.17,TEST  ,  0.02,  0.000,  0.00,  0.000,  0.000,  0.000,  0.000
840003211747935,  9906, 2,13:39:46,13:40:56,    70, 61.30, 60.90,LS    ,  0.40,  0.000,  0.00,  0.000,  0.000,  0.000,  0.000
840003287324997,  1371,77,13:41:00,13:41:06,     6, 93.16, 93.13,TEST  ,  0.03,  0.000,  0.00,  0.000,  0.000,  0.000,  0.000
840003234513811,  1419,58,13:41:22,13:41:28,     6, 83.19, 83.15,TEST  ,  0.04,  0.000,  0.00,  0.000,  0.000,  0.000,  0.000
840003287324988,  9593,82,13:27:22,13:41:38,   856, 57.92, 52.10,TEST  ,  5.82,  0.000,  0.00,  0.000,  0.000,  0.000,  0.000
840003250681820,  1805,81,13:31:02,13:41:56,   654, 68.25, 65.26,TEST  ,  2.99,  0.000,  0.00,  0.000,  0.000,  0.000,  0.000
840003250681649,  1634,31,13:36:45,13:41:51,   306, 58.90, 57.40,LS    ,  1.50,  0.000,  0.00,  0.000,  0.000,  0.000,  0.000
840003250681632,  1617, 3,13:37:25,13:42:03,   278, 63.30, 61.90,LS    ,  1.40,  0.000,  0.00,  0.000,  0.000,  0.000,  0.000
840003234513964,  1572,10,13:35:46,13:42:03,   377, 25.60, 22.90,LS    ,  2.70,  0.000,  0.00,  0.000,  0.000,  0.000,  0.000
840003234513925,  1533, 6,13:28:05,13:42:21,   856, 67.00, 61.90,LS    ,  5.10,  0.000,  0.00,  0.000,  0.000,  0.000,  0.000
840003250681819,  1804,83,13:31:18,13:42:49,   691, 59.09, 56.34,TEST  ,  2.75,  0.000,  0.00,  0.000,  0.000,  0.000,  0.000
840003250681632,  1617, 4,13:43:17,13:43:30,    13, 72.60, 72.40,HS    ,  0.20,  0.000,  0.00,  0.000,  0.000,  0.000,  0.000
840003250681748,  1733,73,13:39:25,13:43:46,   261, 64.15, 62.94,TEST  ,  1.21,  0.000,  0.00,  0.000,  0.000,  0.000,  0.000
840003250681627,  1612,23,13:29:18,13:44:14,   896, 55.40, 52.20,LS    ,  3.20,  0.000,  0.00,  0.000,  0.000,  0.000,  0.000
840003250681672,  1657,25,13:31:47,13:45:08,   801, 56.60, 53.20,LS    ,  3.40,  0.000,  0.00,  0.000,  0.000,  0.000,  0.000
840003250681748,  1733,74,13:45:44,13:45:53,     9, 69.48, 69.54,TEST  , -0.06,  0.000,  0.00,  0.000,  0.000,  0.000,  0.000
840003250681632,  1617, 6,13:44:00,13:46:03,   123, 61.90, 61.00,LS    ,  0.90,  0.000,  0.00,  0.000,  0.000,  0.000,  0.000
840003205049588,  9702,16,13:35:35,13:46:39,   664, 58.50, 56.30,HS    ,  2.20,  0.000,  0.00,  0.000,  0.000,  0.000,  0.000
840003274076201,  1702,68,13:30:37,13:46:54,   977, 60.54, 55.71,TEST  ,  4.83,  0.000,  0.00,  0.000,  0.000,  0.000,  0.000
840003287324988,  9593,81,13:42:10,13:47:01,   291, 65.27, 63.36,TEST  ,  1.91,  0.000,  0.00,  0.000,  0.000,  0.000,  0.000
840003234513964,  1572, 5,13:46:23,13:46:59,    36, 72.10, 71.80,HS    ,  0.30,  0.000,  0.00,  0.000,  0.000,  0.000,  0.000
840003218920990,  1232,13,13:38:49,13:47:12,   503, 61.80, 58.50,HS    ,  3.30,  0.000,  0.00,  0.000,  0.000,  0.000,  0.000
840003218920887,  1129,81,13:47:33,13:49:25,   112, 63.29, 62.95,TEST  ,  0.34,  0.000,  0.00,  0.000,  0.000,  0.000,  0.000
840003218920873,  1115, 1,13:37:46,13:49:46,   720, 71.40, 67.60,HS    ,  3.80,  0.000,  0.00,  0.000,  0.000,  0.000,  0.000
840003250681632,  1617, 6,13:46:26,13:49:51,   205, 61.00, 60.00,LS    ,  1.00,  0.000,  0.00,  0.000,  0.000,  0.000,  0.000
840003234513964,  1572, 5,13:47:18,13:49:53,   155, 71.80, 71.20,HS    ,  0.60,  0.000,  0.00,  0.000,  0.000,  0.000,  0.000
840003274076117,  9785,18,13:44:02,13:50:19,   377, 58.00, 55.70,LS    ,  2.30,  0.000,  0.00,  0.000,  0.000,  0.000,  0.000
840003218920990,  1232,10,13:47:28,13:50:27,   179, 22.60, 21.30,LS    ,  1.30,  0.000,  0.00,  0.000,  0.000,  0.000,  0.000
840003250681632,  1617, 5,13:50:25,13:50:37,    12, 71.20, 71.10,HS    ,  0.10,  0.000,  0.00,  0.000,  0.000,  0.000,  0.000
840003203286181,  1204,17,13:31:13,13:51:02,  1189, 66.60, 61.90,HS    ,  4.70,  0.000,  0.00,  0.000,  0.000,  0.000,  0.000
840003250681748,  1733,74,13:46:12,13:51:14,   302, 69.27, 68.12,TEST  ,  1.15,  0.000,  0.00,  0.000,  0.000,  0.000,  0.000
840003274076117,  9785,17,13:51:14,13:51:19,     5, 61.90, 61.90,HS    ,  0.00,  0.000,  0.00,  0.000,  0.000,  0.000,  0.000
840003250681672,  1657,25,13:45:27,13:51:21,   354, 53.20, 51.40,LS    ,  1.80,  0.000,  0.00,  0.000,  0.000,  0.000,  0.000
840003250681632,  1617, 6,13:50:43,13:51:22,    39, 60.00, 59.80,LS    ,  0.20,  0.000,  0.00,  0.000,  0.000,  0.000,  0.000
840003205049588,  9702,16,13:48:02,13:51:25,   203, 56.20, 55.60,HS    ,  0.60,  0.000,  0.00,  0.000,  0.000,  0.000,  0.000
840003218920887,  1129,79,13:49:56,13:51:31,    95, 75.74, 75.43,TEST  ,  0.31,  0.000,  0.00,  0.000,  0.000,  0.000,  0.000
840003211747992,  9963,15,13:34:54,13:51:34,  1000, 68.90, 61.30,LS    ,  7.60,  0.000,  0.00,  0.000,  0.000,  0.000,  0.000
840003205049521,  9635, 2,13:51:04,13:51:38,    34, 60.90, 60.70,LS    ,  0.20,  0.000,  0.00,  0.000,  0.000,  0.000,  0.000
840003218920873,  1115, 4,13:51:15,13:51:44,    29, 72.40, 72.20,HS    ,  0.20,  0.000,  0.00,  0.000,  0.000,  0.000,  0.000
840003250681632,  1617, 5,13:51:36,13:51:45,     9, 71.10, 70.90,HS    ,  0.20,  0.000,  0.00,  0.000,  0.000,  0.000,  0.000
840003218920983,  1225,20,13:48:07,13:52:02,   235, 25.20, 21.10,LS    ,  4.10,  0.000,  0.00,  0.000,  0.000,  0.000,  0.000
840003218920983,  1225,22,13:52:23,13:52:35,    12, 69.60, 69.00,HS    ,  0.60,  0.000,  0.00,  0.000,  0.000,  0.000,  0.000
840003205049486,  9600,82,13:52:40,13:52:46,     6, 52.12, 52.15,TEST  , -0.03,  0.000,  0.00,  0.000,  0.000,  0.000,  0.000
840003250681649,  1634,28,13:42:11,13:52:41,   630, 56.10, 52.30,LS    ,  3.80,  0.000,  0.00,  0.000,  0.000,  0.000,  0.000
840003250681632,  1617, 6,13:52:03,13:52:55,    52, 59.80, 59.40,LS    ,  0.40,  0.000,  0.00,  0.000,  0.000,  0.000,  0.000
840003205049486,  9600,82,13:52:53,13:53:00,     7, 52.11, 52.15,TEST  , -0.04,  0.000,  0.00,  0.000,  0.000,  0.000,  0.000
840003211747935,  9906, 7,13:46:32,13:53:01,   389, 60.40, 58.40,LS    ,  2.00,  0.000,  0.00,  0.000,  0.000,  0.000,  0.000
840003218920990,  1232, 9,13:50:43,13:53:17,   154, 75.30, 74.20,HS    ,  1.10,  0.000,  0.00,  0.000,  0.000,  0.000,  0.000
840003211747992,  9963,12,13:52:01,13:53:33,    92, 58.00, 56.80,LS    ,  1.20,  0.000,  0.00,  0.000,  0.000,  0.000,  0.000
840003218920983,  1225,22,13:53:40,13:53:53,    13, 69.00, 68.50,HS    ,  0.50,  0.000,  0.00,  0.000,  0.000,  0.000,  0.000
840003250681632,  1617, 5,13:53:32,13:53:52,    20, 70.90, 70.80,HS    ,  0.10,  0.000,  0.00,  0.000,  0.000,  0.000,  0.000
840003234513811,  1419,57,13:41:51,13:54:15,   744, 85.84, 85.16,TEST  ,  0.68,  0.000,  0.00,  0.000,  0.000,  0.000,  0.000
840003274076117,  9785,15,13:51:45,13:54:28,   163, 61.30, 60.60,LS    ,  0.70,  0.000,  0.00,  0.000,  0.000,  0.000,  0.000
840003268256440,  9884, 8,13:43:21,13:54:37,   676, 75.80, 73.40,HS    ,  2.40,  0.000,  0.00,  0.000,  0.000,  0.000,  0.000
840003250681748,  1733,71,13:53:22,13:55:00,    98, 58.44, 57.98,TEST  ,  0.46,  0.000,  0.00,  0.000,  0.000,  0.000,  0.000
840003218920873,  1115,12,13:53:51,13:55:06,    75, 57.10, 57.30,LS    , -0.20,  0.000,  0.00,  0.000,  0.000,  0.000,  0.000
840003211747972,  9943,25,13:53:25,13:55:18,   113, 51.40, 50.80,LS    ,  0.60,  0.000,  0.00,  0.000,  0.000,  0.000,  0.000
840003218920990,  1232, 9,13:53:32,13:55:33,   121, 74.20, 73.70,HS    ,  0.50,  0.000,  0.00,  0.000,  0.000,  0.000,  0.000
840003218920990,  1232, 8,13:55:43,13:55:57,    14, 73.40, 73.30,HS    ,  0.10,  0.000,  0.00,  0.000,  0.000,  0.000,  0.000
840003250681632,  1617, 3,13:54:11,13:55:57,   106, 61.90, 61.40,LS    ,  0.50,  0.000,  0.00,  0.000,  0.000,  0.000,  0.000
840003250681620,  1605, 7,13:55:58,13:56:04,     6, 58.40, 58.40,LS    ,  0.00,  0.000,  0.00,  0.000,  0.000,  0.000,  0.000
840003211747972,  9943,26,13:56:03,13:56:16,    13, 67.80, 67.60,HS    ,  0.20,  0.000,  0.00,  0.000,  0.000,  0.000,  0.000
840003250681632,  1617, 4,13:56:22,13:56:33,    11, 72.20, 72.10,HS    ,  0.10,  0.000,  0.00,  0.000,  0.000,  0.000,  0.000
840003218920990,  1232, 7,13:56:17,13:56:41,    24, 58.40, 58.10,LS    ,  0.30,  0.000,  0.00,  0.000,  0.000,  0.000,  0.000
840003250681632,  1617, 4,13:56:46,13:57:11,    25, 72.10, 71.90,HS    ,  0.20,  0.000,  0.00,  0.000,  0.000,  0.000,  0.000
840003250681748,  1733,71,13:56:54,13:57:19,    25, 58.04, 57.97,TEST  ,  0.07,  0.000,  0.00,  0.000,  0.000,  0.000,  0.000
840003218920990,  1232, 7,13:56:59,13:57:30,    31, 57.90, 57.90,LS    ,  0.00,  0.000,  0.00,  0.000,  0.000,  0.000,  0.000
840003287324990,  9827,31,13:42:02,13:58:07,   965, 57.60, 49.10,LS    ,  8.50,  0.000,  0.00,  0.000,  0.000,  0.000,  0.000
840003211747972,  9943,25,13:56:59,13:58:30,    91, 50.80, 50.30,LS    ,  0.50,  0.000,  0.00,  0.000,  0.000,  0.000,  0.000
840003218920983,  1225,23,13:54:37,13:58:34,   237, 52.20, 50.90,LS    ,  1.30,  0.000,  0.00,  0.000,  0.000,  0.000,  0.000
840003203286181,  1204,22,13:55:45,13:58:43,   178, 68.50, 67.50,HS    ,  1.00,  0.000,  0.00,  0.000,  0.000,  0.000,  0.000
840003218920983,  1225,22,13:58:53,13:58:59,     6, 67.50, 67.20,HS    ,  0.30,  0.000,  0.00,  0.000,  0.000,  0.000,  0.000
840003218920990,  1232, 8,13:57:39,13:59:21,   102, 73.30, 72.70,HS    ,  0.60,  0.000,  0.00,  0.000,  0.000,  0.000,  0.000
840003211747972,  9943,23,13:59:05,13:59:40,    35, 50.90, 50.70,LS    ,  0.20,  0.000,  0.00,  0.000,  0.000,  0.000,  0.000
840003218920990,  1232, 7,13:59:42,13:59:49,     7, 57.90, 57.90,LS    ,  0.00,  0.000,  0.00,  0.000,  0.000,  0.000,  0.000
840003211747972,  9943,24,13:59:47,13:59:59,    12, 65.40, 65.10,HS    ,  0.30,  0.000,  0.00,  0.000,  0.000,  0.000,  0.000
840003218920983,  1225,25,13:59:43,14:00:19,    36, 50.30, 50.00,LS    ,  0.30,  0.000,  0.00,  0.000,  0.000,  0.000,  0.000
840003211747992,  9963,11,13:53:39,14:00:24,   405, 56.60, 53.80,LS    ,  2.80,  0.000,  0.00,  0.000,  0.000,  0.000,  0.000
840003287324997,  1371,76,13:41:07,14:00:32,  1165, 81.54, 75.88,TEST  ,  5.66,  0.000,  0.00,  0.000,  0.000,  0.000,  0.000
840003218920990,  1232, 7,14:00:20,14:00:38,    18, 57.90, 57.60,LS    ,  0.30,  0.000,  0.00,  0.000,  0.000,  0.000,  0.000
840003211747935,  9906,15,13:54:39,14:00:39,   360, 60.60, 59.00,LS    ,  1.60,  0.000,  0.00,  0.000,  0.000,  0.000,  0.000
840003205049486,  9600,82,13:53:01,14:01:00,   479, 52.15, 49.69,TEST  ,  2.46,  0.000,  0.00,  0.000,  0.000,  0.000,  0.000
840003211747972,  9943,25,14:00:37,14:00:59,    22, 50.00, 49.80,LS    ,  0.20,  0.000,  0.00,  0.000,  0.000,  0.000,  0.000
840003218920887,  1129,74,13:52:41,14:01:09,   508, 68.11, 66.08,TEST  ,  2.03,  0.000,  0.00,  0.000,  0.000,  0.000,  0.000
840003250681820,  1805,83,13:47:39,14:01:13,   814, 56.44, 52.92,TEST  ,  3.52,  0.000,  0.00,  0.000,  0.000,  0.000,  0.000
840003250681819,  1804,81,13:50:24,14:01:16,   652, 62.95, 60.22,TEST  ,  2.73,  0.000,  0.00,  0.000,  0.000,  0.000,  0.000
840003234513964,  1572,10,13:50:46,14:01:14,   628, 21.40, 16.60,LS    ,  4.80,  0.000,  0.00,  0.000,  0.000,  0.000,  0.000
982000372939914,  8693,77,13:52:13,14:01:24,   551, 93.06, 90.10,TEST  ,  2.96,  0.000,  0.00,  0.000,  0.000,  0.000,  0.000
840003203286181,  1204,21,13:59:17,14:01:47,   150, 73.20, 72.50,HS    ,  0.70,  0.000,  0.00,  0.000,  0.000,  0.000,  0.000
840003218920983,  1225,22,14:01:57,14:02:12,    15, 67.20, 66.90,HS    ,  0.30,  0.000,  0.00,  0.000,  0.000,  0.000,  0.000
840003250681681,  1666,32,13:45:36,14:02:35,  1019, 57.60, 52.40,HS    ,  5.20,  0.000,  0.00,  0.000,  0.000,  0.000,  0.000
840003211747972,  9943,31,14:02:32,14:02:54,    22, 49.10, 49.00,LS    ,  0.10,  0.000,  0.00,  0.000,  0.000,  0.000,  0.000
840003205049521,  9635, 6,13:53:30,14:03:51,   621, 59.40, 55.50,LS    ,  3.90,  0.000,  0.00,  0.000,  0.000,  0.000,  0.000
840003274076201,  1702,53,13:57:32,14:04:26,   414, 64.89, 63.01,TEST  ,  1.88,  0.000,  0.00,  0.000,  0.000,  0.000,  0.000
840003287324990,  9827,31,14:04:29,14:04:33,     4, 49.00, 48.90,LS    ,  0.10,  0.000,  0.00,  0.000,  0.000,  0.000,  0.000
840003218920990,  1232, 8,14:01:06,14:04:45,   219, 72.70, 71.70,HS    ,  1.00,  0.000,  0.00,  0.000,  0.000,  0.000,  0.000
840003205049486,  9600,74,14:02:53,14:04:56,   123, 66.09, 65.32,TEST  ,  0.77,  0.000,  0.00,  0.000,  0.000,  0.000,  0.000
840003218920887,  1129,69,14:01:29,14:05:00,   211, 44.54, 43.64,TEST  ,  0.90,  0.000,  0.00,  0.000,  0.000,  0.000,  0.000
840003250681627,  1612,28,13:52:51,14:05:08,   737, 52.30, 48.90,LS    ,  3.40,  0.000,  0.00,  0.000,  0.000,  0.000,  0.000
840003250681632,  1617, 3,13:57:21,14:05:09,   468, 61.40, 59.70,LS    ,  1.70,  0.000,  0.00,  0.000,  0.000,  0.000,  0.000
840003250681649,  1634,27,13:52:54,14:05:09,   735, 55.80, 55.20,LS    ,  0.60,  0.000,  0.00,  0.000,  0.000,  0.000,  0.000
840003211747972,  9943,25,14:04:30,14:05:38,    68, 49.80, 49.40,LS    ,  0.40,  0.000,  0.00,  0.000,  0.000,  0.000,  0.000
840003205049486,  9600,83,14:05:37,14:05:43,     6, 52.88, 52.90,TEST  , -0.02,  0.000,  0.00,  0.000,  0.000,  0.000,  0.000
840003205049486,  9600,83,14:05:50,14:05:56,     6, 52.90, 52.84,TEST  ,  0.06,  0.000,  0.00,  0.000,  0.000,  0.000,  0.000
840003250681632,  1617, 4,14:05:45,14:06:04,    19, 71.90, 71.70,HS    ,  0.20,  0.000,  0.00,  0.000,  0.000,  0.000,  0.000
840003211747935,  9906,15,14:01:35,14:06:16,   281, 58.70, 58.10,LS    ,  0.60,  0.000,  0.00,  0.000,  0.000,  0.000,  0.000
840003211747972,  9943,30,14:06:07,14:06:23,    16, 48.90, 48.50,HS    ,  0.40,  0.000,  0.00,  0.000,  0.000,  0.000,  0.000
840003218920983,  1225,23,14:02:45,14:06:41,   236, 50.70, 49.20,LS    ,  1.50,  0.000,  0.00,  0.000,  0.000,  0.000,  0.000
840003250681632,  1617, 6,14:06:31,14:06:49,    18, 55.50, 55.50,LS    ,  0.00,  0.000,  0.00,  0.000,  0.000,  0.000,  0.000
840003234513964,  1572, 9,14:01:20,14:07:06,   346, 73.70, 71.80,HS    ,  1.90,  0.000,  0.00,  0.000,  0.000,  0.000,  0.000
840003218920983,  1225,26,14:07:07,14:07:11,     4, 67.60, 67.60,HS    ,  0.00,  0.000,  0.00,  0.000,  0.000,  0.000,  0.000
840003234513840,  1448,67,13:48:47,14:07:17,  1110, 55.70, 48.96,TEST  ,  6.74,  0.000,  0.00,  0.000,  0.000,  0.000,  0.000
840003218920990,  1232,10,14:05:28,14:07:18,   110, 16.30, 15.80,LS    ,  0.50,  0.000,  0.00,  0.000,  0.000,  0.000,  0.000
840003218920826,  1068,68,13:54:30,14:07:28,   778, 55.71, 50.10,TEST  ,  5.61,  0.000,  0.00,  0.000,  0.000,  0.000,  0.000
840003218920983,  1225,26,14:07:22,14:07:29,     7, 67.60, 67.00,HS    ,  0.60,  0.000,  0.00,  0.000,  0.000,  0.000,  0.000
840003218920826,  1068,68,14:07:30,14:07:35,     5, 50.11, 50.12,TEST  , -0.01,  0.000,  0.00,  0.000,  0.000,  0.000,  0.000
840003250681632,  1617, 5,14:06:54,14:07:32,    38, 70.80, 70.50,HS    ,  0.30,  0.000,  0.00,  0.000,  0.000,  0.000,  0.000
840003211747972,  9943,29,14:07:31,14:07:37,     6, 68.30, 67.90,HS    ,  0.40,  0.000,  0.00,  0.000,  0.000,  0.000,  0.000
840003211747972,  9943,30,14:07:40,14:07:56,    16, 48.50, 48.10,HS    ,  0.40,  0.000,  0.00,  0.000,  0.000,  0.000,  0.000
840003218920983,  1225,26,14:08:33,14:08:48,    15, 67.00, 66.70,HS    ,  0.30,  0.000,  0.00,  0.000,  0.000,  0.000,  0.000
840003274076149,  9436,32,14:04:59,14:08:53,   234, 52.40, 50.10,HS    ,  2.30,  0.000,  0.00,  0.000,  0.000,  0.000,  0.000
840003287324990,  9827,31,14:04:46,14:08:52,   246, 48.90, 47.20,LS    ,  1.70,  0.000,  0.00,  0.000,  0.000,  0.000,  0.000
840003250681627,  1612,28,14:06:06,14:09:10,   184, 48.90, 48.00,LS    ,  0.90,  0.000,  0.00,  0.000,  0.000,  0.000,  0.000
840003234513840,  1448,67,14:07:27,14:09:16,   109, 48.98, 48.42,TEST  ,  0.56,  0.000,  0.00,  0.000,  0.000,  0.000,  0.000
840003274076117,  9785,20,14:06:46,14:09:18,   152, 21.20, 19.50,LS    ,  1.70,  0.000,  0.00,  0.000,  0.000,  0.000,  0.000
840003234513925,  1533,19,13:50:08,14:09:19,  1151, 64.20, 58.50,LS    ,  5.70,  0.000,  0.00,  0.000,  0.000,  0.000,  0.000
840003250681620,  1605,12,13:56:25,14:09:20,   775, 57.00, 53.80,LS    ,  3.20,  0.000,  0.00,  0.000,  0.000,  0.000,  0.000
840003274076149,  9436,31,14:09:06,14:09:39,    33, 47.10, 46.80,LS    ,  0.30,  0.000,  0.00,  0.000,  0.000,  0.000,  0.000
840003211747972,  9943,30,14:09:24,14:09:41,    17, 48.20, 47.70,HS    ,  0.50,  0.000,  0.00,  0.000,  0.000,  0.000,  0.000
840003205049486,  9600,83,14:05:56,14:09:47,   231, 52.84, 51.82,TEST  ,  1.02,  0.000,  0.00,  0.000,  0.000,  0.000,  0.000
840003287324990,  9827,28,14:09:25,14:10:15,    50, 48.00, 47.80,LS    ,  0.20,  0.000,  0.00,  0.000,  0.000,  0.000,  0.000
840003250681627,  1612,27,14:09:18,14:10:27,    69, 54.80, 56.10,LS    , -1.30,  0.000,  0.00,  0.000,  0.000,  0.000,  0.000
840003274076117,  9785,22,14:10:22,14:10:36,    14, 66.90, 66.90,HS    ,  0.00,  0.000,  0.00,  0.000,  0.000,  0.000,  0.000
840003218920983,  1225,25,14:09:10,14:10:47,    97, 49.50, 49.00,LS    ,  0.50,  0.000,  0.00,  0.000,  0.000,  0.000,  0.000
840003287324997,  1371,64,14:07:05,14:10:55,   230, 78.89, 77.83,TEST  ,  1.06,  0.000,  0.00,  0.000,  0.000,  0.000,  0.000
840003250681669,  1654,16,13:51:49,14:10:58,  1149, 55.60, 49.30,HS    ,  6.30,  0.000,  0.00,  0.000,  0.000,  0.000,  0.000
840003268256514,  9411,69,14:10:22,14:11:20,    58, 43.65, 43.34,TEST  ,  0.31,  0.000,  0.00,  0.000,  0.000,  0.000,  0.000
840003274076117,  9785,20,14:10:52,14:11:19,    27, 19.50, 19.10,LS    ,  0.40,  0.000,  0.00,  0.000,  0.000,  0.000,  0.000
840003218920990,  1232, 9,14:07:43,14:11:49,   246, 71.80, 71.00,HS    ,  0.80,  0.000,  0.00,  0.000,  0.000,  0.000,  0.000
840003205049486,  9600,83,14:10:09,14:12:04,   115, 51.84, 51.26,TEST  ,  0.58,  0.000,  0.00,  0.000,  0.000,  0.000,  0.000
840003218920826,  1068,84,14:12:08,14:12:18,    10, 18.73, 18.73,TEST  ,  0.00,  0.000,  0.00,  0.000,  0.000,  0.000,  0.000
840003274076149,  9436,26,14:10:48,14:12:17,    89, 66.70, 65.70,HS    ,  1.00,  0.000,  0.00,  0.000,  0.000,  0.000,  0.000
840003218920873,  1115,13,13:55:20,14:12:24,  1024, 58.50, 52.60,HS    ,  5.90,  0.000,  0.00,  0.000,  0.000,  0.000,  0.000
840003274076201,  1702,53,14:04:33,14:12:56,   503, 63.03, 61.19,TEST  ,  1.84,  0.000,  0.00,  0.000,  0.000,  0.000,  0.000
840003274076178,  9425,59,14:04:37,14:13:17,   520, 92.39, 88.66,TEST  ,  3.73,  0.000,  0.00,  0.000,  0.000,  0.000,  0.000
840003274076181,  9663,58,14:11:00,14:13:36,   156, 83.16, 81.87,TEST  ,  1.29,  0.000,  0.00,  0.000,  0.000,  0.000,  0.000
840003234513964,  1572,10,14:07:33,14:13:48,   375, 15.60, 13.60,LS    ,  2.00,  0.000,  0.00,  0.000,  0.000,  0.000,  0.000
840003250681620,  1605,11,14:09:24,14:13:57,   273, 53.80, 52.70,LS    ,  1.10,  0.000,  0.00,  0.000,  0.000,  0.000,  0.000
840003274076149,  9436,25,14:12:38,14:14:03,    85, 49.00, 48.00,LS    ,  1.00,  0.000,  0.00,  0.000,  0.000,  0.000,  0.000
840003218920990,  1232, 9,14:13:19,14:14:09,    50, 70.90, 70.70,HS    ,  0.20,  0.000,  0.00,  0.000,  0.000,  0.000,  0.000
840003205049486,  9600,83,14:12:28,14:14:28,   120, 51.20, 50.79,TEST  ,  0.41,  0.000,  0.00,  0.000,  0.000,  0.000,  0.000
840003218920990,  1232,10,14:14:23,14:14:29,     6, 13.50, 13.50,LS    ,  0.00,  0.000,  0.00,  0.000,  0.000,  0.000,  0.000
840003218920826,  1068,82,14:12:46,14:14:38,   112, 49.71, 49.11,TEST  ,  0.60,  0.000,  0.00,  0.000,  0.000,  0.000,  0.000
840003274076149,  9436,25,14:14:42,14:15:01,    19, 48.00, 47.50,LS    ,  0.50,  0.000,  0.00,  0.000,  0.000,  0.000,  0.000
840003250681620,  1605,12,14:14:31,14:15:21,    50, 53.60, 53.60,LS    ,  0.00,  0.000,  0.00,  0.000,  0.000,  0.000,  0.000
840003268256516,  9779,32,14:13:19,14:15:25,   126, 50.10, 49.60,HS    ,  0.50,  0.000,  0.00,  0.000,  0.000,  0.000,  0.000
840003211747972,  9943,28,14:10:43,14:15:41,   298, 47.70, 46.00,LS    ,  1.70,  0.000,  0.00,  0.000,  0.000,  0.000,  0.000
840003234513925,  1533, 6,14:10:20,14:15:42,   322, 55.50, 54.10,LS    ,  1.40,  0.000,  0.00,  0.000,  0.000,  0.000,  0.000
840003268256516,  9779,28,14:15:52,14:15:56,     4, 46.00, 46.00,LS    ,  0.00,  0.000,  0.00,  0.000,  0.000,  0.000,  0.000
840003274076149,  9436,25,14:15:43,14:16:04,    21, 47.50, 47.20,LS    ,  0.30,  0.000,  0.00,  0.000,  0.000,  0.000,  0.000
840003234513973,  1581, 7,14:04:02,14:16:04,   722, 57.60, 53.20,LS    ,  4.40,  0.000,  0.00,  0.000,  0.000,  0.000,  0.000
840003268256516,  9779,25,14:16:13,14:16:41,    28, 47.20, 47.20,LS    ,  0.00,  0.000,  0.00,  0.000,  0.000,  0.000,  0.000
840003274076149,  9436,24,14:16:25,14:16:48,    23, 65.10, 64.80,HS    ,  0.30,  0.000,  0.00,  0.000,  0.000,  0.000,  0.000
840003287324990,  9827,23,14:12:10,14:16:55,   285, 49.20, 46.60,LS    ,  2.60,  0.000,  0.00,  0.000,  0.000,  0.000,  0.000
840003234513973,  1581,10,14:16:33,14:17:24,    51, 13.50, 13.30,LS    ,  0.20,  0.000,  0.00,  0.000,  0.000,  0.000,  0.000
840003211747972,  9943,28,14:16:09,14:17:40,    91, 46.00, 45.50,LS    ,  0.50,  0.000,  0.00,  0.000,  0.000,  0.000,  0.000
840003274076149,  9436,23,14:17:28,14:17:46,    18, 46.60, 46.40,LS    ,  0.20,  0.000,  0.00,  0.000,  0.000,  0.000,  0.000
840003234513964,  1572,13,14:14:24,14:17:48,   204, 52.60, 51.90,HS    ,  0.70,  0.000,  0.00,  0.000,  0.000,  0.000,  0.000
840003287324966,  1261, 2,13:51:49,14:18:13,  1584, 60.70, 52.60,LS    ,  8.10,  0.000,  0.00,  0.000,  0.000,  0.000,  0.000
840003250681620,  1605,11,14:15:34,14:18:21,   167, 52.70, 52.40,LS    ,  0.30,  0.000,  0.00,  0.000,  0.000,  0.000,  0.000
840003218920873,  1115,20,14:18:32,14:18:58,    26, 19.20, 19.20,LS    ,  0.00,  0.000,  0.00,  0.000,  0.000,  0.000,  0.000
840003268256516,  9779,24,14:16:58,14:18:59,   121, 64.80, 64.20,HS    ,  0.60,  0.000,  0.00,  0.000,  0.000,  0.000,  0.000
840003274076117,  9785,18,14:16:45,14:18:58,   133, 55.70, 54.80,LS    ,  0.90,  0.000,  0.00,  0.000,  0.000,  0.000,  0.000
840003268256516,  9779,25,14:19:04,14:19:26,    22, 47.10, 47.10,LS    ,  0.00,  0.000,  0.00,  0.000,  0.000,  0.000,  0.000
840003211747972,  9943,28,14:18:17,14:19:53,    96, 45.60, 45.00,LS    ,  0.60,  0.000,  0.00,  0.000,  0.000,  0.000,  0.000
840003287324966,  1261, 3,14:19:14,14:20:18,    64, 59.60, 59.00,LS    ,  0.60,  0.000,  0.00,  0.000,  0.000,  0.000,  0.000
840003250681627,  1612,27,14:10:44,14:20:49,   605, 55.00, 52.20,LS    ,  2.80,  0.000,  0.00,  0.000,  0.000,  0.000,  0.000
840003211747972,  9943,28,14:20:23,14:21:03,    40, 45.00, 44.80,LS    ,  0.20,  0.000,  0.00,  0.000,  0.000,  0.000,  0.000
840003234513964,  1572,10,14:18:15,14:21:29,   194, 13.30, 12.30,LS    ,  1.00,  0.000,  0.00,  0.000,  0.000,  0.000,  0.000
840003218920887,  1129,57,14:16:09,14:21:34,   325, 85.19, 83.73,TEST  ,  1.46,  0.000,  0.00,  0.000,  0.000,  0.000,  0.000
840003234513973,  1581, 7,14:17:39,14:22:00,   261, 53.20, 51.80,LS    ,  1.40,  0.000,  0.00,  0.000,  0.000,  0.000,  0.000
840003287324988,  9593,75,14:06:15,14:23:05,  1010, 72.91, 65.57,TEST  ,  7.34,  0.000,  0.00,  0.000,  0.000,  0.000,  0.000
840003205049486,  9600,74,14:15:24,14:23:13,   469, 65.35, 62.83,TEST  ,  2.52,  0.000,  0.00,  0.000,  0.000,  0.000,  0.000
840003268256514,  9411,73,14:11:26,14:23:12,   706, 62.92, 58.77,TEST  ,  4.15,  0.000,  0.00,  0.000,  0.000,  0.000,  0.000
840003274076117,  9785,11,14:19:43,14:23:31,   228, 52.30, 50.70,LS    ,  1.60,  0.000,  0.00,  0.000,  0.000,  0.000,  0.000
840003218920887,  1129,57,14:21:42,14:24:00,   138, 83.73, 83.28,TEST  ,  0.45,  0.000,  0.00,  0.000,  0.000,  0.000,  0.000
840003211747972,  9943,27,14:22:07,14:24:00,   113, 52.10, 52.20,LS    , -0.10,  0.000,  0.00,  0.000,  0.000,  0.000,  0.000
840003250681653,  1638,32,14:21:46,14:24:02,   136, 49.60, 48.90,HS    ,  0.70,  0.000,  0.00,  0.000,  0.000,  0.000,  0.000
840003250681627,  1612,28,14:21:47,14:24:03,   136, 44.80, 44.40,LS    ,  0.40,  0.000,  0.00,  0.000,  0.000,  0.000,  0.000
840003250681656,  1641,30,14:20:29,14:24:05,   216, 47.70, 47.20,HS    ,  0.50,  0.000,  0.00,  0.000,  0.000,  0.000,  0.000
840003250681783,  1768,82,14:24:16,14:24:22,     6, 49.15, 49.09,TEST  ,  0.06,  0.000,  0.00,  0.000,  0.000,  0.000,  0.000
840003268256516,  9779,24,14:19:31,14:24:49,   318, 64.20, 62.70,HS    ,  1.50,  0.000,  0.00,  0.000,  0.000,  0.000,  0.000
840003274076149,  9436,22,14:18:16,14:24:49,   393, 66.90, 63.90,HS    ,  3.00,  0.000,  0.00,  0.000,  0.000,  0.000,  0.000
840003234513966,  1574,69,14:17:58,14:24:54,   416, 43.33, 40.60,TEST  ,  2.73,  0.000,  0.00,  0.000,  0.000,  0.000,  0.000
840003274076119,  9867,12,14:17:59,14:24:53,   414, 53.90, 50.90,LS    ,  3.00,  0.000,  0.00,  0.000,  0.000,  0.000,  0.000
840003250681669,  1654,21,14:11:37,14:24:54,   797, 72.50, 68.40,HS    ,  4.10,  0.000,  0.00,  0.000,  0.000,  0.000,  0.000
840003234513840,  1448,66,14:15:31,14:25:05,   574, 75.84, 72.96,TEST  ,  2.88,  0.000,  0.00,  0.000,  0.000,  0.000,  0.000
840003268256441,  1148,15,14:17:07,14:25:18,   491, 57.70, 54.60,LS    ,  3.10,  0.000,  0.00,  0.000,  0.000,  0.000,  0.000
840003234513966,  1574,69,14:25:01,14:25:24,    23, 40.59, 40.41,TEST  ,  0.18,  0.000,  0.00,  0.000,  0.000,  0.000,  0.000
840003274076178,  9425,62,14:13:42,14:25:46,   724, 82.20, 77.36,TEST  ,  4.84,  0.000,  0.00,  0.000,  0.000,  0.000,  0.000
840003234513973,  1581, 6,14:22:44,14:25:56,   192, 54.00, 53.20,LS    ,  0.80,  0.000,  0.00,  0.000,  0.000,  0.000,  0.000
840003250681653,  1638, 5,14:25:34,14:25:58,    24, 70.40, 70.30,HS    ,  0.10,  0.000,  0.00,  0.000,  0.000,  0.000,  0.000
840003287324966,  1261, 2,14:20:48,14:26:08,   320, 52.60, 51.30,LS    ,  1.30,  0.000,  0.00,  0.000,  0.000,  0.000,  0.000
840003218920826,  1068,83,14:15:10,14:28:49,   819, 50.81, 45.68,TEST  ,  5.13,  0.000,  0.00,  0.000,  0.000,  0.000,  0.000
840003218920887,  1129,69,14:25:27,14:29:36,   249, 40.43, 39.57,TEST  ,  0.86,  0.000,  0.00,  0.000,  0.000,  0.000,  0.000
840003234513873,  1481,68,14:27:40,14:29:48,   128, 50.21, 49.37,TEST  ,  0.84,  0.000,  0.00,  0.000,  0.000,  0.000,  0.000
840003234513966,  1574,71,14:25:55,14:30:00,   245, 57.95, 56.18,TEST  ,  1.77,  0.000,  0.00,  0.000,  0.000,  0.000,  0.000
840003268256514,  9411,77,14:23:24,14:31:30,   486, 90.07, 86.80,TEST  ,  3.27,  0.000,  0.00,  0.000,  0.000,  0.000,  0.000
840003218920887,  1129,74,14:30:35,14:32:30,   115, 62.86, 62.30,TEST  ,  0.56,  0.000,  0.00,  0.000,  0.000,  0.000,  0.000
840003234513799,  1407,75,14:29:59,14:32:58,   179, 65.60, 64.78,TEST  ,  0.82,  0.000,  0.00,  0.000,  0.000,  0.000,  0.000
840003234513966,  1574,66,14:30:48,14:33:30,   162, 72.93, 71.61,TEST  ,  1.32,  0.000,  0.00,  0.000,  0.000,  0.000,  0.000
840003287325039,  1348,77,14:32:09,14:33:50,   101, 86.83, 86.28,TEST  ,  0.55,  0.000,  0.00,  0.000,  0.000,  0.000,  0.000
840003250681783,  1768,82,14:30:36,14:34:23,   227, 49.09, 48.37,TEST  ,  0.72,  0.000,  0.00,  0.000,  0.000,  0.000,  0.000
840003205049486,  9600,61,14:29:20,14:36:10,   410, 83.42, 80.88,TEST  ,  2.54,  0.000,  0.00,  0.000,  0.000,  0.000,  0.000
840003234513966,  1574,66,14:33:42,14:38:52,   310, 71.58, 69.67,TEST  ,  1.91,  0.000,  0.00,  0.000,  0.000,  0.000,  0.000
840003287325039,  1348,80,14:37:42,14:39:11,    89, 73.50, 72.93,TEST  ,  0.57,  0.000,  0.00,  0.000,  0.000,  0.000,  0.000
840003234513873,  1481,65,14:29:56,14:39:15,   559, 80.48, 77.28,TEST  ,  3.20,  0.000,  0.00,  0.000,  0.000,  0.000,  0.000
840003287325039,  1348,78,14:39:52,14:40:00,     8, 80.81, 80.85,TEST  , -0.04,  0.000,  0.00,  0.000,  0.000,  0.000,  0.000
840003287325039,  1348,76,14:40:03,14:41:58,   115, 70.61, 69.70,TEST  ,  0.91,  0.000,  0.00,  0.000,  0.000,  0.000,  0.000
840003250681737,  1722,45,14:41:12,14:42:16,    64, -0.10,  0.00,TMR01 , -0.10,  0.000,  0.00,  0.000,  0.000,  0.000,  0.000
840003218920826,  1068,83,14:36:20,14:43:55,   455, 45.60, 43.14,TEST  ,  2.46,  0.000,  0.00,  0.000,  0.000,  0.000,  0.000
840003268256514,  9411,83,14:44:04,14:44:11,     7, 43.14, 43.12,TEST  ,  0.02,  0.000,  0.00,  0.000,  0.000,  0.000,  0.000
840003234513966,  1574,65,14:39:17,14:45:01,   344, 77.28, 75.06,TEST  ,  2.22,  0.000,  0.00,  0.000,  0.000,  0.000,  0.000
840003234513873,  1481,64,14:39:17,14:45:26,   369, 77.88, 75.82,TEST  ,  2.06,  0.000,  0.00,  0.000,  0.000,  0.000,  0.000
840003234513920,  1528,66,14:39:56,14:46:24,   388, 69.67, 67.70,TEST  ,  1.97,  0.000,  0.00,  0.000,  0.000,  0.000,  0.000
840003218920826,  1068,82,14:44:45,14:46:39,   114, 48.35, 47.72,TEST  ,  0.63,  0.000,  0.00,  0.000,  0.000,  0.000,  0.000
840003234513966,  1574,64,14:45:30,14:47:14,   104, 75.84, 75.16,TEST  ,  0.68,  0.000,  0.00,  0.000,  0.000,  0.000,  0.000
840003205049605,  9719,55,14:39:55,14:47:26,   451, 78.42, 75.41,TEST  ,  3.01,  0.000,  0.00,  0.000,  0.000,  0.000,  0.000
840003234513799,  1407,63,14:33:34,14:47:28,   834, 73.62, 69.91,TEST  ,  3.71,  0.000,  0.00,  0.000,  0.000,  0.000,  0.000
840003268256514,  9411,83,14:44:21,14:48:00,   219, 43.09, 41.62,TEST  ,  1.47,  0.000,  0.00,  0.000,  0.000,  0.000,  0.000
840003287325039,  1348,62,14:44:18,14:48:07,   229, 77.25, 75.98,TEST  ,  1.27,  0.000,  0.00,  0.000,  0.000,  0.000,  0.000
840003234513966,  1574,66,14:48:34,14:49:08,    34, 67.68, 67.60,TEST  ,  0.08,  0.000,  0.00,  0.000,  0.000,  0.000,  0.000
840003205049486,  9600,61,14:36:58,14:49:10,   732, 80.67, 76.54,TEST  ,  4.13,  0.000,  0.00,  0.000,  0.000,  0.000,  0.000
840003234513873,  1481,60,14:46:31,14:50:22,   231, 89.04, 88.08,TEST  ,  0.96,  0.000,  0.00,  0.000,  0.000,  0.000,  0.000
840003250681787,  1772,53,14:46:11,14:50:52,   281, 58.32, 56.79,TEST  ,  1.53,  0.000,  0.00,  0.000,  0.000,  0.000,  0.000
840003234513920,  1528,58,14:47:46,14:51:11,   205, 81.82, 80.68,TEST  ,  1.14,  0.000,  0.00,  0.000,  0.000,  0.000,  0.000
840003274076178,  9425,56,14:30:27,14:51:44,  1277, 85.58, 77.63,TEST  ,  7.95,  0.000,  0.00,  0.000,  0.000,  0.000,  0.000
840003287325039,  1348,61,14:54:21,14:54:26,     5, 76.79, 76.80,TEST  , -0.01,  0.000,  0.00,  0.000,  0.000,  0.000,  0.000
840003268256514,  9411,83,14:50:29,14:55:54,   325, 41.64, 39.84,TEST  ,  1.80,  0.000,  0.00,  0.000,  0.000,  0.000,  0.000
840003205049486,  9600,64,14:49:24,14:57:15,   471, 75.14, 72.79,TEST  ,  2.35,  0.000,  0.00,  0.000,  0.000,  0.000,  0.000
840003250681783,  1768,78,14:49:32,14:57:38,   486, 80.81, 78.98,TEST  ,  1.83,  0.000,  0.00,  0.000,  0.000,  0.000,  0.000
840003274076178,  9425,63,14:52:47,14:58:19,   332, 69.92, 67.93,TEST  ,  1.99,  0.000,  0.00,  0.000,  0.000,  0.000,  0.000
840003205049605,  9719,65,14:51:42,14:58:38,   416, 75.07, 72.75,TEST  ,  2.32,  0.000,  0.00,  0.000,  0.000,  0.000,  0.000
840003250681787,  1772,66,14:52:51,14:58:46,   355, 67.63, 65.57,TEST  ,  2.06,  0.000,  0.00,  0.000,  0.000,  0.000,  0.000
840003234513799,  1407,59,14:51:50,15:01:17,   567, 88.54, 86.17,TEST  ,  2.37,  0.000,  0.00,  0.000,  0.000,  0.000,  0.000
840003234513966,  1574,68,14:55:47,15:01:24,   337, 49.24, 47.32,TEST  ,  1.92,  0.000,  0.00,  0.000,  0.000,  0.000,  0.000
840003234513873,  1481,62,14:50:27,15:01:29,   662, 76.00, 73.35,TEST  ,  2.65,  0.000,  0.00,  0.000,  0.000,  0.000,  0.000
840003234513920,  1528,60,14:51:38,15:01:39,   601, 88.04, 85.40,TEST  ,  2.64,  0.000,  0.00,  0.000,  0.000,  0.000,  0.000
840003287325039,  1348,61,14:54:27,15:02:25,   478, 76.81, 73.68,TEST  ,  3.13,  0.000,  0.00,  0.000,  0.000,  0.000,  0.000
840003250681787,  1772,67,14:58:52,15:02:25,   213, 47.76, 46.75,TEST  ,  1.01,  0.000,  0.00,  0.000,  0.000,  0.000,  0.000
840003234513799,  1407,55,15:02:08,15:02:35,    27, 75.37, 75.30,TEST  ,  0.07,  0.000,  0.00,  0.000,  0.000,  0.000,  0.000
840003287325039,  1348,61,15:02:35,15:02:40,     5, 73.72, 73.81,TEST  , -0.09,  0.000,  0.00,  0.000,  0.000,  0.000,  0.000
840003250681787,  1772,67,15:02:38,15:02:43,     5, 46.71, 46.79,TEST  , -0.08,  0.000,  0.00,  0.000,  0.000,  0.000,  0.000
840003250681787,  1772,68,15:02:47,15:06:28,   221, 47.32, 46.35,TEST  ,  0.97,  0.000,  0.00,  0.000,  0.000,  0.000,  0.000
840003268256515,  1097,70,14:53:48,15:06:33,   765, 60.11, 55.77,TEST  ,  4.34,  0.000,  0.00,  0.000,  0.000,  0.000,  0.000
840003218920961,  1203,71,14:55:46,15:06:36,   650, 56.27, 52.29,TEST  ,  3.98,  0.000,  0.00,  0.000,  0.000,  0.000,  0.000
840003250681787,  1772,69,15:06:30,15:06:36,     6, 39.52, 39.53,TEST  , -0.01,  0.000,  0.00,  0.000,  0.000,  0.000,  0.000
840003268256515,  1097,70,15:06:34,15:06:39,     5, 55.77, 55.73,TEST  ,  0.04,  0.000,  0.00,  0.000,  0.000,  0.000,  0.000
840003234513799,  1407,57,14:47:38,15:07:04,  1166, 83.24, 82.05,TEST  ,  1.19,  0.000,  0.00,  0.000,  0.000,  0.000,  0.000
840003234513777,  1385,83,14:55:56,15:07:28,   692, 39.83, 36.54,TEST  ,  3.29,  0.000,  0.00,  0.000,  0.000,  0.000,  0.000
840003250681783,  1768,75,14:57:40,15:07:30,   590, 64.75, 62.90,TEST  ,  1.85,  0.000,  0.00,  0.000,  0.000,  0.000,  0.000
840003205049605,  9719,72,14:58:58,15:07:47,   529, 71.23, 67.98,TEST  ,  3.25,  0.000,  0.00,  0.000,  0.000,  0.000,  0.000
840003287325039,  1348,58,15:03:24,15:08:49,   325, 80.62, 79.21,TEST  ,  1.41,  0.000,  0.00,  0.000,  0.000,  0.000,  0.000
840003234513850,  1458,82,15:05:15,15:08:50,   215, 47.72, 46.55,TEST  ,  1.17,  0.000,  0.00,  0.000,  0.000,  0.000,  0.000
840003250681783,  1768,74,15:07:32,15:09:55,   143, 62.22, 61.85,TEST  ,  0.37,  0.000,  0.00,  0.000,  0.000,  0.000,  0.000
840003287324998,  9295,83,15:07:29,15:10:21,   172, 36.54, 35.74,TEST  ,  0.80,  0.000,  0.00,  0.000,  0.000,  0.000,  0.000
840003268256515,  1097,76,15:07:03,15:10:38,   215, 69.67, 68.79,TEST  ,  0.88,  0.000,  0.00,  0.000,  0.000,  0.000,  0.000
840003234513873,  1481,53,15:11:49,15:11:54,     5, 56.71, 56.72,TEST  , -0.01,  0.000,  0.00,  0.000,  0.000,  0.000,  0.000
840003268256515,  1097,80,15:11:05,15:13:01,   116, 72.90, 72.18,TEST  ,  0.72,  0.000,  0.00,  0.000,  0.000,  0.000,  0.000
840003268256515,  1097,80,15:13:02,15:13:09,     7, 72.18, 72.23,TEST  , -0.05,  0.000,  0.00,  0.000,  0.000,  0.000,  0.000
840003234513850,  1458,82,15:09:03,15:13:14,   251, 46.31, 45.55,TEST  ,  0.76,  0.000,  0.00,  0.000,  0.000,  0.000,  0.000
840003268256515,  1097,78,15:13:28,15:13:34,     6, 74.99, 75.02,TEST  , -0.03,  0.000,  0.00,  0.000,  0.000,  0.000,  0.000
840003268256515,  1097,78,15:13:34,15:14:24,    50, 75.02, 74.56,TEST  ,  0.46,  0.000,  0.00,  0.000,  0.000,  0.000,  0.000
840003287325039,  1348,58,15:10:03,15:14:39,   276, 79.22, 77.96,TEST  ,  1.26,  0.000,  0.00,  0.000,  0.000,  0.000,  0.000
840003234513777,  1385,83,15:12:00,15:15:06,   186, 35.43, 34.86,TEST  ,  0.57,  0.000,  0.00,  0.000,  0.000,  0.000,  0.000
840003250681787,  1772,83,15:15:08,15:15:17,     9, 34.86, 34.87,TEST  , -0.01,  0.000,  0.00,  0.000,  0.000,  0.000,  0.000
840003234513850,  1458,80,15:15:18,15:15:24,     6, 72.19, 72.21,TEST  , -0.02,  0.000,  0.00,  0.000,  0.000,  0.000,  0.000
840003250681787,  1772,83,15:15:24,15:15:30,     6, 34.86, 34.75,TEST  ,  0.11,  0.000,  0.00,  0.000,  0.000,  0.000,  0.000
840003250681787,  1772,82,15:15:33,15:17:35,   122, 45.41, 45.07,TEST  ,  0.34,  0.000,  0.00,  0.000,  0.000,  0.000,  0.000
840003218920961,  1203,70,15:12:01,15:18:37,   396, 55.78, 53.36,TEST  ,  2.42,  0.000,  0.00,  0.000,  0.000,  0.000,  0.000
840003250681783,  1768,71,15:10:09,15:19:05,   536, 52.28, 50.75,TEST  ,  1.53,  0.000,  0.00,  0.000,  0.000,  0.000,  0.000
840003205049605,  9719,78,15:14:24,15:21:04,   400, 74.56, 72.44,TEST  ,  2.12,  0.000,  0.00,  0.000,  0.000,  0.000,  0.000
840003250681787,  1772,83,15:17:39,15:21:09,   210, 34.88, 33.89,TEST  ,  0.99,  0.000,  0.00,  0.000,  0.000,  0.000,  0.000
840003250681787,  1772,83,15:21:09,15:21:22,    13, 33.89, 33.85,TEST  ,  0.04,  0.000,  0.00,  0.000,  0.000,  0.000,  0.000
840003268256515,  1097,77,15:14:24,15:21:48,   444, 86.20, 83.86,TEST  ,  2.34,  0.000,  0.00,  0.000,  0.000,  0.000,  0.000
840003234513932,  1540,31,15:24:27,15:24:40,    13, 95.40, 95.20,LS    ,  0.20,  0.000,  0.00,  0.000,  0.000,  0.000,  0.000
840003234513987,  1595,30,15:24:27,15:25:10,    43, 97.50, 97.30,HS    ,  0.20,  0.000,  0.00,  0.000,  0.000,  0.000,  0.000
840003287324998,  9295,79,15:16:15,15:26:23,   608, 75.34, 71.34,TEST  ,  4.00,  0.000,  0.00,  0.000,  0.000,  0.000,  0.000
840003218920983,  1225,18,15:25:55,15:26:22,    27, 96.90, 96.80,LS    ,  0.10,  0.000,  0.00,  0.000,  0.000,  0.000,  0.000
840003218920939,  1181, 1,15:26:25,15:26:31,     6,101.70,101.70,HS    ,  0.00,  0.000,  0.00,  0.000,  0.000,  0.000,  0.000
840003218920983,  1225,17,15:26:27,15:26:36,     9, 96.40, 96.30,HS    ,  0.10,  0.000,  0.00,  0.000,  0.000,  0.000,  0.000
840003234513932,  1540, 2,15:26:25,15:26:37,    12, 99.80, 99.40,LS    ,  0.40,  0.000,  0.00,  0.000,  0.000,  0.000,  0.000
840003268256515,  1097,78,15:22:05,15:26:43,   278, 72.40, 71.15,TEST  ,  1.25,  0.000,  0.00,  0.000,  0.000,  0.000,  0.000
840003234513873,  1481,53,15:12:04,15:27:15,   911, 56.65, 52.68,TEST  ,  3.97,  0.000,  0.00,  0.000,  0.000,  0.000,  0.000
840003234513932,  1540, 3,15:27:09,15:27:38,    29, 98.50, 98.30,LS    ,  0.20,  0.000,  0.00,  0.000,  0.000,  0.000,  0.000
840003205049610,  9724,14,15:27:19,15:27:59,    40,100.20,100.10,HS    ,  0.10,  0.000,  0.00,  0.000,  0.000,  0.000,  0.000
840003287325014,  9956,27,15:28:02,15:28:12,    10,100.20,100.20,LS    ,  0.00,  0.000,  0.00,  0.000,  0.000,  0.000,  0.000
840003218920983,  1225,18,15:27:18,15:28:14,    56, 96.80, 96.40,LS    ,  0.40,  0.000,  0.00,  0.000,  0.000,  0.000,  0.000
840003205049610,  9724,13,15:28:05,15:28:24,    19, 98.70, 98.60,HS    ,  0.10,  0.000,  0.00,  0.000,  0.000,  0.000,  0.000
840003274076149,  9436,30,15:27:49,15:28:34,    45, 97.30, 96.70,HS    ,  0.60,  0.000,  0.00,  0.000,  0.000,  0.000,  0.000
840003287325014,  9956,25,15:28:28,15:28:39,    11, 96.20, 96.20,LS    ,  0.00,  0.000,  0.00,  0.000,  0.000,  0.000,  0.000
840003234513987,  1595,21,15:25:31,15:28:49,   198, 99.20, 98.30,HS    ,  0.90,  0.000,  0.00,  0.000,  0.000,  0.000,  0.000
840003205049610,  9724,12,15:28:38,15:28:58,    20,100.50,100.10,LS    ,  0.40,  0.000,  0.00,  0.000,  0.000,  0.000,  0.000
840003234513964,  1572,10,15:28:48,15:29:05,    17, 94.90, 94.80,LS    ,  0.10,  0.000,  0.00,  0.000,  0.000,  0.000,  0.000
840003287325014,  9956,24,15:28:48,15:29:14,    26, 98.90, 98.70,HS    ,  0.20,  0.000,  0.00,  0.000,  0.000,  0.000,  0.000
840003205049610,  9724,12,15:29:22,15:29:32,    10,100.10,100.00,LS    ,  0.10,  0.000,  0.00,  0.000,  0.000,  0.000,  0.000
840003234513932,  1540, 4,15:27:57,15:29:32,    95,105.30,104.80,HS    ,  0.50,  0.000,  0.00,  0.000,  0.000,  0.000,  0.000
840003234513893,  1501,74,15:20:14,15:29:38,   564, 61.85, 58.48,TEST  ,  3.37,  0.000,  0.00,  0.000,  0.000,  0.000,  0.000
840003218920939,  1181, 2,15:26:46,15:29:44,   178, 99.40, 98.30,LS    ,  1.10,  0.000,  0.00,  0.000,  0.000,  0.000,  0.000
840003274076179,  8966,76,15:22:02,15:29:54,   472, 68.75, 65.62,TEST  ,  3.13,  0.000,  0.00,  0.000,  0.000,  0.000,  0.000
840003205049610,  9724,12,15:30:02,15:30:20,    18,100.00, 99.60,LS    ,  0.40,  0.000,  0.00,  0.000,  0.000,  0.000,  0.000
840003234513893,  1501,83,15:30:37,15:30:43,     6, 33.77, 33.80,TEST  , -0.03,  0.000,  0.00,  0.000,  0.000,  0.000,  0.000
840003268256515,  1097,77,15:26:46,15:30:51,   245, 83.80, 82.53,TEST  ,  1.27,  0.000,  0.00,  0.000,  0.000,  0.000,  0.000
840003250681673,  1658, 1,15:30:22,15:30:51,    29,101.70,101.60,HS    ,  0.10,  0.000,  0.00,  0.000,  0.000,  0.000,  0.000
840003268256515,  1097,77,15:30:51,15:30:56,     5, 82.53, 82.55,TEST  , -0.02,  0.000,  0.00,  0.000,  0.000,  0.000,  0.000
840003205049610,  9724,12,15:30:56,15:31:00,     4, 99.20, 99.40,LS    , -0.20,  0.000,  0.00,  0.000,  0.000,  0.000,  0.000
840003234513850,  1458,80,15:15:25,15:31:06,   941, 72.21, 67.92,TEST  ,  4.29,  0.000,  0.00,  0.000,  0.000,  0.000,  0.000
840003274076149,  9436,28,15:28:44,15:31:25,   161, 94.40, 92.50,LS    ,  1.90,  0.000,  0.00,  0.000,  0.000,  0.000,  0.000
840003218920939,  1181, 4,15:30:23,15:31:26,    63,104.70,104.30,HS    ,  0.40,  0.000,  0.00,  0.000,  0.000,  0.000,  0.000
840003218920939,  1181, 4,15:31:46,15:31:49,     3,104.30,104.30,HS    ,  0.00,  0.000,  0.00,  0.000,  0.000,  0.000,  0.000
840003205049610,  9724,12,15:31:43,15:31:49,     6, 98.40, 99.00,LS    , -0.60,  0.000,  0.00,  0.000,  0.000,  0.000,  0.000
840003218920983,  1225,25,15:29:22,15:31:52,   150, 96.20, 95.40,LS    ,  0.80,  0.000,  0.00,  0.000,  0.000,  0.000,  0.000
840003234513932,  1540, 6,15:29:53,15:31:54,   121, 99.50, 98.80,LS    ,  0.70,  0.000,  0.00,  0.000,  0.000,  0.000,  0.000
840003287325014,  9956,23,15:29:23,15:32:09,   166, 96.50, 95.40,LS    ,  1.10,  0.000,  0.00,  0.000,  0.000,  0.000,  0.000
840003218920983,  1225,26,15:32:07,15:32:18,    11,100.70, 99.80,HS    ,  0.90,  0.000,  0.00,  0.000,  0.000,  0.000,  0.000
840003205049610,  9724,12,15:32:24,15:32:27,     3, 98.70, 98.80,LS    , -0.10,  0.000,  0.00,  0.000,  0.000,  0.000,  0.000
840003250681673,  1658, 1,15:31:13,15:32:32,    79,101.60,101.20,HS    ,  0.40,  0.000,  0.00,  0.000,  0.000,  0.000,  0.000
840003274076149,  9436,28,15:31:57,15:32:36,    39, 92.40, 92.00,LS    ,  0.40,  0.000,  0.00,  0.000,  0.000,  0.000,  0.000
840003218920939,  1181, 6,15:32:04,15:32:53,    49, 98.80, 98.40,LS    ,  0.40,  0.000,  0.00,  0.000,  0.000,  0.000,  0.000
840003234513932,  1540, 7,15:32:25,15:32:53,    28,101.30,101.10,LS    ,  0.20,  0.000,  0.00,  0.000,  0.000,  0.000,  0.000
840003218920983,  1225,26,15:32:56,15:33:11,    15, 99.70, 99.30,HS    ,  0.40,  0.000,  0.00,  0.000,  0.000,  0.000,  0.000
840003274076149,  9436,28,15:32:50,15:33:13,    23, 92.00, 91.60,LS    ,  0.40,  0.000,  0.00,  0.000,  0.000,  0.000,  0.000
840003234513932,  1540, 8,15:33:01,15:33:20,    19,104.10,104.10,HS    ,  0.00,  0.000,  0.00,  0.000,  0.000,  0.000,  0.000
840003218920920,  1162,27,15:31:04,15:33:33,   149,100.20, 99.00,LS    ,  1.20,  0.000,  0.00,  0.000,  0.000,  0.000,  0.000
840003274076117,  9785, 4,15:33:00,15:33:47,    47,104.30,104.30,HS    ,  0.00,  0.000,  0.00,  0.000,  0.000,  0.000,  0.000
840003274076149,  9436,27,15:33:42,15:33:50,     8, 99.00, 98.70,LS    ,  0.30,  0.000,  0.00,  0.000,  0.000,  0.000,  0.000
840003250681656,  1641,30,15:33:53,15:34:07,    14, 96.70, 96.70,HS    ,  0.00,  0.000,  0.00,  0.000,  0.000,  0.000,  0.000
840003218920939,  1181, 5,15:33:00,15:34:09,    69,100.60,100.20,HS    ,  0.40,  0.000,  0.00,  0.000,  0.000,  0.000,  0.000
840003218920920,  1162,20,15:34:03,15:34:10,     7, 95.50, 95.60,LS    , -0.10,  0.000,  0.00,  0.000,  0.000,  0.000,  0.000
840003234513932,  1540,12,15:34:01,15:34:30,    29, 98.90, 98.80,LS    ,  0.10,  0.000,  0.00,  0.000,  0.000,  0.000,  0.000
840003205049565,  9679,68,15:13:08,15:34:39,  1291, 46.41, 40.26,TEST  ,  6.15,  0.000,  0.00,  0.000,  0.000,  0.000,  0.000
840003234513964,  1572,10,15:29:28,15:34:35,   307, 94.80, 92.50,LS    ,  2.30,  0.000,  0.00,  0.000,  0.000,  0.000,  0.000
840003234513778,  1386,73,15:20:02,15:34:56,   894, 58.75, 53.15,TEST  ,  5.60,  0.000,  0.00,  0.000,  0.000,  0.000,  0.000
840003218920961,  1203,70,15:19:24,15:35:16,   952, 53.38, 48.25,TEST  ,  5.13,  0.000,  0.00,  0.000,  0.000,  0.000,  0.000
840003234513964,  1572,12,15:35:06,15:35:13,     7, 98.50, 98.40,LS    ,  0.10,  0.000,  0.00,  0.000,  0.000,  0.000,  0.000
840003218920820,  1062,27,15:34:24,15:35:12,    48, 98.70, 98.40,LS    ,  0.30,  0.000,  0.00,  0.000,  0.000,  0.000,  0.000
840003274076149,  9436,26,15:33:57,15:35:20,    83, 99.30, 98.30,HS    ,  1.00,  0.000,  0.00,  0.000,  0.000,  0.000,  0.000
840003268256515,  1097,77,15:30:58,15:35:26,   268, 82.55, 81.31,TEST  ,  1.24,  0.000,  0.00,  0.000,  0.000,  0.000,  0.000
840003268256516,  9779,24,15:34:56,15:35:24,    28, 98.70, 98.70,HS    ,  0.00,  0.000,  0.00,  0.000,  0.000,  0.000,  0.000
840003218920983,  1225,25,15:33:42,15:35:26,   104, 95.40, 94.90,LS    ,  0.50,  0.000,  0.00,  0.000,  0.000,  0.000,  0.000
840003268256482,  9300,23,15:34:37,15:35:29,    52, 95.40, 95.00,LS    ,  0.40,  0.000,  0.00,  0.000,  0.000,  0.000,  0.000
840003234513987,  1595,22,15:29:01,15:35:36,   395,100.00, 98.30,HS    ,  1.70,  0.000,  0.00,  0.000,  0.000,  0.000,  0.000
840003234513964,  1572,11,15:35:28,15:35:43,    15, 99.00, 98.90,LS    ,  0.10,  0.000,  0.00,  0.000,  0.000,  0.000,  0.000
840003218920920,  1162, 7,15:34:58,15:35:57,    59,101.10,100.70,LS    ,  0.40,  0.000,  0.00,  0.000,  0.000,  0.000,  0.000
840003234513932,  1540,14,15:34:47,15:36:02,    75,100.10, 99.90,HS    ,  0.20,  0.000,  0.00,  0.000,  0.000,  0.000,  0.000
840003274076149,  9436,24,15:35:44,15:36:04,    20, 98.70, 98.50,HS    ,  0.20,  0.000,  0.00,  0.000,  0.000,  0.000,  0.000
840003234513937,  1545,27,15:35:47,15:36:17,    30, 98.40, 98.20,LS    ,  0.20,  0.000,  0.00,  0.000,  0.000,  0.000,  0.000
840003218920920,  1162, 8,15:36:03,15:36:19,    16,104.20,103.70,HS    ,  0.50,  0.000,  0.00,  0.000,  0.000,  0.000,  0.000
840003234513972,  1580,15,15:28:59,15:36:26,   447, 98.50, 95.70,LS    ,  2.80,  0.000,  0.00,  0.000,  0.000,  0.000,  0.000
840003205049610,  9724,13,15:32:57,15:36:37,   220, 98.60, 97.20,HS    ,  1.40,  0.000,  0.00,  0.000,  0.000,  0.000,  0.000
840003287324998,  9295,78,15:26:44,15:37:00,   616, 71.15, 67.38,TEST  ,  3.77,  0.000,  0.00,  0.000,  0.000,  0.000,  0.000
840003234513923,  1531,32,15:27:04,15:36:59,   595, 89.80, 86.40,HS    ,  3.40,  0.000,  0.00,  0.000,  0.000,  0.000,  0.000
840003268256441,  1148,30,15:34:17,15:37:03,   166, 96.70, 95.20,HS    ,  1.50,  0.000,  0.00,  0.000,  0.000,  0.000,  0.000
840003234513973,  1581,31,15:25:20,15:37:05,   705, 95.20, 90.40,LS    ,  4.80,  0.000,  0.00,  0.000,  0.000,  0.000,  0.000
840003234513893,  1501,83,15:30:44,15:37:15,   391, 33.82, 31.57,TEST  ,  2.25,  0.000,  0.00,  0.000,  0.000,  0.000,  0.000
840003218920983,  1225,26,15:37:16,15:37:19,     3, 97.80, 97.80,HS    ,  0.00,  0.000,  0.00,  0.000,  0.000,  0.000,  0.000
840003234513937,  1545,17,15:36:42,15:37:21,    39, 96.20, 96.20,HS    ,  0.00,  0.000,  0.00,  0.000,  0.000,  0.000,  0.000
840003234513972,  1580,14,15:36:42,15:37:29,    47, 99.90, 99.80,HS    ,  0.10,  0.000,  0.00,  0.000,  0.000,  0.000,  0.000
840003250681791,  1776,82,15:36:00,15:37:34,    94, 45.01, 44.82,TEST  ,  0.19,  0.000,  0.00,  0.000,  0.000,  0.000,  0.000
840003250681638,  1623,20,15:35:00,15:37:31,   151, 95.60, 90.40,LS    ,  5.20,  0.000,  0.00,  0.000,  0.000,  0.000,  0.000
840003234513973,  1581,32,15:37:26,15:37:32,     6, 86.40, 86.40,HS    ,  0.00,  0.000,  0.00,  0.000,  0.000,  0.000,  0.000
840003218920920,  1162, 8,15:37:01,15:37:33,    32,103.70,103.40,HS    ,  0.30,  0.000,  0.00,  0.000,  0.000,  0.000,  0.000
840003234513932,  1540,13,15:36:49,15:37:34,    45, 97.20, 97.00,HS    ,  0.20,  0.000,  0.00,  0.000,  0.000,  0.000,  0.000
840003250681640,  1625,16,15:29:36,15:37:34,   478, 97.00, 93.90,HS    ,  3.10,  0.000,  0.00,  0.000,  0.000,  0.000,  0.000
840003205049610,  9724,12,15:36:54,15:37:35,    41, 98.30, 97.90,LS    ,  0.40,  0.000,  0.00,  0.000,  0.000,  0.000,  0.000
840003268256460,  9534,31,15:37:25,15:37:38,    13, 90.40, 90.00,LS    ,  0.40,  0.000,  0.00,  0.000,  0.000,  0.000,  0.000
840003250681644,  1629,29,15:35:23,15:37:39,   136,100.80,100.00,HS    ,  0.80,  0.000,  0.00,  0.000,  0.000,  0.000,  0.000
840003268256482,  9300, 6,15:36:01,15:37:52,   111, 98.30, 97.70,LS    ,  0.60,  0.000,  0.00,  0.000,  0.000,  0.000,  0.000
840003268256516,  9779,23,15:35:40,15:37:57,   137, 95.00, 93.80,LS    ,  1.20,  0.000,  0.00,  0.000,  0.000,  0.000,  0.000
840003218920920,  1162, 8,15:37:45,15:37:59,    14,103.40,103.10,HS    ,  0.30,  0.000,  0.00,  0.000,  0.000,  0.000,  0.000
840003234513932,  1540,12,15:37:48,15:38:00,    12, 98.50, 97.90,LS    ,  0.60,  0.000,  0.00,  0.000,  0.000,  0.000,  0.000
840003274076149,  9436,22,15:36:20,15:38:01,   101, 98.30, 97.10,HS    ,  1.20,  0.000,  0.00,  0.000,  0.000,  0.000,  0.000
840003234513987,  1595,21,15:35:58,15:38:08,   130, 98.30, 97.80,HS    ,  0.50,  0.000,  0.00,  0.000,  0.000,  0.000,  0.000
840003234513964,  1572,10,15:36:17,15:38:13,   116, 92.40, 91.70,LS    ,  0.70,  0.000,  0.00,  0.000,  0.000,  0.000,  0.000
840003250681644,  1629,26,15:38:04,15:38:16,    12, 97.80, 97.80,HS    ,  0.00,  0.000,  0.00,  0.000,  0.000,  0.000,  0.000
840003218920939,  1181, 5,15:38:00,15:38:18,    18,100.20,100.20,HS    ,  0.00,  0.000,  0.00,  0.000,  0.000,  0.000,  0.000
840003287325010,  9802, 4,15:36:57,15:38:22,    85,104.30,103.80,HS    ,  0.50,  0.000,  0.00,  0.000,  0.000,  0.000,  0.000
840003268256441,  1148,30,15:37:37,15:38:31,    54, 95.20, 94.80,HS    ,  0.40,  0.000,  0.00,  0.000,  0.000,  0.000,  0.000
840003268256516,  9779,22,15:38:13,15:38:34,    21, 97.10, 96.90,HS    ,  0.20,  0.000,  0.00,  0.000,  0.000,  0.000,  0.000
840003234513972,  1580,13,15:37:55,15:38:34,    39, 96.80, 96.60,HS    ,  0.20,  0.000,  0.00,  0.000,  0.000,  0.000,  0.000
840003274076117,  9785, 3,15:33:55,15:38:39,   284, 98.30, 96.20,LS    ,  2.10,  0.000,  0.00,  0.000,  0.000,  0.000,  0.000
840003218920920,  1162, 8,15:38:33,15:38:49,    16,103.10,102.60,HS    ,  0.50,  0.000,  0.00,  0.000,  0.000,  0.000,  0.000
840003234513972,  1580,13,15:38:51,15:38:54,     3, 96.60, 96.60,HS    ,  0.00,  0.000,  0.00,  0.000,  0.000,  0.000,  0.000
840003234513932,  1540,12,15:38:25,15:38:55,    30, 97.90, 97.60,LS    ,  0.30,  0.000,  0.00,  0.000,  0.000,  0.000,  0.000
840003234513990,  1598,23,15:38:07,15:38:59,    52, 93.80, 93.10,LS    ,  0.70,  0.000,  0.00,  0.000,  0.000,  0.000,  0.000
840003218920983,  1225,25,15:37:23,15:39:00,    97, 94.90, 94.30,LS    ,  0.60,  0.000,  0.00,  0.000,  0.000,  0.000,  0.000
840003268256516,  9779,17,15:38:58,15:39:07,     9, 96.20, 96.20,HS    ,  0.00,  0.000,  0.00,  0.000,  0.000,  0.000,  0.000
840003287324973,  9890,26,15:38:54,15:39:06,    12, 97.80, 97.90,HS    , -0.10,  0.000,  0.00,  0.000,  0.000,  0.000,  0.000
840003287325010,  9802, 6,15:38:35,15:39:10,    35, 97.60, 97.30,LS    ,  0.30,  0.000,  0.00,  0.000,  0.000,  0.000,  0.000
840003205049675,  9789,16,15:38:13,15:39:10,    57, 93.90, 93.40,HS    ,  0.50,  0.000,  0.00,  0.000,  0.000,  0.000,  0.000
840003250681783,  1768,72,15:19:07,15:39:19,  1212, 67.99, 64.60,TEST  ,  3.39,  0.000,  0.00,  0.000,  0.000,  0.000,  0.000
840003205049610,  9724,13,15:39:11,15:39:18,     7, 96.50, 96.50,HS    ,  0.00,  0.000,  0.00,  0.000,  0.000,  0.000,  0.000
840003218920901,  1143,28,15:36:58,15:39:25,   147, 91.50, 90.50,LS    ,  1.00,  0.000,  0.00,  0.000,  0.000,  0.000,  0.000
840003234513964,  1572, 9,15:38:44,15:39:26,    42,106.50,106.10,HS    ,  0.40,  0.000,  0.00,  0.000,  0.000,  0.000,  0.000
840003287325010,  9802, 8,15:39:23,15:39:31,     8,102.60,102.60,HS    ,  0.00,  0.000,  0.00,  0.000,  0.000,  0.000,  0.000
840003268256515,  1097,77,15:39:28,15:39:36,     8, 81.33, 81.30,TEST  ,  0.03,  0.000,  0.00,  0.000,  0.000,  0.000,  0.000
840003287324973,  9890,25,15:39:17,15:39:32,    15, 94.30, 94.10,LS    ,  0.20,  0.000,  0.00,  0.000,  0.000,  0.000,  0.000
840003234513937,  1545,10,15:38:56,15:39:34,    38, 91.70, 90.90,LS    ,  0.80,  0.000,  0.00,  0.000,  0.000,  0.000,  0.000
840003234513847,  1455,74,15:32:09,15:39:40,   451, 58.53, 55.17,TEST  ,  3.36,  0.000,  0.00,  0.000,  0.000,  0.000,  0.000
840003268256441,  1148,30,15:39:05,15:39:38,    33, 94.80, 94.50,HS    ,  0.30,  0.000,  0.00,  0.000,  0.000,  0.000,  0.000
840003234513990,  1598,21,15:39:26,15:39:37,    11, 98.00, 97.80,HS    ,  0.20,  0.000,  0.00,  0.000,  0.000,  0.000,  0.000
840003287324998,  9295,79,15:39:50,15:39:59,     9, 71.33, 71.31,TEST  ,  0.02,  0.000,  0.00,  0.000,  0.000,  0.000,  0.000
840003287325010,  9802, 9,15:39:37,15:40:00,    23,106.10,106.00,HS    ,  0.10,  0.000,  0.00,  0.000,  0.000,  0.000,  0.000
840003274076179,  8966,75,15:30:09,15:40:09,   600, 62.86, 59.48,TEST  ,  3.38,  0.000,  0.00,  0.000,  0.000,  0.000,  0.000
840003234513973,  1581,31,15:38:06,15:40:06,   120, 90.00, 89.30,LS    ,  0.70,  0.000,  0.00,  0.000,  0.000,  0.000,  0.000
840003250681649,  1634,18,15:32:35,15:40:18,   463, 96.40, 93.70,LS    ,  2.70,  0.000,  0.00,  0.000,  0.000,  0.000,  0.000
840003234513932,  1540, 8,15:39:55,15:40:20,    25,102.50,102.40,HS    ,  0.10,  0.000,  0.00,  0.000,  0.000,  0.000,  0.000
840003250681656,  1641,24,15:36:14,15:40:25,   251, 98.50, 97.20,HS    ,  1.30,  0.000,  0.00,  0.000,  0.000,  0.000,  0.000
840003218920939,  1181, 3,15:38:49,15:40:27,    98, 96.20, 95.50,LS    ,  0.70,  0.000,  0.00,  0.000,  0.000,  0.000,  0.000
840003274076113,  9290, 2,15:39:34,15:40:33,    59, 98.20, 97.90,LS    ,  0.30,  0.000,  0.00,  0.000,  0.000,  0.000,  0.000
840003205049675,  9789,16,15:39:21,15:40:33,    72, 93.40, 92.70,HS    ,  0.70,  0.000,  0.00,  0.000,  0.000,  0.000,  0.000
840003218920920,  1162, 4,15:40:26,15:40:46,    20,103.70,103.20,HS    ,  0.50,  0.000,  0.00,  0.000,  0.000,  0.000,  0.000
840003287325011,  1064,12,15:39:06,15:40:47,   101, 97.60, 96.70,LS    ,  0.90,  0.000,  0.00,  0.000,  0.000,  0.000,  0.000
840003268256460,  9534,29,15:38:23,15:40:49,   146,100.00, 98.50,HS    ,  1.50,  0.000,  0.00,  0.000,  0.000,  0.000,  0.000
840003218920983,  1225,25,15:40:15,15:40:51,    36, 94.10, 93.80,LS    ,  0.30,  0.000,  0.00,  0.000,  0.000,  0.000,  0.000
840003234513987,  1595,26,15:40:10,15:41:10,    60, 97.50, 97.10,HS    ,  0.40,  0.000,  0.00,  0.000,  0.000,  0.000,  0.000
840003218920882,  1124,16,15:41:10,15:41:14,     4, 92.60, 92.70,HS    , -0.10,  0.000,  0.00,  0.000,  0.000,  0.000,  0.000
840003234513937,  1545,10,15:40:19,15:41:16,    57, 90.60, 89.90,LS    ,  0.70,  0.000,  0.00,  0.000,  0.000,  0.000,  0.000
840003234513972,  1580,14,15:41:09,15:41:19,    10, 99.80, 99.80,HS    ,  0.00,  0.000,  0.00,  0.000,  0.000,  0.000,  0.000
840003205049675,  9789,21,15:40:57,15:41:33,    36, 97.80, 97.60,HS    ,  0.20,  0.000,  0.00,  0.000,  0.000,  0.000,  0.000
840003250681820,  1805,81,15:19:31,15:41:38,  1327, 60.21, 54.21,TEST  ,  6.00,  0.000,  0.00,  0.000,  0.000,  0.000,  0.000
840003274076119,  9867,27,15:36:54,15:41:33,   279, 98.20, 95.10,LS    ,  3.10,  0.000,  0.00,  0.000,  0.000,  0.000,  0.000
840003218920920,  1162, 4,15:41:28,15:41:58,    30,103.20,103.00,HS    ,  0.20,  0.000,  0.00,  0.000,  0.000,  0.000,  0.000
840003218920939,  1181, 2,15:40:42,15:42:08,    86, 97.90, 97.10,LS    ,  0.80,  0.000,  0.00,  0.000,  0.000,  0.000,  0.000
840003274076149,  9436,28,15:39:34,15:42:14,   160, 90.50, 88.70,LS    ,  1.80,  0.000,  0.00,  0.000,  0.000,  0.000,  0.000
840003234513987,  1595,26,15:41:38,15:42:15,    37, 96.90, 96.70,HS    ,  0.20,  0.000,  0.00,  0.000,  0.000,  0.000,  0.000
840003274076113,  9290, 3,15:40:48,15:42:15,    87, 95.50, 95.10,LS    ,  0.40,  0.000,  0.00,  0.000,  0.000,  0.000,  0.000
840003268256482,  9300, 7,15:38:14,15:42:15,   241,100.70, 99.20,LS    ,  1.50,  0.000,  0.00,  0.000,  0.000,  0.000,  0.000
840003234513972,  1580,13,15:41:26,15:42:16,    50, 96.50, 96.30,HS    ,  0.20,  0.000,  0.00,  0.000,  0.000,  0.000,  0.000
840003287325010,  9802,22,15:40:55,15:42:22,    87, 96.90, 96.20,HS    ,  0.70,  0.000,  0.00,  0.000,  0.000,  0.000,  0.000
840003268256515,  1097,77,15:39:36,15:42:27,   171, 81.30, 80.33,TEST  ,  0.97,  0.000,  0.00,  0.000,  0.000,  0.000,  0.000
840003287325011,  1064,12,15:40:57,15:42:24,    87, 96.60, 96.00,LS    ,  0.60,  0.000,  0.00,  0.000,  0.000,  0.000,  0.000
840003268256515,  1097,77,15:42:28,15:42:37,     9, 80.33, 80.23,TEST  ,  0.10,  0.000,  0.00,  0.000,  0.000,  0.000,  0.000
840003250681681,  1666, 1,15:34:40,15:42:34,   474,101.20, 98.70,HS    ,  2.50,  0.000,  0.00,  0.000,  0.000,  0.000,  0.000
840003218920882,  1124,21,15:41:43,15:42:37,    54, 97.60, 97.30,HS    ,  0.30,  0.000,  0.00,  0.000,  0.000,  0.000,  0.000
840003205049675,  9789,24,15:41:46,15:42:39,    53, 97.20, 96.80,HS    ,  0.40,  0.000,  0.00,  0.000,  0.000,  0.000,  0.000
840003274076119,  9867,27,15:41:58,15:42:42,    44, 95.10, 94.90,LS    ,  0.20,  0.000,  0.00,  0.000,  0.000,  0.000,  0.000
840003234513991,  1599,20,15:37:43,15:42:44,   301, 90.10, 86.60,LS    ,  3.50,  0.000,  0.00,  0.000,  0.000,  0.000,  0.000
840003250681649,  1634,15,15:41:20,15:42:46,    86, 95.70, 95.30,LS    ,  0.40,  0.000,  0.00,  0.000,  0.000,  0.000,  0.000
840003234513826,  1434,11,15:37:35,15:42:48,   313, 98.90, 97.20,LS    ,  1.70,  0.000,  0.00,  0.000,  0.000,  0.000,  0.000
840003250681646,  1631,32,15:38:38,15:42:51,   253, 86.40, 84.90,HS    ,  1.50,  0.000,  0.00,  0.000,  0.000,  0.000,  0.000
840003250681640,  1625,26,15:42:28,15:43:01,    33, 96.80, 96.50,HS    ,  0.30,  0.000,  0.00,  0.000,  0.000,  0.000,  0.000
840003274076179,  8966,78,15:40:44,15:43:14,   150, 67.36, 66.41,TEST  ,  0.95,  0.000,  0.00,  0.000,  0.000,  0.000,  0.000
840003234513990,  1598,25,15:41:09,15:43:19,   130, 93.80, 92.80,LS    ,  1.00,  0.000,  0.00,  0.000,  0.000,  0.000,  0.000
840003205049610,  9724,12,15:42:42,15:43:36,    54, 95.90, 95.60,LS    ,  0.30,  0.000,  0.00,  0.000,  0.000,  0.000,  0.000
840003218920983,  1225,22,15:43:31,15:43:39,     8, 96.20, 95.90,HS    ,  0.30,  0.000,  0.00,  0.000,  0.000,  0.000,  0.000
840003268256460,  9534,32,15:43:11,15:43:42,    31, 84.90, 84.60,HS    ,  0.30,  0.000,  0.00,  0.000,  0.000,  0.000,  0.000
840003274076149,  9436,28,15:42:47,15:44:01,    74, 88.70, 88.00,LS    ,  0.70,  0.000,  0.00,  0.000,  0.000,  0.000,  0.000
840003287324980,  1557,14,15:44:02,15:44:09,     7, 99.70, 99.80,HS    , -0.10,  0.000,  0.00,  0.000,  0.000,  0.000,  0.000
840003274076117,  9785, 6,15:39:19,15:44:13,   294, 97.30, 95.10,LS    ,  2.20,  0.000,  0.00,  0.000,  0.000,  0.000,  0.000
840003287325011,  1064,13,15:42:28,15:44:13,   105, 96.30, 95.60,HS    ,  0.70,  0.000,  0.00,  0.000,  0.000,  0.000,  0.000
840003205049610,  9724,12,15:44:11,15:44:14,     3, 95.30, 95.30,LS    ,  0.00,  0.000,  0.00,  0.000,  0.000,  0.000,  0.000
840003250681644,  1629,16,15:42:33,15:44:14,   101, 92.60, 92.20,HS    ,  0.40,  0.000,  0.00,  0.000,  0.000,  0.000,  0.000
840003268256482,  9300,11,15:43:02,15:44:20,    78, 97.20, 96.80,LS    ,  0.40,  0.000,  0.00,  0.000,  0.000,  0.000,  0.000
840003234513972,  1580,15,15:42:56,15:44:21,    85, 95.30, 94.80,LS    ,  0.50,  0.000,  0.00,  0.000,  0.000,  0.000,  0.000
840003268256516,  9779,10,15:42:03,15:44:26,   143, 89.40, 88.20,LS    ,  1.20,  0.000,  0.00,  0.000,  0.000,  0.000,  0.000
840003234513964,  1572, 9,15:40:13,15:44:28,   255,106.00,104.50,HS    ,  1.50,  0.000,  0.00,  0.000,  0.000,  0.000,  0.000
840003250681656,  1641,29,15:40:59,15:44:44,   225, 98.50, 97.40,HS    ,  1.10,  0.000,  0.00,  0.000,  0.000,  0.000,  0.000
840003218920820,  1062,19,15:35:31,15:44:50,   559, 97.40, 94.80,LS    ,  2.60,  0.000,  0.00,  0.000,  0.000,  0.000,  0.000
840003287325011,  1064,10,15:44:41,15:44:52,    11, 88.10, 87.90,LS    ,  0.20,  0.000,  0.00,  0.000,  0.000,  0.000,  0.000
840003268256460,  9534,28,15:44:14,15:44:53,    39, 88.00, 87.50,LS    ,  0.50,  0.000,  0.00,  0.000,  0.000,  0.000,  0.000
840003250681783,  1768,73,15:39:51,15:45:03,   312, 53.05, 52.09,TEST  ,  0.96,  0.000,  0.00,  0.000,  0.000,  0.000,  0.000
840003218920920,  1162, 3,15:42:42,15:45:11,   149, 95.10, 94.20,LS    ,  0.90,  0.000,  0.00,  0.000,  0.000,  0.000,  0.000
840003287324973,  9890,17,15:41:36,15:45:15,   219, 96.20, 95.20,HS    ,  1.00,  0.000,  0.00,  0.000,  0.000,  0.000,  0.000
840003218920939,  1181, 7,15:42:42,15:45:20,   158, 99.10, 97.90,LS    ,  1.20,  0.000,  0.00,  0.000,  0.000,  0.000,  0.000
840003274076179,  8966,78,15:43:39,15:45:29,   110, 66.39, 65.80,TEST  ,  0.59,  0.000,  0.00,  0.000,  0.000,  0.000,  0.000
840003287325010,  9802,20,15:42:56,15:45:30,   154, 86.70, 86.80,LS    , -0.10,  0.000,  0.00,  0.000,  0.000,  0.000,  0.000
840003218920920,  1162, 2,15:45:18,15:45:35,    17, 97.10, 96.90,LS    ,  0.20,  0.000,  0.00,  0.000,  0.000,  0.000,  0.000
840003287325011,  1064, 9,15:45:03,15:45:38,    35,104.60,104.20,HS    ,  0.40,  0.000,  0.00,  0.000,  0.000,  0.000,  0.000
840003250681644,  1629,15,15:44:32,15:45:39,    67, 94.80, 94.10,LS    ,  0.70,  0.000,  0.00,  0.000,  0.000,  0.000,  0.000
840003274076119,  9867,25,15:43:28,15:45:38,   130, 92.80, 91.90,LS    ,  0.90,  0.000,  0.00,  0.000,  0.000,  0.000,  0.000
840003250681791,  1776,83,15:37:37,15:45:52,   495, 31.57, 29.85,TEST  ,  1.72,  0.000,  0.00,  0.000,  0.000,  0.000,  0.000
840003218920882,  1124,21,15:42:51,15:45:48,   177, 97.30, 95.80,HS    ,  1.50,  0.000,  0.00,  0.000,  0.000,  0.000,  0.000
840003250681681,  1666, 7,15:45:38,15:45:49,    11, 97.90, 97.90,LS    ,  0.00,  0.000,  0.00,  0.000,  0.000,  0.000,  0.000
840003250681638,  1623,23,15:39:11,15:45:50,   399, 93.10, 89.10,LS    ,  4.00,  0.000,  0.00,  0.000,  0.000,  0.000,  0.000
840003250681669,  1654, 1,15:44:41,15:45:51,    70, 98.60, 98.40,HS    ,  0.20,  0.000,  0.00,  0.000,  0.000,  0.000,  0.000
840003234513937,  1545, 8,15:42:44,15:45:55,   191,102.50,101.30,HS    ,  1.20,  0.000,  0.00,  0.000,  0.000,  0.000,  0.000
840003268256516,  9779,10,15:45:35,15:45:56,    21, 87.20, 87.10,LS    ,  0.10,  0.000,  0.00,  0.000,  0.000,  0.000,  0.000
840003268256441,  1148,31,15:40:17,15:46:04,   347, 89.30, 86.50,LS    ,  2.80,  0.000,  0.00,  0.000,  0.000,  0.000,  0.000
840003218920939,  1181, 2,15:46:04,15:46:09,     5, 97.00, 96.90,LS    ,  0.10,  0.000,  0.00,  0.000,  0.000,  0.000,  0.000
840003250681649,  1634, 6,15:45:09,15:46:18,    69, 95.10, 94.90,LS    ,  0.20,  0.000,  0.00,  0.000,  0.000,  0.000,  0.000
840003287324998,  9295,80,15:40:03,15:46:31,   388, 67.91, 65.78,TEST  ,  2.13,  0.000,  0.00,  0.000,  0.000,  0.000,  0.000
840003250681644,  1629,15,15:45:58,15:46:45,    47, 94.10, 93.60,LS    ,  0.50,  0.000,  0.00,  0.000,  0.000,  0.000,  0.000
840003234513937,  1545,10,15:46:15,15:46:47,    32, 86.80, 86.60,LS    ,  0.20,  0.000,  0.00,  0.000,  0.000,  0.000,  0.000
840003268256460,  9534,25,15:45:50,15:46:51,    61, 91.90, 91.20,LS    ,  0.70,  0.000,  0.00,  0.000,  0.000,  0.000,  0.000
840003234513987,  1595,24,15:42:48,15:46:56,   248, 96.80, 95.60,HS    ,  1.20,  0.000,  0.00,  0.000,  0.000,  0.000,  0.000
840003234513991,  1599, 3,15:46:46,15:47:04,    18, 94.20, 94.10,LS    ,  0.10,  0.000,  0.00,  0.000,  0.000,  0.000,  0.000
840003218920939,  1181, 1,15:46:15,15:47:09,    54, 98.40, 98.10,HS    ,  0.30,  0.000,  0.00,  0.000,  0.000,  0.000,  0.000
840003234513826,  1434,17,15:47:04,15:47:10,     6, 95.20, 95.20,HS    ,  0.00,  0.000,  0.00,  0.000,  0.000,  0.000,  0.000
840003205049521,  9635, 7,15:47:03,15:47:14,    11, 97.90, 97.80,LS    ,  0.10,  0.000,  0.00,  0.000,  0.000,  0.000,  0.000
840003205049675,  9789,20,15:46:13,15:47:21,    68, 86.70, 86.10,LS    ,  0.60,  0.000,  0.00,  0.000,  0.000,  0.000,  0.000
840003218920882,  1124,22,15:45:53,15:47:21,    88, 95.90, 95.40,HS    ,  0.50,  0.000,  0.00,  0.000,  0.000,  0.000,  0.000
840003268256482,  9300,19,15:45:02,15:47:29,   147, 94.80, 94.00,LS    ,  0.80,  0.000,  0.00,  0.000,  0.000,  0.000,  0.000
840003274076113,  9290, 2,15:46:52,15:47:31,    39, 97.00, 96.70,LS    ,  0.30,  0.000,  0.00,  0.000,  0.000,  0.000,  0.000
840003274076135,  1033, 4,15:42:43,15:47:50,   307,102.90,101.40,HS    ,  1.50,  0.000,  0.00,  0.000,  0.000,  0.000,  0.000
840003287325010,  9802,21,15:45:58,15:47:55,   117, 95.80, 95.00,HS    ,  0.80,  0.000,  0.00,  0.000,  0.000,  0.000,  0.000
840003205049675,  9789,19,15:47:39,15:47:57,    18, 94.00, 93.90,LS    ,  0.10,  0.000,  0.00,  0.000,  0.000,  0.000,  0.000
840003205049588,  9702, 5,15:39:43,15:47:58,   495,100.10, 97.60,HS    ,  2.50,  0.000,  0.00,  0.000,  0.000,  0.000,  0.000
840003287325011,  1064,12,15:45:53,15:48:07,   134, 95.50, 94.30,LS    ,  1.20,  0.000,  0.00,  0.000,  0.000,  0.000,  0.000
840003268256516,  9779, 9,15:46:08,15:48:14,   126,104.20,103.50,HS    ,  0.70,  0.000,  0.00,  0.000,  0.000,  0.000,  0.000
840003234513937,  1545,10,15:47:32,15:48:19,    47, 86.00, 85.50,LS    ,  0.50,  0.000,  0.00,  0.000,  0.000,  0.000,  0.000
840003287324973,  9890, 9,15:48:23,15:48:30,     7,103.50,103.50,HS    ,  0.00,  0.000,  0.00,  0.000,  0.000,  0.000,  0.000
840003234513826,  1434,25,15:47:31,15:48:44,    73, 91.30, 90.80,LS    ,  0.50,  0.000,  0.00,  0.000,  0.000,  0.000,  0.000
840003287325011,  1064,10,15:48:30,15:48:45,    15, 85.50, 85.20,LS    ,  0.30,  0.000,  0.00,  0.000,  0.000,  0.000,  0.000
840003205049610,  9724,13,15:44:56,15:48:45,   229, 95.60, 94.30,HS    ,  1.30,  0.000,  0.00,  0.000,  0.000,  0.000,  0.000
840003268256482,  9300,12,15:48:18,15:48:46,    28, 94.10, 94.30,LS    , -0.20,  0.000,  0.00,  0.000,  0.000,  0.000,  0.000
840003274076149,  9436,26,15:44:19,15:48:48,   269, 96.50, 94.00,HS    ,  2.50,  0.000,  0.00,  0.000,  0.000,  0.000,  0.000
840003250681674,  1659,10,15:49:28,15:49:34,     6, 84.70, 84.70,LS    ,  0.00,  0.000,  0.00,  0.000,  0.000,  0.000,  0.000
840003250681644,  1629,16,15:47:10,15:49:45,   155, 92.20, 91.40,HS    ,  0.80,  0.000,  0.00,  0.000,  0.000,  0.000,  0.000
840003218920932,  1174,17,15:47:25,15:49:56,   151, 95.20, 94.10,HS    ,  1.10,  0.000,  0.00,  0.000,  0.000,  0.000,  0.000
840003287325010,  9802,20,15:48:01,15:50:10,   129, 86.10, 85.70,LS    ,  0.40,  0.000,  0.00,  0.000,  0.000,  0.000,  0.000
840003287325011,  1064, 9,15:48:49,15:50:22,    93,103.50,102.90,HS    ,  0.60,  0.000,  0.00,  0.000,  0.000,  0.000,  0.000
840003218920901,  1143,18,15:40:29,15:50:30,   601, 93.70, 90.10,LS    ,  3.60,  0.000,  0.00,  0.000,  0.000,  0.000,  0.000
840003250681644,  1629,17,15:50:06,15:50:49,    43, 94.10, 93.90,HS    ,  0.20,  0.000,  0.00,  0.000,  0.000,  0.000,  0.000
840003250681674,  1659, 9,15:50:30,15:50:57,    27,102.90,102.90,HS    ,  0.00,  0.000,  0.00,  0.000,  0.000,  0.000,  0.000
840003218920920,  1162,15,15:46:56,15:51:04,   248, 93.60, 92.00,LS    ,  1.60,  0.000,  0.00,  0.000,  0.000,  0.000,  0.000
840003287325010,  9802,25,15:50:43,15:51:07,    24, 90.80, 90.60,LS    ,  0.20,  0.000,  0.00,  0.000,  0.000,  0.000,  0.000
840003234513826,  1434,26,15:49:32,15:51:11,    99, 93.90, 93.30,HS    ,  0.60,  0.000,  0.00,  0.000,  0.000,  0.000,  0.000
840003234513990,  1598,27,15:43:37,15:51:16,   459, 94.80, 92.00,LS    ,  2.80,  0.000,  0.00,  0.000,  0.000,  0.000,  0.000
840003268256482,  9300,10,15:50:07,15:51:15,    68, 84.50, 84.20,LS    ,  0.30,  0.000,  0.00,  0.000,  0.000,  0.000,  0.000
840003287324980,  1557, 8,15:49:02,15:51:39,   157,101.30,100.00,HS    ,  1.30,  0.000,  0.00,  0.000,  0.000,  0.000,  0.000
840003268256516,  9779,12,15:48:56,15:51:57,   181, 93.90, 92.30,LS    ,  1.60,  0.000,  0.00,  0.000,  0.000,  0.000,  0.000
840003250681644,  1629,18,15:50:56,15:52:09,    73, 90.10, 89.40,LS    ,  0.70,  0.000,  0.00,  0.000,  0.000,  0.000,  0.000
840003250681783,  1768,74,15:45:42,15:52:13,   391, 55.17, 53.97,TEST  ,  1.20,  0.000,  0.00,  0.000,  0.000,  0.000,  0.000
840003218920939,  1181, 2,15:47:52,15:52:54,   302, 96.70, 94.60,LS    ,  2.10,  0.000,  0.00,  0.000,  0.000,  0.000,  0.000
840003268256516,  9779,12,15:52:28,15:52:55,    27, 92.40, 91.80,LS    ,  0.60,  0.000,  0.00,  0.000,  0.000,  0.000,  0.000
840003250681669,  1654, 1,15:48:09,15:53:01,   292, 98.20, 96.60,HS    ,  1.60,  0.000,  0.00,  0.000,  0.000,  0.000,  0.000
840003287324980,  1557,10,15:52:59,15:53:02,     3, 83.40, 83.00,LS    ,  0.40,  0.000,  0.00,  0.000,  0.000,  0.000,  0.000
840003218920882,  1124,31,15:51:21,15:53:13,   112, 86.60, 86.40,LS    ,  0.20,  0.000,  0.00,  0.000,  0.000,  0.000,  0.000
840003218920939,  1181, 1,15:53:21,15:53:27,     6, 96.60, 96.60,HS    ,  0.00,  0.000,  0.00,  0.000,  0.000,  0.000,  0.000
840003287324993,  9134,69,15:42:13,15:53:39,   686, 39.50, 35.27,TEST  ,  4.23,  0.000,  0.00,  0.000,  0.000,  0.000,  0.000
840003234513923,  1531,30,15:40:13,15:53:35,   802, 94.50, 90.90,HS    ,  3.60,  0.000,  0.00,  0.000,  0.000,  0.000,  0.000
840003287325011,  1064, 8,15:53:38,15:53:48,    10,100.10,100.10,HS    ,  0.00,  0.000,  0.00,  0.000,  0.000,  0.000,  0.000
840003250681644,  1629,18,15:52:37,15:53:49,    72, 89.40, 88.50,LS    ,  0.90,  0.000,  0.00,  0.000,  0.000,  0.000,  0.000
840003268256482,  9300, 9,15:53:19,15:53:51,    32,102.90,102.80,HS    ,  0.10,  0.000,  0.00,  0.000,  0.000,  0.000,  0.000
840003250681640,  1625,32,15:44:33,15:53:51,   558, 84.70, 81.90,HS    ,  2.80,  0.000,  0.00,  0.000,  0.000,  0.000,  0.000
840003250681656,  1641,29,15:45:11,15:53:56,   525, 97.40, 95.10,HS    ,  2.30,  0.000,  0.00,  0.000,  0.000,  0.000,  0.000
840003234513991,  1599, 7,15:47:26,15:54:05,   399, 97.80, 96.00,LS    ,  1.80,  0.000,  0.00,  0.000,  0.000,  0.000,  0.000
840003268256516,  9779,12,15:53:36,15:54:13,    37, 91.80, 91.50,LS    ,  0.30,  0.000,  0.00,  0.000,  0.000,  0.000,  0.000
840003287325011,  1064, 9,15:54:00,15:54:16,    16,102.80,102.80,HS    ,  0.00,  0.000,  0.00,  0.000,  0.000,  0.000,  0.000
840003234513826,  1434,27,15:51:26,15:54:23,   177, 92.00, 90.90,LS    ,  1.10,  0.000,  0.00,  0.000,  0.000,  0.000,  0.000
840003234513920,  1528,71,15:29:18,15:54:34,  1516, 50.77, 43.10,TEST  ,  7.67,  0.000,  0.00,  0.000,  0.000,  0.000,  0.000
840003218920882,  1124,29,15:54:06,15:54:38,    32, 95.10, 94.90,HS    ,  0.20,  0.000,  0.00,  0.000,  0.000,  0.000,  0.000
840003287324980,  1557,10,15:54:18,15:54:44,    26, 82.50, 82.20,LS    ,  0.30,  0.000,  0.00,  0.000,  0.000,  0.000,  0.000
840003268256460,  9534,24,15:47:06,15:54:54,   468, 95.60, 92.60,HS    ,  3.00,  0.000,  0.00,  0.000,  0.000,  0.000,  0.000
840003234513852,  1460,67,15:48:34,15:55:00,   386, 46.71, 44.39,TEST  ,  2.32,  0.000,  0.00,  0.000,  0.000,  0.000,  0.000
840003250681644,  1629,18,15:54:23,15:54:58,    35, 88.60, 88.40,LS    ,  0.20,  0.000,  0.00,  0.000,  0.000,  0.000,  0.000
840003268256516,  9779,12,15:54:49,15:55:03,    14, 91.50, 91.10,LS    ,  0.40,  0.000,  0.00,  0.000,  0.000,  0.000,  0.000
840003250681646,  1631,21,15:48:04,15:55:15,   431, 95.00, 91.90,HS    ,  3.10,  0.000,  0.00,  0.000,  0.000,  0.000,  0.000
840003205049610,  9724,13,15:49:11,15:55:21,   370, 94.20, 91.90,HS    ,  2.30,  0.000,  0.00,  0.000,  0.000,  0.000,  0.000
840003274076119,  9867,23,15:45:59,15:55:30,   571, 89.10, 85.80,LS    ,  3.30,  0.000,  0.00,  0.000,  0.000,  0.000,  0.000
840003205049675,  9789,14,15:48:39,15:55:35,   416, 99.70, 96.00,HS    ,  3.70,  0.000,  0.00,  0.000,  0.000,  0.000,  0.000
840003234513826,  1434,29,15:54:51,15:55:44,    53, 94.70, 94.40,HS    ,  0.30,  0.000,  0.00,  0.000,  0.000,  0.000,  0.000
840003250681674,  1659,10,15:55:39,15:55:47,     8, 81.80, 81.80,LS    ,  0.00,  0.000,  0.00,  0.000,  0.000,  0.000,  0.000
840003287324973,  9890, 5,15:49:00,15:56:00,   420, 97.60, 95.60,HS    ,  2.00,  0.000,  0.00,  0.000,  0.000,  0.000,  0.000
840003234513991,  1599, 8,15:55:18,15:56:01,    43,100.00, 99.80,HS    ,  0.20,  0.000,  0.00,  0.000,  0.000,  0.000,  0.000
840003218920882,  1124,24,15:55:05,15:56:04,    59, 92.60, 92.30,HS    ,  0.30,  0.000,  0.00,  0.000,  0.000,  0.000,  0.000
840003250681681,  1666, 4,15:48:14,15:56:15,   481,101.30, 99.00,HS    ,  2.30,  0.000,  0.00,  0.000,  0.000,  0.000,  0.000
840003250681656,  1641,31,15:54:38,15:56:20,   102, 86.40, 86.20,LS    ,  0.20,  0.000,  0.00,  0.000,  0.000,  0.000,  0.000
840003234513826,  1434,30,15:55:56,15:56:27,    31, 90.90, 90.60,HS    ,  0.30,  0.000,  0.00,  0.000,  0.000,  0.000,  0.000
840003250681644,  1629,21,15:55:25,15:56:29,    64, 91.90, 91.70,HS    ,  0.20,  0.000,  0.00,  0.000,  0.000,  0.000,  0.000
840003218920901,  1143,20,15:50:47,15:56:34,   347, 85.70, 75.80,LS    ,  9.90,  0.000,  0.00,  0.000,  0.000,  0.000,  0.000
840003250681640,  1625,32,15:54:24,15:56:39,   135, 81.90, 81.10,HS    ,  0.80,  0.000,  0.00,  0.000,  0.000,  0.000,  0.000
840003287324980,  1557,10,15:56:13,15:56:46,    33, 82.30, 81.40,LS    ,  0.90,  0.000,  0.00,  0.000,  0.000,  0.000,  0.000
840003287325011,  1064, 9,15:55:14,15:56:49,    95,102.80,102.30,HS    ,  0.50,  0.000,  0.00,  0.000,  0.000,  0.000,  0.000
840003234513991,  1599, 8,15:56:14,15:56:49,    35, 99.90, 99.60,HS    ,  0.30,  0.000,  0.00,  0.000,  0.000,  0.000,  0.000
840003274076119,  9867,24,15:56:14,15:56:52,    38, 92.30, 91.80,HS    ,  0.50,  0.000,  0.00,  0.000,  0.000,  0.000,  0.000
840003234513826,  1434,30,15:56:43,15:57:10,    27, 90.60, 90.30,HS    ,  0.30,  0.000,  0.00,  0.000,  0.000,  0.000,  0.000
840003250681656,  1641,31,15:57:12,15:57:40,    28, 86.20, 86.20,LS    ,  0.00,  0.000,  0.00,  0.000,  0.000,  0.000,  0.000
840003218920932,  1174,16,15:50:22,15:57:42,   440, 91.40, 88.10,HS    ,  3.30,  0.000,  0.00,  0.000,  0.000,  0.000,  0.000
840003234513937,  1545, 9,15:57:11,15:57:49,    38,102.20,102.10,HS    ,  0.10,  0.000,  0.00,  0.000,  0.000,  0.000,  0.000
840003287325010,  9802,26,15:51:22,15:58:20,   418, 93.20, 90.80,HS    ,  2.40,  0.000,  0.00,  0.000,  0.000,  0.000,  0.000
840003274076119,  9867,24,15:57:38,15:58:25,    47, 91.80, 91.30,HS    ,  0.50,  0.000,  0.00,  0.000,  0.000,  0.000,  0.000
840003268256460,  9534,25,15:55:24,15:58:28,   184, 90.60, 89.10,LS    ,  1.50,  0.000,  0.00,  0.000,  0.000,  0.000,  0.000
840003268256516,  9779,13,15:55:34,15:58:37,   183, 91.90, 90.80,HS    ,  1.10,  0.000,  0.00,  0.000,  0.000,  0.000,  0.000
840003250681644,  1629,20,15:56:47,15:58:41,   114, 75.90, 75.50,LS    ,  0.40,  0.000,  0.00,  0.000,  0.000,  0.000,  0.000
840003274076119,  9867,24,15:58:49,15:59:06,    17, 91.30, 91.00,HS    ,  0.30,  0.000,  0.00,  0.000,  0.000,  0.000,  0.000
840003287325011,  1064, 9,15:57:59,15:59:07,    68,102.10,101.60,HS    ,  0.50,  0.000,  0.00,  0.000,  0.000,  0.000,  0.000
840003287324980,  1557,12,15:57:37,15:59:08,    91, 91.20, 90.90,LS    ,  0.30,  0.000,  0.00,  0.000,  0.000,  0.000,  0.000
840003234513937,  1545,10,15:58:20,15:59:11,    51, 79.70, 79.50,LS    ,  0.20,  0.000,  0.00,  0.000,  0.000,  0.000,  0.000
840003287325010,  9802,25,15:58:43,15:59:22,    39, 88.80, 88.70,LS    ,  0.10,  0.000,  0.00,  0.000,  0.000,  0.000,  0.000
840003218920882,  1124,21,15:56:40,15:59:25,   165, 91.70, 90.70,HS    ,  1.00,  0.000,  0.00,  0.000,  0.000,  0.000,  0.000
840003287325011,  1064,10,15:59:21,15:59:31,    10, 79.20, 79.00,LS    ,  0.20,  0.000,  0.00,  0.000,  0.000,  0.000,  0.000
840003234513973,  1581,28,15:45:04,15:59:47,   883, 87.50, 83.40,LS    ,  4.10,  0.000,  0.00,  0.000,  0.000,  0.000,  0.000
840003274076113,  9290, 3,15:47:51,15:59:48,   717, 94.00, 90.40,LS    ,  3.60,  0.000,  0.00,  0.000,  0.000,  0.000,  0.000
840003250681644,  1629,20,15:59:07,15:59:51,    44, 75.60, 75.00,LS    ,  0.60,  0.000,  0.00,  0.000,  0.000,  0.000,  0.000
982000372939914,  8693,66,15:55:22,15:59:59,   277, 65.52, 63.73,TEST  ,  1.79,  0.000,  0.00,  0.000,  0.000,  0.000,  0.000
840003218920932,  1174,21,15:59:35,15:59:59,    24, 90.70, 90.50,HS    ,  0.20,  0.000,  0.00,  0.000,  0.000,  0.000,  0.000
840003268256460,  9534,23,15:59:32,16:00:11,    39, 85.80, 85.40,LS    ,  0.40,  0.000,  0.00,  0.000,  0.000,  0.000,  0.000
840003218920939,  1181, 2,15:53:47,16:00:14,   387, 94.60, 91.20,LS    ,  3.40,  0.000,  0.00,  0.000,  0.000,  0.000,  0.000
840003234513987,  1595,22,15:47:32,16:00:24,   772, 95.40, 92.30,HS    ,  3.10,  0.000,  0.00,  0.000,  0.000,  0.000,  0.000
840003234513826,  1434,27,15:57:46,16:00:27,   161, 90.90, 90.00,LS    ,  0.90,  0.000,  0.00,  0.000,  0.000,  0.000,  0.000
840003250681669,  1654, 1,15:55:27,16:00:31,   304, 96.60, 94.70,HS    ,  1.90,  0.000,  0.00,  0.000,  0.000,  0.000,  0.000
840003234513923,  1531,32,15:59:19,16:00:32,    73, 81.10, 81.00,HS    ,  0.10,  0.000,  0.00,  0.000,  0.000,  0.000,  0.000
840003234513990,  1598,31,15:58:20,16:00:41,   141, 86.20, 85.20,LS    ,  1.00,  0.000,  0.00,  0.000,  0.000,  0.000,  0.000
840003250681646,  1631,16,15:57:53,16:00:46,   173, 88.10, 87.00,HS    ,  1.10,  0.000,  0.00,  0.000,  0.000,  0.000,  0.000
840003287325010,  9802,24,15:59:32,16:00:47,    75, 91.00, 90.60,HS    ,  0.40,  0.000,  0.00,  0.000,  0.000,  0.000,  0.000
840003218920939,  1181, 1,16:00:41,16:00:51,    10, 94.70, 94.70,HS    ,  0.00,  0.000,  0.00,  0.000,  0.000,  0.000,  0.000
840003234513833,  1441,81,15:48:46,16:01:03,   737, 54.26, 49.77,TEST  ,  4.49,  0.000,  0.00,  0.000,  0.000,  0.000,  0.000
840003268256482,  9300,15,15:55:17,16:01:05,   348, 92.10, 90.10,LS    ,  2.00,  0.000,  0.00,  0.000,  0.000,  0.000,  0.000
840003250681620,  1605,11,15:44:44,16:01:10,   986, 96.80, 93.30,LS    ,  3.50,  0.000,  0.00,  0.000,  0.000,  0.000,  0.000
840003287325010,  9802,27,16:00:59,16:01:15,    16, 90.00, 89.70,LS    ,  0.30,  0.000,  0.00,  0.000,  0.000,  0.000,  0.000
840003205049675,  9789, 5,15:56:23,16:01:29,   306, 95.60, 93.20,HS    ,  2.40,  0.000,  0.00,  0.000,  0.000,  0.000,  0.000
840003268256516,  9779,12,15:59:18,16:01:31,   133, 90.10, 89.80,LS    ,  0.30,  0.000,  0.00,  0.000,  0.000,  0.000,  0.000
840003250681791,  1776,69,16:01:12,16:01:37,    25, 35.33, 35.27,TEST  ,  0.06,  0.000,  0.00,  0.000,  0.000,  0.000,  0.000
840003234513826,  1434,28,16:00:32,16:01:39,    67, 83.40, 83.00,LS    ,  0.40,  0.000,  0.00,  0.000,  0.000,  0.000,  0.000
840003218920932,  1174,22,16:00:34,16:01:54,    80, 92.30, 91.80,HS    ,  0.50,  0.000,  0.00,  0.000,  0.000,  0.000,  0.000
840003287324993,  9134,70,15:53:43,16:02:03,   500, 48.33, 45.65,TEST  ,  2.68,  0.000,  0.00,  0.000,  0.000,  0.000,  0.000
840003218920882,  1124,18,16:00:05,16:02:00,   115, 88.40, 88.20,LS    ,  0.20,  0.000,  0.00,  0.000,  0.000,  0.000,  0.000
840003234513826,  1434,29,16:01:49,16:02:09,    20, 94.40, 94.20,HS    ,  0.20,  0.000,  0.00,  0.000,  0.000,  0.000,  0.000
840003274076119,  9867,25,16:00:01,16:02:16,   135, 88.70, 86.50,LS    ,  2.20,  0.000,  0.00,  0.000,  0.000,  0.000,  0.000
840003218920939,  1181, 2,16:00:57,16:02:23,    86, 91.20, 90.60,LS    ,  0.60,  0.000,  0.00,  0.000,  0.000,  0.000,  0.000
840003218921056,  1298,72,15:52:37,16:02:36,   599, 64.62, 60.32,TEST  ,  4.30,  0.000,  0.00,  0.000,  0.000,  0.000,  0.000
840003234513925,  1533, 3,15:59:58,16:02:33,   155, 90.50, 89.50,LS    ,  1.00,  0.000,  0.00,  0.000,  0.000,  0.000,  0.000
840003268256516,  9779,12,16:01:52,16:02:35,    43, 89.70, 89.20,LS    ,  0.50,  0.000,  0.00,  0.000,  0.000,  0.000,  0.000
840003234513826,  1434,28,16:02:27,16:02:37,    10, 83.00, 82.90,LS    ,  0.10,  0.000,  0.00,  0.000,  0.000,  0.000,  0.000
840003234513778,  1386,68,15:37:53,16:02:47,  1494, 40.21, 32.04,TEST  ,  8.17,  0.000,  0.00,  0.000,  0.000,  0.000,  0.000
840003250681656,  1641,26,15:59:46,16:02:49,   183, 90.30, 89.10,HS    ,  1.20,  0.000,  0.00,  0.000,  0.000,  0.000,  0.000
840003234513991,  1599, 7,15:57:12,16:02:50,   338, 95.90, 94.50,LS    ,  1.40,  0.000,  0.00,  0.000,  0.000,  0.000,  0.000
840003234513937,  1545,13,15:59:34,16:02:56,   202, 90.80, 89.70,HS    ,  1.10,  0.000,  0.00,  0.000,  0.000,  0.000,  0.000
840003234513778,  1386,68,16:02:56,16:03:02,     6, 32.01, 32.02,TEST  , -0.01,  0.000,  0.00,  0.000,  0.000,  0.000,  0.000
840003234513778,  1386,68,16:03:02,16:03:08,     6, 32.02, 32.05,TEST  , -0.03,  0.000,  0.00,  0.000,  0.000,  0.000,  0.000
840003274076113,  9290,11,16:01:20,16:03:06,   106, 93.30, 92.80,LS    ,  0.50,  0.000,  0.00,  0.000,  0.000,  0.000,  0.000
840003287324973,  9890,10,15:59:52,16:03:14,   202, 78.80, 77.50,LS    ,  1.30,  0.000,  0.00,  0.000,  0.000,  0.000,  0.000
840003287325011,  1064, 9,15:59:36,16:03:21,   225,101.60,100.30,HS    ,  1.30,  0.000,  0.00,  0.000,  0.000,  0.000,  0.000
840003250681644,  1629,21,16:00:10,16:03:25,   195, 90.50, 89.70,HS    ,  0.80,  0.000,  0.00,  0.000,  0.000,  0.000,  0.000
840003234513991,  1599,13,16:03:17,16:03:26,     9, 89.60, 89.50,HS    ,  0.10,  0.000,  0.00,  0.000,  0.000,  0.000,  0.000
840003250681819,  1804,77,15:54:19,16:03:47,   568, 80.33, 76.73,TEST  ,  3.60,  0.000,  0.00,  0.000,  0.000,  0.000,  0.000
840003287324973,  9890,12,16:03:44,16:03:56,    12, 89.00, 88.50,LS    ,  0.50,  0.000,  0.00,  0.000,  0.000,  0.000,  0.000
840003234513826,  1434,27,16:03:05,16:03:57,    52, 89.70, 89.40,LS    ,  0.30,  0.000,  0.00,  0.000,  0.000,  0.000,  0.000
840003234513990,  1598,31,16:02:31,16:03:58,    87, 85.20, 84.70,LS    ,  0.50,  0.000,  0.00,  0.000,  0.000,  0.000,  0.000
840003234513991,  1599,13,16:03:51,16:04:01,    10, 89.50, 89.20,HS    ,  0.30,  0.000,  0.00,  0.000,  0.000,  0.000,  0.000
840003250681620,  1605,20,16:01:57,16:04:04,   127, 74.90, 71.80,LS    ,  3.10,  0.000,  0.00,  0.000,  0.000,  0.000,  0.000
840003250681640,  1625,30,15:57:20,16:04:06,   406, 90.30, 88.10,HS    ,  2.20,  0.000,  0.00,  0.000,  0.000,  0.000,  0.000
840003205049610,  9724,14,15:55:45,16:04:19,   514, 96.00, 93.60,HS    ,  2.40,  0.000,  0.00,  0.000,  0.000,  0.000,  0.000
840003234513987,  1595,29,16:02:27,16:04:20,   113, 94.20, 93.70,HS    ,  0.50,  0.000,  0.00,  0.000,  0.000,  0.000,  0.000
840003274076135,  1033,17,15:53:31,16:04:27,   656, 93.90, 90.50,HS    ,  3.40,  0.000,  0.00,  0.000,  0.000,  0.000,  0.000
840003274076119,  9867,26,16:03:38,16:04:42,    64, 89.10, 88.50,HS    ,  0.60,  0.000,  0.00,  0.000,  0.000,  0.000,  0.000
840003205049565,  9679,75,15:48:08,16:04:52,  1004, 59.51, 54.73,TEST  ,  4.78,  0.000,  0.00,  0.000,  0.000,  0.000,  0.000
840003234513937,  1545,12,16:04:26,16:04:48,    22, 88.80, 88.70,LS    ,  0.10,  0.000,  0.00,  0.000,  0.000,  0.000,  0.000
840003218920901,  1143,28,16:02:46,16:04:49,   123, 82.90, 82.00,LS    ,  0.90,  0.000,  0.00,  0.000,  0.000,  0.000,  0.000
840003268256460,  9534,31,16:04:50,16:04:54,     4, 84.60, 84.60,LS    ,  0.00,  0.000,  0.00,  0.000,  0.000,  0.000,  0.000
840003250681674,  1659,16,16:00:56,16:04:53,   237, 87.00, 86.00,HS    ,  1.00,  0.000,  0.00,  0.000,  0.000,  0.000,  0.000
840003234513991,  1599,14,16:04:49,16:04:59,    10, 93.60, 93.40,HS    ,  0.20,  0.000,  0.00,  0.000,  0.000,  0.000,  0.000
840003250681646,  1631,22,16:02:03,16:05:01,   178, 91.80, 90.70,HS    ,  1.10,  0.000,  0.00,  0.000,  0.000,  0.000,  0.000
840003234513833,  1441,74,16:03:13,16:05:12,   119, 53.98, 53.28,TEST  ,  0.70,  0.000,  0.00,  0.000,  0.000,  0.000,  0.000
840003250681644,  1629,20,16:04:16,16:05:11,    55, 71.70, 71.90,LS    , -0.20,  0.000,  0.00,  0.000,  0.000,  0.000,  0.000
840003218920882,  1124,21,16:03:36,16:05:16,   100, 89.70, 89.10,HS    ,  0.60,  0.000,  0.00,  0.000,  0.000,  0.000,  0.000
840003218921056,  1298,72,16:02:55,16:05:25,   150, 60.23, 59.39,TEST  ,  0.84,  0.000,  0.00,  0.000,  0.000,  0.000,  0.000
840003234513826,  1434,22,16:05:12,16:05:21,     9, 90.70, 90.50,HS    ,  0.20,  0.000,  0.00,  0.000,  0.000,  0.000,  0.000
840003287324980,  1557, 2,16:04:42,16:05:24,    42, 90.60, 90.40,LS    ,  0.20,  0.000,  0.00,  0.000,  0.000,  0.000,  0.000
840003268256460,  9534,29,16:05:17,16:05:25,     8, 93.70, 93.20,HS    ,  0.50,  0.000,  0.00,  0.000,  0.000,  0.000,  0.000
840003287324993,  9134,69,16:02:09,16:05:34,   205, 35.36, 34.26,TEST  ,  1.10,  0.000,  0.00,  0.000,  0.000,  0.000,  0.000
840003268256482,  9300,15,16:01:30,16:05:34,   244, 90.10, 88.70,LS    ,  1.40,  0.000,  0.00,  0.000,  0.000,  0.000,  0.000
840003205049675,  9789, 1,16:02:52,16:05:33,   161, 94.70, 93.50,HS    ,  1.20,  0.000,  0.00,  0.000,  0.000,  0.000,  0.000
840003234513893,  1501,76,15:48:51,16:05:42,  1011, 65.65, 60.77,TEST  ,  4.88,  0.000,  0.00,  0.000,  0.000,  0.000,  0.000
840003250681791,  1776,71,16:02:14,16:05:47,   213, 43.08, 42.40,TEST  ,  0.68,  0.000,  0.00,  0.000,  0.000,  0.000,  0.000
840003218920882,  1124,21,16:05:25,16:05:49,    24, 89.10, 89.10,HS    ,  0.00,  0.000,  0.00,  0.000,  0.000,  0.000,  0.000
840003250681640,  1625,32,16:05:07,16:06:00,    53, 81.00, 81.00,HS    ,  0.00,  0.000,  0.00,  0.000,  0.000,  0.000,  0.000
840003250681644,  1629,18,16:05:34,16:06:03,    29, 88.20, 87.90,LS    ,  0.30,  0.000,  0.00,  0.000,  0.000,  0.000,  0.000
840003274076119,  9867,26,16:05:25,16:06:04,    39, 88.50, 88.20,HS    ,  0.30,  0.000,  0.00,  0.000,  0.000,  0.000,  0.000
840003234513923,  1531,17,16:04:36,16:06:08,    92, 90.50, 89.90,HS    ,  0.60,  0.000,  0.00,  0.000,  0.000,  0.000,  0.000
840003287324973,  9890,13,16:04:25,16:06:12,   107, 89.10, 88.70,HS    ,  0.40,  0.000,  0.00,  0.000,  0.000,  0.000,  0.000
840003250681656,  1641,30,16:05:03,16:06:14,    71, 88.10, 87.60,HS    ,  0.50,  0.000,  0.00,  0.000,  0.000,  0.000,  0.000
840003205049675,  9789, 2,16:05:53,16:06:19,    26, 90.40, 90.40,LS    ,  0.00,  0.000,  0.00,  0.000,  0.000,  0.000,  0.000
840003234513826,  1434,20,16:05:50,16:06:26,    36, 71.90, 71.40,LS    ,  0.50,  0.000,  0.00,  0.000,  0.000,  0.000,  0.000
840003250681669,  1654, 5,16:01:40,16:06:29,   289, 93.20, 92.10,HS    ,  1.10,  0.000,  0.00,  0.000,  0.000,  0.000,  0.000
840003274076135,  1033,16,16:05:04,16:06:39,    95, 85.90, 85.30,HS    ,  0.60,  0.000,  0.00,  0.000,  0.000,  0.000,  0.000
840003218920882,  1124,18,16:06:20,16:06:44,    24, 87.90, 87.90,LS    ,  0.00,  0.000,  0.00,  0.000,  0.000,  0.000,  0.000
840003218920932,  1174,24,16:02:23,16:06:47,   264, 90.50, 88.60,HS    ,  1.90,  0.000,  0.00,  0.000,  0.000,  0.000,  0.000
840003250681644,  1629,17,16:06:19,16:06:50,    31, 89.90, 90.00,HS    , -0.10,  0.000,  0.00,  0.000,  0.000,  0.000,  0.000
840003234513991,  1599,15,16:05:54,16:06:51,    57, 88.70, 88.40,LS    ,  0.30,  0.000,  0.00,  0.000,  0.000,  0.000,  0.000
840003205049610,  9724,12,16:06:00,16:07:02,    62, 88.50, 88.10,LS    ,  0.40,  0.000,  0.00,  0.000,  0.000,  0.000,  0.000
840003218920939,  1181, 3,16:02:43,16:07:29,   286, 89.50, 88.20,LS    ,  1.30,  0.000,  0.00,  0.000,  0.000,  0.000,  0.000
840003250681681,  1666, 4,15:56:27,16:07:34,   667, 99.00, 96.20,HS    ,  2.80,  0.000,  0.00,  0.000,  0.000,  0.000,  0.000
840003234513833,  1441,70,16:05:32,16:07:46,   134, 45.64, 45.01,TEST  ,  0.63,  0.000,  0.00,  0.000,  0.000,  0.000,  0.000
840003287324993,  9134,68,16:05:34,16:08:00,   146, 31.99, 31.34,TEST  ,  0.65,  0.000,  0.00,  0.000,  0.000,  0.000,  0.000
840003218920920,  1162, 4,16:07:44,16:07:57,    13, 96.20, 95.80,HS    ,  0.40,  0.000,  0.00,  0.000,  0.000,  0.000,  0.000
840003205049610,  9724,12,16:07:26,16:08:03,    37, 88.20, 87.60,LS    ,  0.60,  0.000,  0.00,  0.000,  0.000,  0.000,  0.000
840003234513852,  1460,67,15:55:01,16:08:10,   789, 44.39, 39.98,TEST  ,  4.41,  0.000,  0.00,  0.000,  0.000,  0.000,  0.000
840003250681674,  1659,21,16:06:00,16:08:13,   133, 89.00, 88.20,HS    ,  0.80,  0.000,  0.00,  0.000,  0.000,  0.000,  0.000
840003234513923,  1531,14,16:07:05,16:08:14,    69, 93.40, 93.20,HS    ,  0.20,  0.000,  0.00,  0.000,  0.000,  0.000,  0.000
840003234513925,  1533, 7,16:03:01,16:08:22,   321, 94.50, 92.10,LS    ,  2.40,  0.000,  0.00,  0.000,  0.000,  0.000,  0.000
840003268256516,  9779,25,16:07:21,16:08:27,    66, 86.50, 86.00,LS    ,  0.50,  0.000,  0.00,  0.000,  0.000,  0.000,  0.000
840003250681637,  1622,16,16:08:04,16:08:35,    31, 85.30, 85.30,HS    ,  0.00,  0.000,  0.00,  0.000,  0.000,  0.000,  0.000
840003218920901,  1143,20,16:06:42,16:08:46,   124, 71.40, 68.70,LS    ,  2.70,  0.000,  0.00,  0.000,  0.000,  0.000,  0.000
840003250681638,  1623, 6,15:49:20,16:08:47,  1167, 94.90, 87.60,LS    ,  7.30,  0.000,  0.00,  0.000,  0.000,  0.000,  0.000
840003274076135,  1033,13,16:06:53,16:08:50,   117, 88.70, 88.00,HS    ,  0.70,  0.000,  0.00,  0.000,  0.000,  0.000,  0.000
840003250681644,  1629,15,16:07:01,16:08:53,   112, 88.40, 87.70,LS    ,  0.70,  0.000,  0.00,  0.000,  0.000,  0.000,  0.000
840003218920939,  1181, 7,16:08:33,16:08:55,    22, 92.10, 92.10,LS    ,  0.00,  0.000,  0.00,  0.000,  0.000,  0.000,  0.000
840003218920820,  1062,19,15:48:21,16:08:54,  1233, 93.90, 88.20,LS    ,  5.70,  0.000,  0.00,  0.000,  0.000,  0.000,  0.000
840003250681620,  1605,23,16:04:20,16:09:25,   305, 85.40, 84.20,LS    ,  1.20,  0.000,  0.00,  0.000,  0.000,  0.000,  0.000
840003211747927,  9898,83,16:06:47,16:09:30,   163, 29.75, 28.86,TEST  ,  0.89,  0.000,  0.00,  0.000,  0.000,  0.000,  0.000
840003234513991,  1599,11,16:07:05,16:09:28,   143, 92.80, 92.20,LS    ,  0.60,  0.000,  0.00,  0.000,  0.000,  0.000,  0.000
840003234513937,  1545, 9,16:05:25,16:09:29,   244,100.30, 98.90,HS    ,  1.40,  0.000,  0.00,  0.000,  0.000,  0.000,  0.000
840003250681673,  1658, 8,15:57:40,16:09:34,   714, 99.60, 96.00,HS    ,  3.60,  0.000,  0.00,  0.000,  0.000,  0.000,  0.000
840003250681791,  1776,65,16:06:36,16:09:49,   193, 72.67, 72.10,TEST  ,  0.57,  0.000,  0.00,  0.000,  0.000,  0.000,  0.000
840003287324980,  1557, 1,16:05:45,16:09:52,   247, 93.50, 91.80,HS    ,  1.70,  0.000,  0.00,  0.000,  0.000,  0.000,  0.000
840003234513826,  1434,18,16:06:56,16:10:02,   186, 87.90, 87.10,LS    ,  0.80,  0.000,  0.00,  0.000,  0.000,  0.000,  0.000
840003287325011,  1064,10,16:03:36,16:10:08,   392, 77.00, 72.70,LS    ,  4.30,  0.000,  0.00,  0.000,  0.000,  0.000,  0.000
840003205049675,  9789, 4,16:08:11,16:10:12,   121, 95.80, 95.00,HS    ,  0.80,  0.000,  0.00,  0.000,  0.000,  0.000,  0.000
840003250681646,  1631,22,16:05:31,16:10:18,   287, 90.50, 88.70,HS    ,  1.80,  0.000,  0.00,  0.000,  0.000,  0.000,  0.000
840003250681637,  1622,15,16:09:19,16:10:21,    62, 87.70, 87.10,LS    ,  0.60,  0.000,  0.00,  0.000,  0.000,  0.000,  0.000
840003250681673,  1658, 1,16:10:08,16:10:30,    22, 91.80, 91.70,HS    ,  0.10,  0.000,  0.00,  0.000,  0.000,  0.000,  0.000
840003218920882,  1124,17,16:07:00,16:10:30,   210, 90.00, 88.60,HS    ,  1.40,  0.000,  0.00,  0.000,  0.000,  0.000,  0.000
840003287324980,  1557, 4,16:10:22,16:10:34,    12, 95.00, 95.00,HS    ,  0.00,  0.000,  0.00,  0.000,  0.000,  0.000,  0.000
840003234513826,  1434,22,16:10:31,16:10:46,    15, 88.40, 88.50,HS    , -0.10,  0.000,  0.00,  0.000,  0.000,  0.000,  0.000
840003250681646,  1631,21,16:10:37,16:10:52,    15, 88.30, 88.20,HS    ,  0.10,  0.000,  0.00,  0.000,  0.000,  0.000,  0.000
840003287325011,  1064,10,16:10:27,16:10:56,    29, 72.50, 72.40,LS    ,  0.10,  0.000,  0.00,  0.000,  0.000,  0.000,  0.000
840003250681674,  1659,26,16:08:51,16:11:15,   144, 88.10, 87.50,HS    ,  0.60,  0.000,  0.00,  0.000,  0.000,  0.000,  0.000
840003218920920,  1162, 6,16:08:57,16:11:27,   150, 87.60, 86.40,LS    ,  1.20,  0.000,  0.00,  0.000,  0.000,  0.000,  0.000
840003218920939,  1181, 7,16:09:09,16:11:32,   143, 92.00, 91.30,LS    ,  0.70,  0.000,  0.00,  0.000,  0.000,  0.000,  0.000
840003250681669,  1654, 5,16:06:49,16:11:38,   289, 92.10, 90.80,HS    ,  1.30,  0.000,  0.00,  0.000,  0.000,  0.000,  0.000
840003234513973,  1581,31,16:05:03,16:11:37,   394, 84.60, 83.20,LS    ,  1.40,  0.000,  0.00,  0.000,  0.000,  0.000,  0.000
840003250681656,  1641,32,16:06:59,16:11:47,   288, 80.90, 79.50,HS    ,  1.40,  0.000,  0.00,  0.000,  0.000,  0.000,  0.000
840003250681673,  1658, 1,16:10:39,16:11:58,    79, 91.70, 91.20,HS    ,  0.50,  0.000,  0.00,  0.000,  0.000,  0.000,  0.000
840003218920920,  1162, 5,16:11:47,16:12:01,    14, 90.70, 90.60,HS    ,  0.10,  0.000,  0.00,  0.000,  0.000,  0.000,  0.000
840003268256460,  9534,29,16:06:05,16:12:03,   358, 93.20, 91.20,HS    ,  2.00,  0.000,  0.00,  0.000,  0.000,  0.000,  0.000
840003250681819,  1804,79,16:03:59,16:12:08,   489, 71.27, 69.07,TEST  ,  2.20,  0.000,  0.00,  0.000,  0.000,  0.000,  0.000
840003287324980,  1557,17,16:11:28,16:12:04,    36, 88.60, 88.30,HS    ,  0.30,  0.000,  0.00,  0.000,  0.000,  0.000,  0.000
840003218920820,  1062,25,16:09:30,16:12:09,   159, 86.00, 84.40,LS    ,  1.60,  0.000,  0.00,  0.000,  0.000,  0.000,  0.000
982000372939914,  8693,60,16:00:40,16:12:23,   703, 85.29, 81.15,TEST  ,  4.14,  0.000,  0.00,  0.000,  0.000,  0.000,  0.000
840003274076179,  8966,61,15:56:16,16:12:23,   967, 74.00, 68.21,TEST  ,  5.79,  0.000,  0.00,  0.000,  0.000,  0.000,  0.000
840003287324973,  9890, 8,16:09:45,16:12:18,   153, 96.00, 95.30,HS    ,  0.70,  0.000,  0.00,  0.000,  0.000,  0.000,  0.000
840003218920939,  1181, 5,16:12:15,16:12:24,     9, 90.60, 90.50,HS    ,  0.10,  0.000,  0.00,  0.000,  0.000,  0.000,  0.000
840003234513937,  1545,14,16:10:46,16:12:28,   102, 93.20, 92.80,HS    ,  0.40,  0.000,  0.00,  0.000,  0.000,  0.000,  0.000
840003268256516,  9779,24,16:08:43,16:12:31,   228, 88.60, 87.40,HS    ,  1.20,  0.000,  0.00,  0.000,  0.000,  0.000,  0.000
840003250681791,  1776,68,16:09:59,16:12:37,   158, 31.34, 30.82,TEST  ,  0.52,  0.000,  0.00,  0.000,  0.000,  0.000,  0.000
840003250681644,  1629,13,16:09:26,16:12:36,   190, 88.00, 87.00,HS    ,  1.00,  0.000,  0.00,  0.000,  0.000,  0.000,  0.000
840003287325011,  1064,10,16:11:13,16:12:40,    87, 72.00, 71.30,LS    ,  0.70,  0.000,  0.00,  0.000,  0.000,  0.000,  0.000
840003234513925,  1533,15,16:10:45,16:12:46,   121, 87.10, 86.20,LS    ,  0.90,  0.000,  0.00,  0.000,  0.000,  0.000,  0.000
840003250681646,  1631,21,16:11:07,16:12:57,   110, 88.20, 87.40,HS    ,  0.80,  0.000,  0.00,  0.000,  0.000,  0.000,  0.000
840003234513833,  1441,74,16:08:02,16:13:08,   306, 53.29, 51.79,TEST  ,  1.50,  0.000,  0.00,  0.000,  0.000,  0.000,  0.000
840003250681638,  1623,12,16:09:40,16:13:10,   210, 87.50, 86.30,LS    ,  1.20,  0.000,  0.00,  0.000,  0.000,  0.000,  0.000
840003234513893,  1501,64,16:07:22,16:13:15,   353, 72.70, 70.82,TEST  ,  1.88,  0.000,  0.00,  0.000,  0.000,  0.000,  0.000
840003250681637,  1622,11,16:11:01,16:13:12,   131, 92.20, 91.40,LS    ,  0.80,  0.000,  0.00,  0.000,  0.000,  0.000,  0.000
840003218920820,  1062,25,16:12:22,16:13:13,    51, 84.50, 84.20,LS    ,  0.30,  0.000,  0.00,  0.000,  0.000,  0.000,  0.000
840003234513826,  1434,31,16:11:50,16:13:18,    88, 83.20, 82.80,LS    ,  0.40,  0.000,  0.00,  0.000,  0.000,  0.000,  0.000
840003250681644,  1629,15,16:13:03,16:13:31,    28, 86.20, 86.10,LS    ,  0.10,  0.000,  0.00,  0.000,  0.000,  0.000,  0.000
840003218920901,  1143,23,16:09:35,16:13:37,   242, 84.20, 82.90,LS    ,  1.30,  0.000,  0.00,  0.000,  0.000,  0.000,  0.000
840003250681656,  1641,31,16:13:28,16:13:38,    10, 82.80, 82.80,LS    ,  0.00,  0.000,  0.00,  0.000,  0.000,  0.000,  0.000
840003274076178,  9425,53,16:08:30,16:13:58,   328, 52.66, 49.93,TEST  ,  2.73,  0.000,  0.00,  0.000,  0.000,  0.000,  0.000
840003287324980,  1557,16,16:12:13,16:14:04,   111, 85.30, 84.50,HS    ,  0.80,  0.000,  0.00,  0.000,  0.000,  0.000,  0.000
840003287325011,  1064,10,16:12:52,16:14:32,   100, 71.30, 70.20,LS    ,  1.10,  0.000,  0.00,  0.000,  0.000,  0.000,  0.000
840003268256516,  9779,25,16:13:26,16:14:37,    71, 84.20, 83.50,LS    ,  0.70,  0.000,  0.00,  0.000,  0.000,  0.000,  0.000
840003287324973,  9890,12,16:14:05,16:14:37,    32, 86.20, 86.00,LS    ,  0.20,  0.000,  0.00,  0.000,  0.000,  0.000,  0.000
840003234513991,  1599,26,16:11:26,16:14:39,   193, 87.50, 86.70,HS    ,  0.80,  0.000,  0.00,  0.000,  0.000,  0.000,  0.000
840003234513923,  1531, 9,16:10:25,16:14:43,   258, 98.90, 98.00,HS    ,  0.90,  0.000,  0.00,  0.000,  0.000,  0.000,  0.000
840003205049565,  9679,53,16:14:52,16:14:59,     7, 49.99, 49.98,TEST  ,  0.01,  0.000,  0.00,  0.000,  0.000,  0.000,  0.000
840003268256516,  9779,25,16:14:56,16:15:05,     9, 83.50, 83.30,LS    ,  0.20,  0.000,  0.00,  0.000,  0.000,  0.000,  0.000
840003205049675,  9789, 8,16:12:29,16:15:10,   161, 95.30, 93.90,HS    ,  1.40,  0.000,  0.00,  0.000,  0.000,  0.000,  0.000
840003250681656,  1641,31,16:14:55,16:15:23,    28, 82.80, 82.70,LS    ,  0.10,  0.000,  0.00,  0.000,  0.000,  0.000,  0.000
840003250681646,  1631,24,16:14:01,16:15:27,    86, 87.40, 87.00,HS    ,  0.40,  0.000,  0.00,  0.000,  0.000,  0.000,  0.000
840003287324973,  9890,12,16:14:58,16:16:08,    70, 85.70, 85.40,LS    ,  0.30,  0.000,  0.00,  0.000,  0.000,  0.000,  0.000
840003218920939,  1181, 6,16:12:30,16:16:14,   224, 86.30, 85.40,LS    ,  0.90,  0.000,  0.00,  0.000,  0.000,  0.000,  0.000
840003205049565,  9679,53,16:15:13,16:16:18,    65, 49.95, 49.40,TEST  ,  0.55,  0.000,  0.00,  0.000,  0.000,  0.000,  0.000
840003268256516,  9779,24,16:15:38,16:16:57,    79, 87.00, 86.60,HS    ,  0.40,  0.000,  0.00,  0.000,  0.000,  0.000,  0.000
840003250681673,  1658, 5,16:12:45,16:17:00,   255, 90.50, 89.40,HS    ,  1.10,  0.000,  0.00,  0.000,  0.000,  0.000,  0.000
840003218920920,  1162, 3,16:12:18,16:17:03,   285, 88.20, 86.60,LS    ,  1.60,  0.000,  0.00,  0.000,  0.000,  0.000,  0.000
840003287324973,  9890,11,16:16:26,16:17:02,    36, 91.40, 91.10,LS    ,  0.30,  0.000,  0.00,  0.000,  0.000,  0.000,  0.000
840003234513923,  1531,10,16:14:59,16:17:40,   161, 69.90, 69.30,LS    ,  0.60,  0.000,  0.00,  0.000,  0.000,  0.000,  0.000
840003250681637,  1622, 2,16:13:52,16:17:43,   231, 90.30, 87.90,LS    ,  2.40,  0.000,  0.00,  0.000,  0.000,  0.000,  0.000
840003218920820,  1062,23,16:13:47,16:17:44,   237, 82.80, 81.90,LS    ,  0.90,  0.000,  0.00,  0.000,  0.000,  0.000,  0.000
840003218920939,  1181, 8,16:16:46,16:17:48,    62, 93.90, 93.80,HS    ,  0.10,  0.000,  0.00,  0.000,  0.000,  0.000,  0.000
840003250681674,  1659,29,16:12:14,16:17:48,   334, 91.30, 89.90,HS    ,  1.40,  0.000,  0.00,  0.000,  0.000,  0.000,  0.000
840003250681646,  1631,26,16:15:56,16:18:08,   132, 86.70, 86.10,HS    ,  0.60,  0.000,  0.00,  0.000,  0.000,  0.000,  0.000
840003250681669,  1654, 1,16:12:18,16:18:15,   357, 91.20, 89.40,HS    ,  1.80,  0.000,  0.00,  0.000,  0.000,  0.000,  0.000
840003234513991,  1599,25,16:15:15,16:18:22,   187, 83.30, 82.40,LS    ,  0.90,  0.000,  0.00,  0.000,  0.000,  0.000,  0.000
840003218920920,  1162, 5,16:18:11,16:18:29,    18, 89.40, 89.10,HS    ,  0.30,  0.000,  0.00,  0.000,  0.000,  0.000,  0.000
840003234513693,  1301,70,16:08:32,16:18:41,   609, 44.99, 39.92,TEST  ,  5.07,  0.000,  0.00,  0.000,  0.000,  0.000,  0.000
840003250681656,  1641,31,16:18:20,16:18:40,    20, 82.60, 82.50,LS    ,  0.10,  0.000,  0.00,  0.000,  0.000,  0.000,  0.000
840003218920939,  1181, 7,16:18:00,16:18:44,    44, 91.40, 91.10,LS    ,  0.30,  0.000,  0.00,  0.000,  0.000,  0.000,  0.000
840003234513991,  1599,24,16:18:33,16:18:53,    20, 86.70, 86.50,HS    ,  0.20,  0.000,  0.00,  0.000,  0.000,  0.000,  0.000
840003218920939,  1181, 8,16:19:11,16:19:24,    13, 93.90, 93.80,HS    ,  0.10,  0.000,  0.00,  0.000,  0.000,  0.000,  0.000
840003218920920,  1162, 5,16:19:09,16:19:33,    24, 89.00, 88.70,HS    ,  0.30,  0.000,  0.00,  0.000,  0.000,  0.000,  0.000
840003250681620,  1605,27,16:09:40,16:19:33,   593, 89.40, 88.00,LS    ,  1.40,  0.000,  0.00,  0.000,  0.000,  0.000,  0.000
840003268256516,  9779,23,16:17:53,16:19:35,   102, 81.90, 81.10,LS    ,  0.80,  0.000,  0.00,  0.000,  0.000,  0.000,  0.000
840003218920882,  1124,22,16:11:03,16:20:07,   544, 88.50, 85.80,HS    ,  2.70,  0.000,  0.00,  0.000,  0.000,  0.000,  0.000
840003287325011,  1064,13,16:14:52,16:20:19,   327, 87.10, 83.20,HS    ,  3.90,  0.000,  0.00,  0.000,  0.000,  0.000,  0.000
840003287324993,  9134,71,16:08:11,16:20:29,   738, 42.36, 38.50,TEST  ,  3.86,  0.000,  0.00,  0.000,  0.000,  0.000,  0.000
840003218920920,  1162, 5,16:20:14,16:20:30,    16, 88.80, 88.30,HS    ,  0.50,  0.000,  0.00,  0.000,  0.000,  0.000,  0.000
840003287324973,  9890, 9,16:18:12,16:20:32,   140, 98.00, 97.40,HS    ,  0.60,  0.000,  0.00,  0.000,  0.000,  0.000,  0.000
840003234513923,  1531,10,16:17:52,16:20:33,   161, 69.30, 68.30,LS    ,  1.00,  0.000,  0.00,  0.000,  0.000,  0.000,  0.000
840003250681620,  1605,29,16:20:29,16:20:36,     7, 89.80, 89.70,HS    ,  0.10,  0.000,  0.00,  0.000,  0.000,  0.000,  0.000
840003218920939,  1181,12,16:20:30,16:20:38,     8, 85.60, 85.30,LS    ,  0.30,  0.000,  0.00,  0.000,  0.000,  0.000,  0.000
840003250681656,  1641,31,16:19:29,16:20:39,    70, 82.50, 82.40,LS    ,  0.10,  0.000,  0.00,  0.000,  0.000,  0.000,  0.000
840003274076135,  1033, 4,16:10:44,16:20:43,   599, 95.30, 91.50,HS    ,  3.80,  0.000,  0.00,  0.000,  0.000,  0.000,  0.000
840003234513990,  1598,28,16:05:39,16:20:57,   918, 82.00, 76.60,LS    ,  5.40,  0.000,  0.00,  0.000,  0.000,  0.000,  0.000
840003268256516,  9779,22,16:20:17,16:21:01,    44, 85.80, 85.60,HS    ,  0.20,  0.000,  0.00,  0.000,  0.000,  0.000,  0.000
840003234513898,  1506,80,16:16:30,16:21:19,   289, 65.70, 62.85,TEST  ,  2.85,  0.000,  0.00,  0.000,  0.000,  0.000,  0.000
840003250681653,  1638, 1,16:20:03,16:21:19,    76, 89.50, 88.90,HS    ,  0.60,  0.000,  0.00,  0.000,  0.000,  0.000,  0.000
840003250681819,  1804,74,16:13:11,16:21:25,   494, 51.79, 49.63,TEST  ,  2.16,  0.000,  0.00,  0.000,  0.000,  0.000,  0.000
840003218920920,  1162, 7,16:21:09,16:21:39,    30, 91.10, 90.90,LS    ,  0.20,  0.000,  0.00,  0.000,  0.000,  0.000,  0.000
840003205049565,  9679,55,16:17:25,16:21:54,   269, 75.20, 73.61,TEST  ,  1.59,  0.000,  0.00,  0.000,  0.000,  0.000,  0.000
840003250681646,  1631,24,16:19:41,16:21:50,   129, 86.60, 86.00,HS    ,  0.60,  0.000,  0.00,  0.000,  0.000,  0.000,  0.000
840003250681644,  1629,16,16:14:15,16:21:53,   458, 84.50, 83.00,HS    ,  1.50,  0.000,  0.00,  0.000,  0.000,  0.000,  0.000
840003287325011,  1064,10,16:20:52,16:22:00,    68, 68.40, 67.00,LS    ,  1.40,  0.000,  0.00,  0.000,  0.000,  0.000,  0.000
840003250681638,  1623,15,16:14:08,16:22:01,   473, 86.10, 83.50,LS    ,  2.60,  0.000,  0.00,  0.000,  0.000,  0.000,  0.000
840003268256516,  9779,22,16:21:38,16:22:13,    35, 85.50, 85.50,HS    ,  0.00,  0.000,  0.00,  0.000,  0.000,  0.000,  0.000
840003250681791,  1776,64,16:13:22,16:22:21,   539, 70.79, 68.72,TEST  ,  2.07,  0.000,  0.00,  0.000,  0.000,  0.000,  0.000
840003287325011,  1064,10,16:22:17,16:22:20,     3, 67.10, 66.80,LS    ,  0.30,  0.000,  0.00,  0.000,  0.000,  0.000,  0.000
840003218920920,  1162, 4,16:21:58,16:22:22,    24, 91.60, 91.10,HS    ,  0.50,  0.000,  0.00,  0.000,  0.000,  0.000,  0.000
840003218921056,  1298,83,16:11:59,16:22:33,   634, 28.97, 26.00,TEST  ,  2.97,  0.000,  0.00,  0.000,  0.000,  0.000,  0.000
840003268256460,  9534,25,16:21:02,16:22:30,    88, 82.40, 81.70,LS    ,  0.70,  0.000,  0.00,  0.000,  0.000,  0.000,  0.000
840003250681674,  1659,26,16:18:19,16:22:36,   257, 86.10, 85.00,HS    ,  1.10,  0.000,  0.00,  0.000,  0.000,  0.000,  0.000
840003250681656,  1641,32,16:20:58,16:22:34,    96, 79.60, 79.20,HS    ,  0.40,  0.000,  0.00,  0.000,  0.000,  0.000,  0.000
840003250681791,  1776,65,16:22:32,16:22:53,    21, 72.09, 72.05,TEST  ,  0.04,  0.000,  0.00,  0.000,  0.000,  0.000,  0.000
840003274076179,  8966,63,16:12:31,16:23:00,   629, 67.88, 64.73,TEST  ,  3.15,  0.000,  0.00,  0.000,  0.000,  0.000,  0.000
840003268256460,  9534,26,16:22:45,16:22:58,    13, 85.00, 84.90,HS    ,  0.10,  0.000,  0.00,  0.000,  0.000,  0.000,  0.000
840003287325011,  1064, 9,16:22:57,16:23:17,    20, 97.30, 97.20,HS    ,  0.10,  0.000,  0.00,  0.000,  0.000,  0.000,  0.000
840003218920920,  1162, 4,16:23:02,16:23:21,    19, 91.10, 91.00,HS    ,  0.10,  0.000,  0.00,  0.000,  0.000,  0.000,  0.000
840003250681791,  1776,61,16:23:17,16:23:33,    16, 68.52, 68.48,TEST  ,  0.04,  0.000,  0.00,  0.000,  0.000,  0.000,  0.000
840003287325011,  1064, 7,16:23:24,16:23:29,     5, 90.90, 90.90,LS    ,  0.00,  0.000,  0.00,  0.000,  0.000,  0.000,  0.000
840003211747927,  9898,70,16:18:46,16:23:38,   292, 39.90, 38.24,TEST  ,  1.66,  0.000,  0.00,  0.000,  0.000,  0.000,  0.000
840003274076178,  9425,60,16:16:45,16:23:38,   413, 81.12, 78.29,TEST  ,  2.83,  0.000,  0.00,  0.000,  0.000,  0.000,  0.000
840003268256516,  9779,25,16:22:46,16:23:41,    55, 81.40, 81.20,LS    ,  0.20,  0.000,  0.00,  0.000,  0.000,  0.000,  0.000
840003234513923,  1531,10,16:22:39,16:23:47,    68, 67.10, 66.40,LS    ,  0.70,  0.000,  0.00,  0.000,  0.000,  0.000,  0.000
840003234513777,  1385,71,16:22:59,16:24:02,    63, 38.48, 38.28,TEST  ,  0.20,  0.000,  0.00,  0.000,  0.000,  0.000,  0.000
840003287325011,  1064, 9,16:23:35,16:24:00,    25, 97.20, 96.90,HS    ,  0.30,  0.000,  0.00,  0.000,  0.000,  0.000,  0.000
840003250681637,  1622,11,16:18:40,16:24:14,   334, 91.10, 89.20,LS    ,  1.90,  0.000,  0.00,  0.000,  0.000,  0.000,  0.000
840003250681791,  1776,59,16:23:49,16:24:22,    33, 86.11, 86.04,TEST  ,  0.07,  0.000,  0.00,  0.000,  0.000,  0.000,  0.000
840003218920882,  1124,24,16:21:59,16:24:21,   142, 85.90, 85.30,HS    ,  0.60,  0.000,  0.00,  0.000,  0.000,  0.000,  0.000
840003234513990,  1598,27,16:21:41,16:24:24,   163, 87.80, 88.60,LS    , -0.80,  0.000,  0.00,  0.000,  0.000,  0.000,  0.000
840003250681644,  1629,15,16:22:27,16:24:40,   133, 83.60, 83.00,LS    ,  0.60,  0.000,  0.00,  0.000,  0.000,  0.000,  0.000
840003234513937,  1545,21,16:13:08,16:24:41,   693, 87.40, 84.00,HS    ,  3.40,  0.000,  0.00,  0.000,  0.000,  0.000,  0.000
840003218920990,  1232, 2,16:24:10,16:24:41,    31, 87.80, 87.70,LS    ,  0.10,  0.000,  0.00,  0.000,  0.000,  0.000,  0.000
840003287325011,  1064,10,16:24:15,16:24:41,    26, 66.40, 66.30,LS    ,  0.10,  0.000,  0.00,  0.000,  0.000,  0.000,  0.000
840003234513826,  1434,27,16:24:36,16:24:51,    15, 86.50, 87.50,LS    , -1.00,  0.000,  0.00,  0.000,  0.000,  0.000,  0.000
840003218920901,  1143,19,16:13:52,16:24:52,   660, 88.10, 84.90,LS    ,  3.20,  0.000,  0.00,  0.000,  0.000,  0.000,  0.000
840003274076135,  1033, 1,16:21:55,16:24:58,   183, 88.90, 87.80,HS    ,  1.10,  0.000,  0.00,  0.000,  0.000,  0.000,  0.000
840003250681620,  1605,28,16:21:41,16:25:07,   206, 76.60, 75.70,LS    ,  0.90,  0.000,  0.00,  0.000,  0.000,  0.000,  0.000
840003218920820,  1062,20,16:18:27,16:25:14,   407, 68.70, 64.20,LS    ,  4.50,  0.000,  0.00,  0.000,  0.000,  0.000,  0.000
840003234513923,  1531,12,16:25:22,16:25:32,    10, 85.40, 85.20,LS    ,  0.20,  0.000,  0.00,  0.000,  0.000,  0.000,  0.000
840003268256460,  9534,25,16:24:04,16:25:40,    96, 81.10, 80.50,LS    ,  0.60,  0.000,  0.00,  0.000,  0.000,  0.000,  0.000
840003268256516,  9779,24,16:24:32,16:25:43,    71, 85.40, 85.00,HS    ,  0.40,  0.000,  0.00,  0.000,  0.000,  0.000,  0.000
840003205049675,  9789,14,16:16:01,16:25:45,   584, 92.80, 88.90,HS    ,  3.90,  0.000,  0.00,  0.000,  0.000,  0.000,  0.000
840003234513991,  1599,23,16:19:46,16:25:47,   361, 81.10, 79.50,LS    ,  1.60,  0.000,  0.00,  0.000,  0.000,  0.000,  0.000
840003287325011,  1064,10,16:25:06,16:25:56,    50, 66.20, 65.90,LS    ,  0.30,  0.000,  0.00,  0.000,  0.000,  0.000,  0.000
840003234513833,  1441,73,16:13:08,16:26:06,   778, 52.06, 48.40,TEST  ,  3.66,  0.000,  0.00,  0.000,  0.000,  0.000,  0.000
840003250681632,  1617, 6,16:22:45,16:26:06,   201, 85.30, 84.20,LS    ,  1.10,  0.000,  0.00,  0.000,  0.000,  0.000,  0.000
840003250681644,  1629,16,16:24:45,16:26:10,    85, 83.00, 82.60,HS    ,  0.40,  0.000,  0.00,  0.000,  0.000,  0.000,  0.000
840003234513833,  1441,73,16:26:07,16:26:34,    27, 48.40, 48.26,TEST  ,  0.14,  0.000,  0.00,  0.000,  0.000,  0.000,  0.000
840003234513923,  1531, 6,16:26:24,16:26:30,     6, 84.10, 84.20,LS    , -0.10,  0.000,  0.00,  0.000,  0.000,  0.000,  0.000
840003268256516,  9779,25,16:26:11,16:26:36,    25, 80.50, 80.30,LS    ,  0.20,  0.000,  0.00,  0.000,  0.000,  0.000,  0.000
840003250681653,  1638, 5,16:23:07,16:26:37,   210, 88.30, 87.20,HS    ,  1.10,  0.000,  0.00,  0.000,  0.000,  0.000,  0.000
840003234513925,  1533,18,16:13:02,16:26:49,   827, 87.10, 83.10,LS    ,  4.00,  0.000,  0.00,  0.000,  0.000,  0.000,  0.000
840003218920920,  1162, 3,16:23:30,16:26:52,   202, 86.60, 85.40,LS    ,  1.20,  0.000,  0.00,  0.000,  0.000,  0.000,  0.000
840003287324980,  1557,17,16:14:17,16:26:54,   757, 88.30, 84.10,HS    ,  4.20,  0.000,  0.00,  0.000,  0.000,  0.000,  0.000
840003234513923,  1531, 5,16:26:50,16:27:35,    45, 87.20, 87.00,HS    ,  0.20,  0.000,  0.00,  0.000,  0.000,  0.000,  0.000
840003211747927,  9898,71,16:24:05,16:27:41,   216, 38.26, 37.00,TEST  ,  1.26,  0.000,  0.00,  0.000,  0.000,  0.000,  0.000
840003234513777,  1385,72,16:24:00,16:27:46,   226, 59.40, 58.41,TEST  ,  0.99,  0.000,  0.00,  0.000,  0.000,  0.000,  0.000
840003234513777,  1385,74,16:27:51,16:27:58,     7, 49.58, 49.58,TEST  ,  0.00,  0.000,  0.00,  0.000,  0.000,  0.000,  0.000
840003218920920,  1162, 4,16:27:53,16:28:10,    17, 91.00, 90.60,HS    ,  0.40,  0.000,  0.00,  0.000,  0.000,  0.000,  0.000
840003250681632,  1617, 7,16:26:31,16:28:08,    97, 90.90, 90.50,LS    ,  0.40,  0.000,  0.00,  0.000,  0.000,  0.000,  0.000
840003250681637,  1622,19,16:25:51,16:28:25,   154, 84.90, 84.30,LS    ,  0.60,  0.000,  0.00,  0.000,  0.000,  0.000,  0.000
840003234513693,  1301,68,16:18:52,16:28:34,   582, 30.85, 26.57,TEST  ,  4.28,  0.000,  0.00,  0.000,  0.000,  0.000,  0.000
840003205049675,  9789,12,16:27:16,16:28:29,    73, 85.30, 85.20,LS    ,  0.10,  0.000,  0.00,  0.000,  0.000,  0.000,  0.000
840003218920990,  1232, 1,16:25:07,16:28:39,   212, 87.80, 86.50,HS    ,  1.30,  0.000,  0.00,  0.000,  0.000,  0.000,  0.000
840003218920820,  1062,20,16:25:49,16:28:48,   179, 64.20, 61.90,LS    ,  2.30,  0.000,  0.00,  0.000,  0.000,  0.000,  0.000
840003250681632,  1617, 6,16:28:23,16:28:47,    24, 84.20, 84.00,LS    ,  0.20,  0.000,  0.00,  0.000,  0.000,  0.000,  0.000
840003287324973,  9890,13,16:26:38,16:28:58,   140, 83.20, 82.80,HS    ,  0.40,  0.000,  0.00,  0.000,  0.000,  0.000,  0.000
840003250681788,  1773,69,16:21:23,16:29:07,   464, 34.29, 32.10,TEST  ,  2.19,  0.000,  0.00,  0.000,  0.000,  0.000,  0.000
840003274076181,  9663,67,16:23:56,16:29:08,   312, 39.94, 37.95,TEST  ,  1.99,  0.000,  0.00,  0.000,  0.000,  0.000,  0.000
840003218920990,  1232, 2,16:28:47,16:29:08,    21, 87.70, 87.50,LS    ,  0.20,  0.000,  0.00,  0.000,  0.000,  0.000,  0.000
840003287325011,  1064,10,16:26:12,16:29:13,   181, 65.90, 64.80,LS    ,  1.10,  0.000,  0.00,  0.000,  0.000,  0.000,  0.000
840003234513937,  1545,22,16:25:19,16:29:19,   240, 85.60, 84.70,HS    ,  0.90,  0.000,  0.00,  0.000,  0.000,  0.000,  0.000
840003234513826,  1434,28,16:25:16,16:29:26,   250, 75.70, 74.50,LS    ,  1.20,  0.000,  0.00,  0.000,  0.000,  0.000,  0.000
840003218920901,  1143,23,16:25:57,16:29:26,   209, 79.50, 78.40,LS    ,  1.10,  0.000,  0.00,  0.000,  0.000,  0.000,  0.000
840003234513923,  1531, 9,16:28:18,16:29:28,    70, 97.00, 96.70,HS    ,  0.30,  0.000,  0.00,  0.000,  0.000,  0.000,  0.000
840003250681632,  1617, 7,16:28:58,16:29:29,    31, 90.50, 90.30,LS    ,  0.20,  0.000,  0.00,  0.000,  0.000,  0.000,  0.000
840003268256460,  9534,21,16:26:39,16:29:29,   170, 84.00, 82.90,HS    ,  1.10,  0.000,  0.00,  0.000,  0.000,  0.000,  0.000
840003234513693,  1301,73,16:29:24,16:29:34,    10, 48.21, 48.21,TEST  ,  0.00,  0.000,  0.00,  0.000,  0.000,  0.000,  0.000
840003218920990,  1232, 2,16:29:32,16:29:48,    16, 87.50, 87.40,LS    ,  0.10,  0.000,  0.00,  0.000,  0.000,  0.000,  0.000
840003211747927,  9898,74,16:27:58,16:29:53,   115, 49.58, 48.82,TEST  ,  0.76,  0.000,  0.00,  0.000,  0.000,  0.000,  0.000
840003250681646,  1631,29,16:22:35,16:29:56,   441, 89.60, 87.90,HS    ,  1.70,  0.000,  0.00,  0.000,  0.000,  0.000,  0.000
840003250681788,  1773,65,16:29:48,16:30:06,    18, 72.07, 72.08,TEST  , -0.01,  0.000,  0.00,  0.000,  0.000,  0.000,  0.000
840003234513777,  1385,75,16:28:00,16:30:10,   130, 54.71, 54.05,TEST  ,  0.66,  0.000,  0.00,  0.000,  0.000,  0.000,  0.000
840003234513693,  1301,77,16:30:07,16:30:12,     5, 76.62, 76.60,TEST  ,  0.02,  0.000,  0.00,  0.000,  0.000,  0.000,  0.000
840003234513991,  1599,25,16:26:57,16:30:13,   196, 80.30, 79.60,LS    ,  0.70,  0.000,  0.00,  0.000,  0.000,  0.000,  0.000
840003234513693,  1301,77,16:30:12,16:30:19,     7, 76.60, 76.48,TEST  ,  0.12,  0.000,  0.00,  0.000,  0.000,  0.000,  0.000
840003250681674,  1659,26,16:23:10,16:30:20,   430, 84.90, 83.10,HS    ,  1.80,  0.000,  0.00,  0.000,  0.000,  0.000,  0.000
840003218920882,  1124,32,16:25:15,16:30:22,   307, 79.20, 77.70,HS    ,  1.50,  0.000,  0.00,  0.000,  0.000,  0.000,  0.000
840003250681632,  1617, 9,16:30:10,16:30:25,    15, 96.80, 96.50,HS    ,  0.30,  0.000,  0.00,  0.000,  0.000,  0.000,  0.000
840003234513693,  1301,77,16:30:21,16:30:31,    10, 76.51, 76.48,TEST  ,  0.03,  0.000,  0.00,  0.000,  0.000,  0.000,  0.000
840003218920920,  1162, 6,16:28:58,16:30:25,    87, 83.90, 83.50,LS    ,  0.40,  0.000,  0.00,  0.000,  0.000,  0.000,  0.000
840003234513814,  1422,70,16:28:29,16:30:34,   125, 38.28, 37.24,TEST  ,  1.04,  0.000,  0.00,  0.000,  0.000,  0.000,  0.000
840003234513693,  1301,77,16:30:33,16:30:39,     6, 76.27, 76.30,TEST  , -0.03,  0.000,  0.00,  0.000,  0.000,  0.000,  0.000
840003218920990,  1232, 1,16:29:56,16:30:38,    42, 86.50, 86.10,HS    ,  0.40,  0.000,  0.00,  0.000,  0.000,  0.000,  0.000
840003250681791,  1776,55,16:24:38,16:30:58,   380, 73.59, 72.21,TEST  ,  1.38,  0.000,  0.00,  0.000,  0.000,  0.000,  0.000
840003218920820,  1062,23,16:30:48,16:30:56,     8, 78.40, 78.40,LS    ,  0.00,  0.000,  0.00,  0.000,  0.000,  0.000,  0.000
840003234513693,  1301,77,16:30:44,16:31:02,    18, 76.32, 76.19,TEST  ,  0.13,  0.000,  0.00,  0.000,  0.000,  0.000,  0.000
840003218920990,  1232, 2,16:30:44,16:31:00,    16, 87.30, 87.10,LS    ,  0.20,  0.000,  0.00,  0.000,  0.000,  0.000,  0.000
840003234513826,  1434,29,16:30:13,16:31:05,    52, 87.50, 87.50,HS    ,  0.00,  0.000,  0.00,  0.000,  0.000,  0.000,  0.000
840003234513693,  1301,77,16:31:02,16:31:25,    23, 76.20, 76.04,TEST  ,  0.16,  0.000,  0.00,  0.000,  0.000,  0.000,  0.000
840003218921056,  1298,81,16:23:03,16:31:34,   511, 49.92, 47.19,TEST  ,  2.73,  0.000,  0.00,  0.000,  0.000,  0.000,  0.000
840003218921056,  1298,81,16:31:34,16:31:39,     5, 47.19, 47.19,TEST  ,  0.00,  0.000,  0.00,  0.000,  0.000,  0.000,  0.000
840003218920920,  1162, 5,16:30:44,16:31:43,    59, 87.00, 86.70,HS    ,  0.30,  0.000,  0.00,  0.000,  0.000,  0.000,  0.000
840003250681653,  1638, 4,16:28:58,16:31:49,   171, 90.60, 89.70,HS    ,  0.90,  0.000,  0.00,  0.000,  0.000,  0.000,  0.000
840003234513898,  1506,83,16:22:34,16:31:56,   562, 26.00, 21.42,TEST  ,  4.58,  0.000,  0.00,  0.000,  0.000,  0.000,  0.000
840003218920767,  1009,82,16:22:03,16:31:57,   594, 44.46, 42.10,TEST  ,  2.36,  0.000,  0.00,  0.000,  0.000,  0.000,  0.000
840003218920990,  1232, 2,16:31:37,16:31:54,    17, 87.00, 86.70,LS    ,  0.30,  0.000,  0.00,  0.000,  0.000,  0.000,  0.000
840003234513693,  1301,77,16:31:33,16:32:02,    29, 76.06, 75.74,TEST  ,  0.32,  0.000,  0.00,  0.000,  0.000,  0.000,  0.000
840003234513937,  1545,26,16:30:29,16:31:59,    90, 83.10, 82.60,HS    ,  0.50,  0.000,  0.00,  0.000,  0.000,  0.000,  0.000
840003234513991,  1599,27,16:31:10,16:32:12,    62, 86.50, 87.00,LS    , -0.50,  0.000,  0.00,  0.000,  0.000,  0.000,  0.000
840003211747927,  9898,75,16:30:14,16:32:25,   131, 54.07, 53.29,TEST  ,  0.78,  0.000,  0.00,  0.000,  0.000,  0.000,  0.000
840003250681640,  1625,30,16:06:22,16:32:20,  1558, 87.60, 80.50,HS    ,  7.10,  0.000,  0.00,  0.000,  0.000,  0.000,  0.000
840003234513693,  1301,77,16:32:15,16:32:27,    12, 75.72, 75.58,TEST  ,  0.14,  0.000,  0.00,  0.000,  0.000,  0.000,  0.000
840003234513826,  1434,28,16:31:20,16:32:24,    64, 74.50, 74.20,LS    ,  0.30,  0.000,  0.00,  0.000,  0.000,  0.000,  0.000
840003268256460,  9534,19,16:29:48,16:32:28,   160, 84.30, 83.10,LS    ,  1.20,  0.000,  0.00,  0.000,  0.000,  0.000,  0.000
840003234513693,  1301,77,16:32:39,16:32:45,     6, 75.56, 75.69,TEST  , -0.13,  0.000,  0.00,  0.000,  0.000,  0.000,  0.000
840003287324973,  9890, 9,16:32:41,16:32:47,     6, 96.50, 96.50,HS    ,  0.00,  0.000,  0.00,  0.000,  0.000,  0.000,  0.000
840003234513693,  1301,77,16:32:46,16:32:58,    12, 75.69, 75.44,TEST  ,  0.25,  0.000,  0.00,  0.000,  0.000,  0.000,  0.000
840003234513826,  1434,29,16:32:30,16:32:53,    23, 87.90, 87.00,HS    ,  0.90,  0.000,  0.00,  0.000,  0.000,  0.000,  0.000
840003250681632,  1617, 7,16:31:08,16:32:55,   107, 90.30, 89.90,LS    ,  0.40,  0.000,  0.00,  0.000,  0.000,  0.000,  0.000
840003234513693,  1301,77,16:32:59,16:33:12,    13, 75.45, 75.33,TEST  ,  0.12,  0.000,  0.00,  0.000,  0.000,  0.000,  0.000
840003234513814,  1422,67,16:30:51,16:33:20,   149, 37.97, 36.74,TEST  ,  1.23,  0.000,  0.00,  0.000,  0.000,  0.000,  0.000
840003218920920,  1162, 6,16:32:03,16:33:16,    73, 83.50, 83.20,LS    ,  0.30,  0.000,  0.00,  0.000,  0.000,  0.000,  0.000
840003234513898,  1506,83,16:32:47,16:33:23,    36, 21.43, 21.30,TEST  ,  0.13,  0.000,  0.00,  0.000,  0.000,  0.000,  0.000
840003250681632,  1617, 5,16:33:07,16:33:19,    12, 86.70, 86.40,HS    ,  0.30,  0.000,  0.00,  0.000,  0.000,  0.000,  0.000
840003218920990,  1232, 1,16:32:25,16:33:25,    60, 86.10, 85.80,HS    ,  0.30,  0.000,  0.00,  0.000,  0.000,  0.000,  0.000
840003234513693,  1301,77,16:33:19,16:33:31,    12, 75.32, 75.13,TEST  ,  0.19,  0.000,  0.00,  0.000,  0.000,  0.000,  0.000
840003205049565,  9679,53,16:22:53,16:33:37,   644, 49.41, 46.26,TEST  ,  3.15,  0.000,  0.00,  0.000,  0.000,  0.000,  0.000
840003234513991,  1599,24,16:32:29,16:33:37,    68, 85.00, 84.90,HS    ,  0.10,  0.000,  0.00,  0.000,  0.000,  0.000,  0.000
840003287324980,  1557,12,16:29:51,16:33:38,   227, 85.00, 83.80,LS    ,  1.20,  0.000,  0.00,  0.000,  0.000,  0.000,  0.000
840003234513826,  1434,30,16:32:59,16:33:40,    41, 80.50, 80.20,HS    ,  0.30,  0.000,  0.00,  0.000,  0.000,  0.000,  0.000
840003234513777,  1385,76,16:30:14,16:33:48,   214, 60.74, 59.74,TEST  ,  1.00,  0.000,  0.00,  0.000,  0.000,  0.000,  0.000
840003287325011,  1064,10,16:29:38,16:33:43,   245, 64.40, 62.90,LS    ,  1.50,  0.000,  0.00,  0.000,  0.000,  0.000,  0.000
840003250681659,  1644,31,16:22:03,16:33:46,   703, 82.40, 77.10,LS    ,  5.30,  0.000,  0.00,  0.000,  0.000,  0.000,  0.000
840003205049675,  9789,13,16:29:20,16:33:45,   265, 82.80, 81.00,HS    ,  1.80,  0.000,  0.00,  0.000,  0.000,  0.000,  0.000
840003218920920,  1162, 5,16:33:30,16:33:50,    20, 86.40, 86.10,HS    ,  0.30,  0.000,  0.00,  0.000,  0.000,  0.000,  0.000
840003218920990,  1232, 2,16:33:33,16:33:50,    17, 86.70, 86.40,LS    ,  0.30,  0.000,  0.00,  0.000,  0.000,  0.000,  0.000
840003218920820,  1062,23,16:31:06,16:33:50,   164, 78.40, 77.70,LS    ,  0.70,  0.000,  0.00,  0.000,  0.000,  0.000,  0.000
840003218921056,  1298,80,16:32:18,16:34:17,   119, 62.84, 62.03,TEST  ,  0.81,  0.000,  0.00,  0.000,  0.000,  0.000,  0.000
840003218921056,  1298,80,16:34:20,16:34:27,     7, 62.03, 62.03,TEST  ,  0.00,  0.000,  0.00,  0.000,  0.000,  0.000,  0.000
840003218920990,  1232, 2,16:34:06,16:34:23,    17, 86.40, 86.20,LS    ,  0.20,  0.000,  0.00,  0.000,  0.000,  0.000,  0.000
840003250681659,  1644,27,16:34:06,16:34:31,    25, 86.30, 86.90,LS    , -0.60,  0.000,  0.00,  0.000,  0.000,  0.000,  0.000
840003218920882,  1124,28,16:34:21,16:34:33,    12, 74.20, 74.20,LS    ,  0.00,  0.000,  0.00,  0.000,  0.000,  0.000,  0.000
840003250681653,  1638, 1,16:33:37,16:34:40,    63, 85.80, 85.40,HS    ,  0.40,  0.000,  0.00,  0.000,  0.000,  0.000,  0.000
840003250681644,  1629,14,16:26:43,16:34:45,   482, 88.90, 87.30,HS    ,  1.60,  0.000,  0.00,  0.000,  0.000,  0.000,  0.000
840003287324980,  1557,13,16:33:56,16:34:55,    59, 80.90, 80.50,HS    ,  0.40,  0.000,  0.00,  0.000,  0.000,  0.000,  0.000
840003234513898,  1506,83,16:33:27,16:35:17,   110, 21.29, 20.59,TEST  ,  0.70,  0.000,  0.00,  0.000,  0.000,  0.000,  0.000
840003218920920,  1162, 4,16:34:45,16:35:16,    31, 89.70, 89.30,HS    ,  0.40,  0.000,  0.00,  0.000,  0.000,  0.000,  0.000
840003274076181,  9663,53,16:35:26,16:35:32,     6, 46.25, 46.24,TEST  ,  0.01,  0.000,  0.00,  0.000,  0.000,  0.000,  0.000
840003218920990,  1232, 1,16:34:50,16:35:37,    47, 85.40, 85.20,HS    ,  0.20,  0.000,  0.00,  0.000,  0.000,  0.000,  0.000
840003274076181,  9663,53,16:35:36,16:35:44,     8, 46.25, 46.26,TEST  , -0.01,  0.000,  0.00,  0.000,  0.000,  0.000,  0.000
840003218920990,  1232, 2,16:35:43,16:35:59,    16, 86.20, 85.90,LS    ,  0.30,  0.000,  0.00,  0.000,  0.000,  0.000,  0.000
840003250681632,  1617, 3,16:33:40,16:36:05,   145, 85.40, 84.70,LS    ,  0.70,  0.000,  0.00,  0.000,  0.000,  0.000,  0.000
840003234513826,  1434,26,16:34:09,16:36:28,   139, 82.60, 82.10,HS    ,  0.50,  0.000,  0.00,  0.000,  0.000,  0.000,  0.000
840003218920990,  1232, 2,16:36:29,16:36:42,    13, 86.00, 85.70,LS    ,  0.30,  0.000,  0.00,  0.000,  0.000,  0.000,  0.000
840003234513898,  1506,83,16:35:47,16:36:55,    68, 20.60, 20.22,TEST  ,  0.38,  0.000,  0.00,  0.000,  0.000,  0.000,  0.000
840003250681653,  1638, 1,16:35:47,16:36:52,    65, 85.20, 84.60,HS    ,  0.60,  0.000,  0.00,  0.000,  0.000,  0.000,  0.000
840003287324980,  1557, 7,16:36:07,16:37:03,    56, 89.90, 89.60,LS    ,  0.30,  0.000,  0.00,  0.000,  0.000,  0.000,  0.000
840003287324973,  9890, 8,16:32:52,16:37:10,   258, 93.80, 92.60,HS    ,  1.20,  0.000,  0.00,  0.000,  0.000,  0.000,  0.000
840003234513826,  1434,26,16:36:45,16:37:17,    32, 82.00, 81.90,HS    ,  0.10,  0.000,  0.00,  0.000,  0.000,  0.000,  0.000
840003287324973,  9890, 7,16:37:38,16:37:51,    13, 89.60, 89.50,LS    ,  0.10,  0.000,  0.00,  0.000,  0.000,  0.000,  0.000
840003234513925,  1533,15,16:28:09,16:38:12,   603, 83.00, 80.20,LS    ,  2.80,  0.000,  0.00,  0.000,  0.000,  0.000,  0.000
840003218920920,  1162, 3,16:36:15,16:38:31,   136, 84.60, 83.70,LS    ,  0.90,  0.000,  0.00,  0.000,  0.000,  0.000,  0.000
840003287325011,  1064, 9,16:33:49,16:38:30,   281, 96.50, 94.60,HS    ,  1.90,  0.000,  0.00,  0.000,  0.000,  0.000,  0.000
840003250681644,  1629,12,16:35:10,16:38:39,   209, 83.70, 82.50,LS    ,  1.20,  0.000,  0.00,  0.000,  0.000,  0.000,  0.000
840003234513937,  1545,10,16:34:08,16:38:47,   279, 63.10, 60.70,LS    ,  2.40,  0.000,  0.00,  0.000,  0.000,  0.000,  0.000
840003250681637,  1622,11,16:29:21,16:38:51,   570, 89.20, 86.60,LS    ,  2.60,  0.000,  0.00,  0.000,  0.000,  0.000,  0.000
840003287324980,  1557, 5,16:37:10,16:38:54,   104, 86.10, 85.50,HS    ,  0.60,  0.000,  0.00,  0.000,  0.000,  0.000,  0.000
840003250681632,  1617, 2,16:36:52,16:39:44,   172, 85.70, 84.90,LS    ,  0.80,  0.000,  0.00,  0.000,  0.000,  0.000,  0.000
840003234513991,  1599,19,16:34:08,16:40:21,   373, 83.20, 81.80,LS    ,  1.40,  0.000,  0.00,  0.000,  0.000,  0.000,  0.000
840003268256460,  9534,17,16:33:02,16:40:26,   444, 84.10, 81.50,HS    ,  2.60,  0.000,  0.00,  0.000,  0.000,  0.000,  0.000
840003250681644,  1629,12,16:39:22,16:40:30,    68, 82.40, 81.70,LS    ,  0.70,  0.000,  0.00,  0.000,  0.000,  0.000,  0.000
840003205049675,  9789,13,16:35:21,16:40:47,   326, 80.50, 78.60,HS    ,  1.90,  0.000,  0.00,  0.000,  0.000,  0.000,  0.000
840003218920882,  1124,29,16:34:41,16:40:48,   367, 87.60, 84.90,HS    ,  2.70,  0.000,  0.00,  0.000,  0.000,  0.000,  0.000
840003250681637,  1622,11,16:39:26,16:40:48,    82, 86.60, 85.90,LS    ,  0.70,  0.000,  0.00,  0.000,  0.000,  0.000,  0.000
840003250681659,  1644,28,16:34:46,16:41:51,   425, 74.20, 72.10,LS    ,  2.10,  0.000,  0.00,  0.000,  0.000,  0.000,  0.000
840003287324973,  9890, 9,16:39:03,16:41:53,   170, 94.60, 93.70,HS    ,  0.90,  0.000,  0.00,  0.000,  0.000,  0.000,  0.000
840003250681644,  1629,12,16:41:28,16:41:58,    30, 81.90, 81.30,LS    ,  0.60,  0.000,  0.00,  0.000,  0.000,  0.000,  0.000
840003234513937,  1545,10,16:39:04,16:42:04,   180, 60.40, 59.50,LS    ,  0.90,  0.000,  0.00,  0.000,  0.000,  0.000,  0.000
840003250681791,  1776,72,16:41:09,16:42:13,    64, 58.39, 58.35,TEST  ,  0.04,  0.000,  0.00,  0.000,  0.000,  0.000,  0.000
840003234513777,  1385,74,16:33:54,16:42:22,   508, 48.82, 46.65,TEST  ,  2.17,  0.000,  0.00,  0.000,  0.000,  0.000,  0.000
840003287324973,  9890,10,16:42:14,16:42:32,    18, 59.20, 58.90,LS    ,  0.30,  0.000,  0.00,  0.000,  0.000,  0.000,  0.000
840003250681637,  1622,11,16:41:31,16:42:51,    80, 85.90, 85.40,LS    ,  0.50,  0.000,  0.00,  0.000,  0.000,  0.000,  0.000
840003218920767,  1009,82,16:41:44,16:43:08,    84, 42.07, 41.40,TEST  ,  0.67,  0.000,  0.00,  0.000,  0.000,  0.000,  0.000
840003287324993,  9134,73,16:37:26,16:43:13,   347, 48.30, 46.25,TEST  ,  2.05,  0.000,  0.00,  0.000,  0.000,  0.000,  0.000
840003234513826,  1434,30,16:42:27,16:43:20,    53, 80.20, 79.90,HS    ,  0.30,  0.000,  0.00,  0.000,  0.000,  0.000,  0.000
840003287324993,  9134,75,16:43:20,16:43:25,     5, 53.32, 53.31,TEST  ,  0.01,  0.000,  0.00,  0.000,  0.000,  0.000,  0.000
840003250681632,  1617, 3,16:40:24,16:43:48,   204, 83.70, 82.90,LS    ,  0.80,  0.000,  0.00,  0.000,  0.000,  0.000,  0.000
840003250681653,  1638, 4,16:40:03,16:43:52,   229, 89.30, 88.20,HS    ,  1.10,  0.000,  0.00,  0.000,  0.000,  0.000,  0.000
840003218920820,  1062,23,16:34:16,16:44:14,   598, 77.70, 75.20,LS    ,  2.50,  0.000,  0.00,  0.000,  0.000,  0.000,  0.000
840003211747927,  9898,67,16:33:24,16:44:40,   676, 36.76, 32.82,TEST  ,  3.94,  0.000,  0.00,  0.000,  0.000,  0.000,  0.000
840003234513937,  1545,10,16:43:19,16:44:39,    80, 58.50, 58.30,LS    ,  0.20,  0.000,  0.00,  0.000,  0.000,  0.000,  0.000
840003250681653,  1638, 4,16:44:19,16:44:42,    23, 88.20, 88.00,HS    ,  0.20,  0.000,  0.00,  0.000,  0.000,  0.000,  0.000
840003234513814,  1422,66,16:33:35,16:44:48,   673, 63.66, 58.90,TEST  ,  4.76,  0.000,  0.00,  0.000,  0.000,  0.000,  0.000
840003234513852,  1460,56,16:25:46,16:44:53,  1147, 77.65, 71.53,TEST  ,  6.12,  0.000,  0.00,  0.000,  0.000,  0.000,  0.000
840003234513937,  1545,10,16:44:52,16:45:04,    12, 58.10, 58.20,LS    , -0.10,  0.000,  0.00,  0.000,  0.000,  0.000,  0.000
840003268256460,  9534,18,16:41:11,16:45:13,   242, 83.10, 81.80,LS    ,  1.30,  0.000,  0.00,  0.000,  0.000,  0.000,  0.000
840003234513852,  1460,55,16:45:07,16:45:39,    32, 72.24, 72.08,TEST  ,  0.16,  0.000,  0.00,  0.000,  0.000,  0.000,  0.000
840003250681632,  1617, 5,16:44:55,16:45:38,    43, 85.50, 85.10,HS    ,  0.40,  0.000,  0.00,  0.000,  0.000,  0.000,  0.000
840003218920990,  1232, 1,16:37:02,16:46:07,   545, 84.60, 81.30,HS    ,  3.30,  0.000,  0.00,  0.000,  0.000,  0.000,  0.000
840003268256460,  9534,20,16:46:18,16:46:23,     5, 61.80, 61.70,LS    ,  0.10,  0.000,  0.00,  0.000,  0.000,  0.000,  0.000
840003211747927,  9898,66,16:44:49,16:46:48,   119, 58.90, 58.12,TEST  ,  0.78,  0.000,  0.00,  0.000,  0.000,  0.000,  0.000
840003234513814,  1422,65,16:44:57,16:47:05,   128, 72.07, 71.44,TEST  ,  0.63,  0.000,  0.00,  0.000,  0.000,  0.000,  0.000
840003250681632,  1617, 6,16:46:00,16:47:01,    61, 83.20, 82.90,LS    ,  0.30,  0.000,  0.00,  0.000,  0.000,  0.000,  0.000
840003250681788,  1773,58,16:35:43,16:47:14,   691, 77.87, 74.91,TEST  ,  2.96,  0.000,  0.00,  0.000,  0.000,  0.000,  0.000
840003234513826,  1434,28,16:43:36,16:47:14,   218, 72.10, 71.00,LS    ,  1.10,  0.000,  0.00,  0.000,  0.000,  0.000,  0.000
840003250681632,  1617, 5,16:47:15,16:47:37,    22, 85.10, 84.80,HS    ,  0.30,  0.000,  0.00,  0.000,  0.000,  0.000,  0.000
840003218920990,  1232, 6,16:47:19,16:47:46,    27, 82.90, 82.60,LS    ,  0.30,  0.000,  0.00,  0.000,  0.000,  0.000,  0.000
840003234513826,  1434,29,16:47:31,16:47:52,    21, 84.80, 84.70,HS    ,  0.10,  0.000,  0.00,  0.000,  0.000,  0.000,  0.000
840003250681644,  1629,13,16:42:17,16:47:55,   338, 78.60, 77.00,HS    ,  1.60,  0.000,  0.00,  0.000,  0.000,  0.000,  0.000
840003274076135,  1033,16,16:38:06,16:48:24,   618, 82.60, 79.80,HS    ,  2.80,  0.000,  0.00,  0.000,  0.000,  0.000,  0.000
840003250681632,  1617, 5,16:48:03,16:48:42,    39, 84.80, 84.50,HS    ,  0.30,  0.000,  0.00,  0.000,  0.000,  0.000,  0.000
840003250681659,  1644,31,16:47:44,16:48:56,    72, 77.10, 76.70,LS    ,  0.40,  0.000,  0.00,  0.000,  0.000,  0.000,  0.000
840003234513826,  1434,29,16:48:19,16:49:06,    47, 84.70, 84.40,HS    ,  0.30,  0.000,  0.00,  0.000,  0.000,  0.000,  0.000
840003218921056,  1298,83,16:38:58,16:49:11,   613, 19.91, 17.92,TEST  ,  1.99,  0.000,  0.00,  0.000,  0.000,  0.000,  0.000
840003287324990,  9827,31,16:49:05,16:49:08,     3, 76.70, 76.70,LS    ,  0.00,  0.000,  0.00,  0.000,  0.000,  0.000,  0.000
840003250681632,  1617, 5,16:49:01,16:49:09,     8, 84.50, 84.40,HS    ,  0.10,  0.000,  0.00,  0.000,  0.000,  0.000,  0.000
840003218920990,  1232, 8,16:48:20,16:49:16,    56, 92.60, 92.40,HS    ,  0.20,  0.000,  0.00,  0.000,  0.000,  0.000,  0.000
840003250681644,  1629,12,16:48:03,16:49:20,    77, 81.70, 81.00,LS    ,  0.70,  0.000,  0.00,  0.000,  0.000,  0.000,  0.000
840003268256460,  9534,22,16:46:42,16:49:43,   181, 84.70, 83.80,HS    ,  0.90,  0.000,  0.00,  0.000,  0.000,  0.000,  0.000
840003250681788,  1773,55,16:47:20,16:49:48,   148, 72.06, 71.63,TEST  ,  0.43,  0.000,  0.00,  0.000,  0.000,  0.000,  0.000
840003250681653,  1638, 9,16:45:18,16:49:42,   264, 93.70, 92.80,HS    ,  0.90,  0.000,  0.00,  0.000,  0.000,  0.000,  0.000
840003250681788,  1773,55,16:49:51,16:49:56,     5, 71.64, 71.63,TEST  ,  0.01,  0.000,  0.00,  0.000,  0.000,  0.000,  0.000
840003250681644,  1629,12,16:49:33,16:49:53,    20, 81.10, 80.90,LS    ,  0.20,  0.000,  0.00,  0.000,  0.000,  0.000,  0.000
840003287324973,  9890, 1,16:48:11,16:49:55,   104, 81.20, 81.10,HS    ,  0.10,  0.000,  0.00,  0.000,  0.000,  0.000,  0.000
840003250681637,  1622,11,16:43:20,16:50:23,   423, 85.40, 83.30,LS    ,  2.10,  0.000,  0.00,  0.000,  0.000,  0.000,  0.000
840003234513937,  1545,10,16:45:31,16:50:26,   295, 57.80, 57.10,LS    ,  0.70,  0.000,  0.00,  0.000,  0.000,  0.000,  0.000
840003218921056,  1298,83,16:50:33,16:50:40,     7, 17.89, 17.84,TEST  ,  0.05,  0.000,  0.00,  0.000,  0.000,  0.000,  0.000
840003218920990,  1232,10,16:50:39,16:50:53,    14, 56.80, 56.80,LS    ,  0.00,  0.000,  0.00,  0.000,  0.000,  0.000,  0.000
840003234513826,  1434,28,16:49:28,16:51:10,   102, 71.00, 70.60,LS    ,  0.40,  0.000,  0.00,  0.000,  0.000,  0.000,  0.000
840003250681659,  1644,27,16:51:00,16:51:13,    13, 87.00, 87.10,LS    , -0.10,  0.000,  0.00,  0.000,  0.000,  0.000,  0.000
840003211747927,  9898,76,16:48:23,16:51:36,   193, 59.73, 59.30,TEST  ,  0.43,  0.000,  0.00,  0.000,  0.000,  0.000,  0.000
840003287324993,  9134,75,16:43:26,16:51:48,   502, 53.32, 51.05,TEST  ,  2.27,  0.000,  0.00,  0.000,  0.000,  0.000,  0.000
840003218920990,  1232,10,16:51:13,16:51:45,    32, 56.60, 56.40,LS    ,  0.20,  0.000,  0.00,  0.000,  0.000,  0.000,  0.000
840003250681788,  1773,55,16:49:57,16:51:56,   119, 71.64, 71.47,TEST  ,  0.17,  0.000,  0.00,  0.000,  0.000,  0.000,  0.000
840003287324993,  9134,74,16:51:51,16:51:57,     6, 46.60, 46.61,TEST  , -0.01,  0.000,  0.00,  0.000,  0.000,  0.000,  0.000
840003234513826,  1434,29,16:51:27,16:52:18,    51, 84.40, 84.10,HS    ,  0.30,  0.000,  0.00,  0.000,  0.000,  0.000,  0.000
840003211747927,  9898,75,16:51:49,16:52:38,    49, 51.05, 50.88,TEST  ,  0.17,  0.000,  0.00,  0.000,  0.000,  0.000,  0.000
840003250681638,  1623, 2,16:42:43,16:52:37,   594, 84.90, 81.60,LS    ,  3.30,  0.000,  0.00,  0.000,  0.000,  0.000,  0.000
840003274076135,  1033,21,16:48:59,16:52:52,   233, 82.80, 81.90,HS    ,  0.90,  0.000,  0.00,  0.000,  0.000,  0.000,  0.000
840003234513826,  1434,30,16:52:42,16:53:00,    18, 79.90, 79.80,HS    ,  0.10,  0.000,  0.00,  0.000,  0.000,  0.000,  0.000
840003274076181,  9663,53,16:35:56,16:53:12,  1036, 46.47, 39.79,TEST  ,  6.68,  0.000,  0.00,  0.000,  0.000,  0.000,  0.000
840003250681632,  1617, 3,16:53:26,16:53:32,     6, 82.90, 82.90,LS    ,  0.00,  0.000,  0.00,  0.000,  0.000,  0.000,  0.000
840003234513826,  1434,30,16:53:17,16:53:35,    18, 79.80, 79.60,HS    ,  0.20,  0.000,  0.00,  0.000,  0.000,  0.000,  0.000
840003250681638,  1623, 6,16:53:10,16:53:39,    29, 82.60, 82.40,LS    ,  0.20,  0.000,  0.00,  0.000,  0.000,  0.000,  0.000
840003218920990,  1232,10,16:52:26,16:53:52,    86, 56.40, 55.60,LS    ,  0.80,  0.000,  0.00,  0.000,  0.000,  0.000,  0.000
840003250681791,  1776,82,16:43:28,16:54:14,   646, 41.51, 39.55,TEST  ,  1.96,  0.000,  0.00,  0.000,  0.000,  0.000,  0.000
840003250681632,  1617, 9,16:54:03,16:54:36,    33, 92.70, 92.50,HS    ,  0.20,  0.000,  0.00,  0.000,  0.000,  0.000,  0.000
840003287324990,  9827,31,16:49:37,16:54:39,   302, 76.70, 74.10,LS    ,  2.60,  0.000,  0.00,  0.000,  0.000,  0.000,  0.000
840003250681659,  1644,28,16:51:28,16:54:51,   203, 70.60, 69.70,LS    ,  0.90,  0.000,  0.00,  0.000,  0.000,  0.000,  0.000
840003287325014,  9956, 2,16:53:10,16:55:00,   110, 81.70, 81.00,LS    ,  0.70,  0.000,  0.00,  0.000,  0.000,  0.000,  0.000
840003234513814,  1422,81,16:50:08,16:55:05,   297, 47.16, 45.46,TEST  ,  1.70,  0.000,  0.00,  0.000,  0.000,  0.000,  0.000
840003218921056,  1298,83,16:50:50,16:55:26,   276, 17.88, 16.89,TEST  ,  0.99,  0.000,  0.00,  0.000,  0.000,  0.000,  0.000
840003268256482,  9300,31,16:54:48,16:55:41,    53, 74.00, 73.70,LS    ,  0.30,  0.000,  0.00,  0.000,  0.000,  0.000,  0.000
840003250681632,  1617, 9,16:54:58,16:55:45,    47, 92.50, 92.10,HS    ,  0.40,  0.000,  0.00,  0.000,  0.000,  0.000,  0.000
840003218920990,  1232,13,16:54:14,16:55:54,   100, 76.90, 76.40,HS    ,  0.50,  0.000,  0.00,  0.000,  0.000,  0.000,  0.000
840003218920990,  1232,13,16:56:15,16:56:56,    41, 76.40, 76.00,HS    ,  0.40,  0.000,  0.00,  0.000,  0.000,  0.000,  0.000
840003234513826,  1434,23,16:54:30,16:57:27,   177, 75.20, 74.50,LS    ,  0.70,  0.000,  0.00,  0.000,  0.000,  0.000,  0.000
840003287325014,  9956, 6,16:55:37,16:57:41,   124, 82.40, 81.50,LS    ,  0.90,  0.000,  0.00,  0.000,  0.000,  0.000,  0.000
840003234513826,  1434,24,16:57:52,16:58:20,    28, 84.90, 84.70,HS    ,  0.20,  0.000,  0.00,  0.000,  0.000,  0.000,  0.000
840003218920767,  1009,80,16:43:56,16:58:42,   886, 62.02, 57.15,TEST  ,  4.87,  0.000,  0.00,  0.000,  0.000,  0.000,  0.000
840003274076135,  1033,21,16:53:28,16:58:47,   319, 81.80, 80.30,HS    ,  1.50,  0.000,  0.00,  0.000,  0.000,  0.000,  0.000
840003218920767,  1009,80,16:58:43,16:58:56,    13, 57.17, 57.14,TEST  ,  0.03,  0.000,  0.00,  0.000,  0.000,  0.000,  0.000
840003234513847,  1455,54,16:58:34,16:59:24,    50, 47.92, 47.32,TEST  ,  0.60,  0.000,  0.00,  0.000,  0.000,  0.000,  0.000
840003234513826,  1434,20,16:58:57,16:59:28,    31, 61.70, 62.80,LS    , -1.10,  0.000,  0.00,  0.000,  0.000,  0.000,  0.000
840003250681632,  1617,10,16:55:53,17:00:03,   250, 55.60, 54.60,LS    ,  1.00,  0.000,  0.00,  0.000,  0.000,  0.000,  0.000
840003250681632,  1617, 9,17:00:09,17:00:21,    12, 92.20, 92.10,HS    ,  0.10,  0.000,  0.00,  0.000,  0.000,  0.000,  0.000
840003234513826,  1434,21,16:59:34,17:00:36,    62, 80.40, 80.00,HS    ,  0.40,  0.000,  0.00,  0.000,  0.000,  0.000,  0.000
840003250681632,  1617, 5,17:00:40,17:01:13,    33, 84.40, 84.10,HS    ,  0.30,  0.000,  0.00,  0.000,  0.000,  0.000,  0.000
840003250681638,  1623,11,16:54:05,17:01:17,   432, 83.40, 80.80,LS    ,  2.60,  0.000,  0.00,  0.000,  0.000,  0.000,  0.000
840003234513898,  1506,59,16:55:29,17:01:28,   359, 86.08, 83.34,TEST  ,  2.74,  0.000,  0.00,  0.000,  0.000,  0.000,  0.000
840003234513826,  1434,21,17:01:07,17:01:53,    46, 80.00, 79.70,HS    ,  0.30,  0.000,  0.00,  0.000,  0.000,  0.000,  0.000
840003287324993,  9134,74,16:52:25,17:02:12,   587, 46.36, 43.67,TEST  ,  2.69,  0.000,  0.00,  0.000,  0.000,  0.000,  0.000
840003250681791,  1776,81,16:55:09,17:02:25,   436, 45.43, 44.15,TEST  ,  1.28,  0.000,  0.00,  0.000,  0.000,  0.000,  0.000
840003211747927,  9898,83,16:57:28,17:02:37,   309, 16.82, 15.26,TEST  ,  1.56,  0.000,  0.00,  0.000,  0.000,  0.000,  0.000
840003218920767,  1009,80,16:58:56,17:02:57,   241, 57.13, 55.87,TEST  ,  1.26,  0.000,  0.00,  0.000,  0.000,  0.000,  0.000
840003250681632,  1617, 6,17:01:19,17:02:56,    97, 81.50, 80.70,LS    ,  0.80,  0.000,  0.00,  0.000,  0.000,  0.000,  0.000
840003250681637,  1622, 1,17:02:41,17:03:01,    20, 81.10, 81.10,HS    ,  0.00,  0.000,  0.00,  0.000,  0.000,  0.000,  0.000
840003250681659,  1644,31,16:55:53,17:03:15,   442, 73.70, 71.70,LS    ,  2.00,  0.000,  0.00,  0.000,  0.000,  0.000,  0.000
840003234513898,  1506,63,17:01:44,17:03:26,   102, 64.71, 63.83,TEST  ,  0.88,  0.000,  0.00,  0.000,  0.000,  0.000,  0.000
840003234513814,  1422,82,16:56:32,17:03:55,   443, 39.56, 37.54,TEST  ,  2.02,  0.000,  0.00,  0.000,  0.000,  0.000,  0.000
840003268256482,  9300,25,16:56:12,17:03:49,   457, 79.50, 77.20,LS    ,  2.30,  0.000,  0.00,  0.000,  0.000,  0.000,  0.000
840003250681632,  1617, 5,17:03:34,17:04:03,    29, 84.10, 83.80,HS    ,  0.30,  0.000,  0.00,  0.000,  0.000,  0.000,  0.000
840003250681644,  1629,16,16:51:29,17:04:03,   754, 79.80, 77.10,HS    ,  2.70,  0.000,  0.00,  0.000,  0.000,  0.000,  0.000
840003234513814,  1422,83,17:04:08,17:04:13,     5, 15.17, 15.27,TEST  , -0.10,  0.000,  0.00,  0.000,  0.000,  0.000,  0.000
840003250681748,  1733,65,16:56:00,17:04:16,   496, 71.46, 68.55,TEST  ,  2.91,  0.000,  0.00,  0.000,  0.000,  0.000,  0.000
840003250681788,  1773,68,16:53:41,17:04:40,   659, 26.53, 25.11,TEST  ,  1.42,  0.000,  0.00,  0.000,  0.000,  0.000,  0.000
840003274076135,  1033,17,17:00:15,17:04:43,   268, 81.50, 80.20,HS    ,  1.30,  0.000,  0.00,  0.000,  0.000,  0.000,  0.000
840003234513847,  1455,57,16:59:48,17:04:50,   302, 81.94, 81.22,TEST  ,  0.72,  0.000,  0.00,  0.000,  0.000,  0.000,  0.000
840003250681632,  1617, 5,17:04:21,17:04:48,    27, 83.80, 83.60,HS    ,  0.20,  0.000,  0.00,  0.000,  0.000,  0.000,  0.000
840003250681644,  1629,12,17:04:46,17:05:22,    36, 80.90, 80.70,LS    ,  0.20,  0.000,  0.00,  0.000,  0.000,  0.000,  0.000
840003234513840,  1448,67,16:58:30,17:05:53,   443, 32.82, 30.08,TEST  ,  2.74,  0.000,  0.00,  0.000,  0.000,  0.000,  0.000
840003250681644,  1629,12,17:05:34,17:05:49,    15, 80.50, 80.30,LS    ,  0.20,  0.000,  0.00,  0.000,  0.000,  0.000,  0.000
840003234513847,  1455,55,17:01:30,17:06:11,   281, 71.47, 69.00,TEST  ,  2.47,  0.000,  0.00,  0.000,  0.000,  0.000,  0.000
840003287325014,  9956, 2,16:58:43,17:06:08,   445, 81.00, 78.70,LS    ,  2.30,  0.000,  0.00,  0.000,  0.000,  0.000,  0.000
840003250681632,  1617, 6,17:05:01,17:06:11,    70, 80.60, 80.10,LS    ,  0.50,  0.000,  0.00,  0.000,  0.000,  0.000,  0.000
840003250681791,  1776,80,17:03:00,17:06:34,   214, 55.87, 55.17,TEST  ,  0.70,  0.000,  0.00,  0.000,  0.000,  0.000,  0.000
840003250681644,  1629,12,17:06:18,17:06:35,    17, 80.30, 79.80,LS    ,  0.50,  0.000,  0.00,  0.000,  0.000,  0.000,  0.000
840003205049486,  9600,70,17:05:12,17:06:50,    98, 37.22, 36.63,TEST  ,  0.59,  0.000,  0.00,  0.000,  0.000,  0.000,  0.000
840003234513814,  1422,83,17:04:14,17:06:54,   160, 15.27, 14.49,TEST  ,  0.78,  0.000,  0.00,  0.000,  0.000,  0.000,  0.000
840003250681632,  1617, 5,17:06:21,17:07:23,    62, 83.60, 83.10,HS    ,  0.50,  0.000,  0.00,  0.000,  0.000,  0.000,  0.000
840003250681644,  1629,12,17:07:08,17:07:40,    32, 79.90, 79.70,LS    ,  0.20,  0.000,  0.00,  0.000,  0.000,  0.000,  0.000
840003250681791,  1776,83,17:06:55,17:08:19,    84, 14.49, 14.27,TEST  ,  0.22,  0.000,  0.00,  0.000,  0.000,  0.000,  0.000
840003250681632,  1617, 5,17:07:43,17:08:19,    36, 83.10, 82.80,HS    ,  0.30,  0.000,  0.00,  0.000,  0.000,  0.000,  0.000
840003250681644,  1629,12,17:08:17,17:08:26,     9, 79.70, 79.70,LS    ,  0.00,  0.000,  0.00,  0.000,  0.000,  0.000,  0.000
840003205049486,  9600,65,17:07:16,17:08:43,    87, 68.55, 67.99,TEST  ,  0.56,  0.000,  0.00,  0.000,  0.000,  0.000,  0.000
840003211747972,  9943,14,17:08:47,17:09:03,    16, 87.20, 87.00,HS    ,  0.20,  0.000,  0.00,  0.000,  0.000,  0.000,  0.000
840003250681748,  1733,58,17:06:26,17:09:36,   190, 74.86, 74.09,TEST  ,  0.77,  0.000,  0.00,  0.000,  0.000,  0.000,  0.000
840003218920820,  1062,27,16:52:45,17:09:35,  1010, 86.60, 83.30,LS    ,  3.30,  0.000,  0.00,  0.000,  0.000,  0.000,  0.000
840003287324990,  9827,28,16:55:01,17:09:52,   891, 69.60, 63.50,LS    ,  6.10,  0.000,  0.00,  0.000,  0.000,  0.000,  0.000
840003234513840,  1448,63,17:06:24,17:10:04,   220, 63.75, 62.32,TEST  ,  1.43,  0.000,  0.00,  0.000,  0.000,  0.000,  0.000
840003234513847,  1455,55,17:06:20,17:10:06,   226, 69.01, 67.34,TEST  ,  1.67,  0.000,  0.00,  0.000,  0.000,  0.000,  0.000
840003250681632,  1617, 6,17:08:34,17:10:11,    97, 80.10, 79.80,LS    ,  0.30,  0.000,  0.00,  0.000,  0.000,  0.000,  0.000
840003250681659,  1644,31,17:07:38,17:10:39,   181, 71.70, 70.60,LS    ,  1.10,  0.000,  0.00,  0.000,  0.000,  0.000,  0.000
840003211747972,  9943,15,17:09:34,17:11:03,    89, 80.20, 79.80,LS    ,  0.40,  0.000,  0.00,  0.000,  0.000,  0.000,  0.000
840003234513847,  1455,55,17:10:31,17:11:20,    49, 67.28, 66.97,TEST  ,  0.31,  0.000,  0.00,  0.000,  0.000,  0.000,  0.000
840003287325014,  9956, 2,17:07:29,17:11:38,   249, 78.80, 77.30,LS    ,  1.50,  0.000,  0.00,  0.000,  0.000,  0.000,  0.000
840003250681632,  1617, 6,17:11:12,17:11:59,    47, 79.70, 79.60,LS    ,  0.10,  0.000,  0.00,  0.000,  0.000,  0.000,  0.000
840003211747972,  9943,15,17:11:46,17:12:09,    23, 79.70, 79.50,LS    ,  0.20,  0.000,  0.00,  0.000,  0.000,  0.000,  0.000
840003250681788,  1773,82,17:08:23,17:12:15,   232, 37.59, 36.92,TEST  ,  0.67,  0.000,  0.00,  0.000,  0.000,  0.000,  0.000
840003250681791,  1776,79,17:09:07,17:12:24,   197, 69.00, 68.08,TEST  ,  0.92,  0.000,  0.00,  0.000,  0.000,  0.000,  0.000
840003211747972,  9943,14,17:12:29,17:12:52,    23, 86.90, 86.60,HS    ,  0.30,  0.000,  0.00,  0.000,  0.000,  0.000,  0.000
840003250681627,  1612, 2,17:11:49,17:14:04,   135, 77.30, 76.70,LS    ,  0.60,  0.000,  0.00,  0.000,  0.000,  0.000,  0.000
840003250681644,  1629,13,17:09:28,17:14:21,   293, 76.00, 75.00,HS    ,  1.00,  0.000,  0.00,  0.000,  0.000,  0.000,  0.000
840003234513898,  1506,83,17:08:26,17:14:27,   361, 14.23, 11.83,TEST  ,  2.40,  0.000,  0.00,  0.000,  0.000,  0.000,  0.000
840003211747972,  9943,12,17:13:37,17:14:25,    48, 79.20, 79.20,LS    ,  0.00,  0.000,  0.00,  0.000,  0.000,  0.000,  0.000
840003234513840,  1448,63,17:10:11,17:14:32,   261, 62.37, 60.75,TEST  ,  1.62,  0.000,  0.00,  0.000,  0.000,  0.000,  0.000
840003287325014,  9956, 2,17:14:13,17:15:45,    92, 76.80, 76.20,LS    ,  0.60,  0.000,  0.00,  0.000,  0.000,  0.000,  0.000
840003211747935,  9906,19,17:12:40,17:16:10,   210, 81.70, 80.40,LS    ,  1.30,  0.000,  0.00,  0.000,  0.000,  0.000,  0.000
840003211747935,  9906,22,17:16:42,17:16:57,    15, 83.70, 83.60,HS    ,  0.10,  0.000,  0.00,  0.000,  0.000,  0.000,  0.000
840003211747935,  9906,24,17:17:23,17:17:41,    18, 84.70, 84.50,HS    ,  0.20,  0.000,  0.00,  0.000,  0.000,  0.000,  0.000
840003268256482,  9300, 7,17:06:12,17:17:56,   704, 89.50, 86.10,LS    ,  3.40,  0.000,  0.00,  0.000,  0.000,  0.000,  0.000
840003211747972,  9943,11,17:15:31,17:18:19,   168, 80.70, 79.80,LS    ,  0.90,  0.000,  0.00,  0.000,  0.000,  0.000,  0.000
840003250681627,  1612, 6,17:14:41,17:18:27,   226, 79.60, 78.30,LS    ,  1.30,  0.000,  0.00,  0.000,  0.000,  0.000,  0.000
840003250681637,  1622, 3,17:04:45,17:19:11,   866, 82.80, 78.80,LS    ,  4.00,  0.000,  0.00,  0.000,  0.000,  0.000,  0.000
840003211747935,  9906,25,17:17:46,17:19:29,   103, 77.20, 76.50,LS    ,  0.70,  0.000,  0.00,  0.000,  0.000,  0.000,  0.000
840003250681788,  1773,80,17:14:49,17:19:41,   292, 55.15, 54.39,TEST  ,  0.76,  0.000,  0.00,  0.000,  0.000,  0.000,  0.000
840003234513840,  1448,63,17:14:55,17:19:59,   304, 60.74, 59.06,TEST  ,  1.68,  0.000,  0.00,  0.000,  0.000,  0.000,  0.000
840003211747935,  9906,26,17:19:43,17:20:13,    30, 81.90, 81.70,HS    ,  0.20,  0.000,  0.00,  0.000,  0.000,  0.000,  0.000
840003211747972,  9943, 7,17:20:37,17:21:44,    67, 86.10, 85.70,LS    ,  0.40,  0.000,  0.00,  0.000,  0.000,  0.000,  0.000
840003211747972,  9943, 8,17:21:49,17:22:03,    14, 92.30, 92.00,HS    ,  0.30,  0.000,  0.00,  0.000,  0.000,  0.000,  0.000
840003211747935,  9906,25,17:20:53,17:22:28,    95, 76.50, 75.90,LS    ,  0.60,  0.000,  0.00,  0.000,  0.000,  0.000,  0.000
840003211747935,  9906,26,17:22:33,17:22:59,    26, 81.70, 81.50,HS    ,  0.20,  0.000,  0.00,  0.000,  0.000,  0.000,  0.000
840003211747972,  9943, 8,17:22:48,17:23:02,    14, 92.00, 91.70,HS    ,  0.30,  0.000,  0.00,  0.000,  0.000,  0.000,  0.000
840003211747935,  9906,26,17:23:22,17:23:48,    26, 81.50, 81.30,HS    ,  0.20,  0.000,  0.00,  0.000,  0.000,  0.000,  0.000
840003268256482,  9300,10,17:20:30,17:23:56,   206, 54.50, 53.50,LS    ,  1.00,  0.000,  0.00,  0.000,  0.000,  0.000,  0.000
840003205049610,  9724, 5,17:09:48,17:24:02,   854, 82.80, 78.20,HS    ,  4.60,  0.000,  0.00,  0.000,  0.000,  0.000,  0.000
840003211747992,  9963,27,17:20:02,17:24:05,   243, 83.30, 81.20,LS    ,  2.10,  0.000,  0.00,  0.000,  0.000,  0.000,  0.000
840003211747972,  9943, 7,17:23:41,17:24:11,    30, 85.70, 85.40,LS    ,  0.30,  0.000,  0.00,  0.000,  0.000,  0.000,  0.000
840003250681627,  1612, 6,17:18:43,17:24:22,   339, 78.30, 76.80,LS    ,  1.50,  0.000,  0.00,  0.000,  0.000,  0.000,  0.000
840003205049486,  9600,65,17:08:59,17:24:43,   944, 67.97, 62.79,TEST  ,  5.18,  0.000,  0.00,  0.000,  0.000,  0.000,  0.000
840003205049610,  9724, 6,17:24:36,17:24:39,     3, 76.90, 76.80,LS    ,  0.10,  0.000,  0.00,  0.000,  0.000,  0.000,  0.000
840003211747935,  9906,27,17:24:15,17:24:41,    26, 81.40, 81.00,LS    ,  0.40,  0.000,  0.00,  0.000,  0.000,  0.000,  0.000
840003211748008,  9979,69,17:19:40,17:25:41,   361, 32.06, 30.38,TEST  ,  1.68,  0.000,  0.00,  0.000,  0.000,  0.000,  0.000
840003234513898,  1506,81,17:14:55,17:25:47,   652, 44.13, 40.19,TEST  ,  3.94,  0.000,  0.00,  0.000,  0.000,  0.000,  0.000
840003211747972,  9943,12,17:24:55,17:25:47,    52, 79.10, 78.80,LS    ,  0.30,  0.000,  0.00,  0.000,  0.000,  0.000,  0.000
840003211747935,  9906,30,17:25:55,17:26:15,    20, 79.50, 79.40,HS    ,  0.10,  0.000,  0.00,  0.000,  0.000,  0.000,  0.000
840003250681788,  1773,80,17:19:47,17:26:22,   395, 54.38, 53.42,TEST  ,  0.96,  0.000,  0.00,  0.000,  0.000,  0.000,  0.000
840003287324997,  1371,82,17:15:56,17:27:08,   672, 36.94, 33.27,TEST  ,  3.67,  0.000,  0.00,  0.000,  0.000,  0.000,  0.000
840003211747972,  9943,12,17:26:21,17:27:05,    44, 78.80, 78.50,LS    ,  0.30,  0.000,  0.00,  0.000,  0.000,  0.000,  0.000
840003287325014,  9956, 3,17:19:23,17:27:18,   475, 78.80, 76.20,LS    ,  2.60,  0.000,  0.00,  0.000,  0.000,  0.000,  0.000
840003234513898,  1506,80,17:26:29,17:28:02,    93, 53.45, 52.91,TEST  ,  0.54,  0.000,  0.00,  0.000,  0.000,  0.000,  0.000
840003287325013,  9824, 4,17:01:16,17:28:10,  1614, 88.00, 79.00,HS    ,  9.00,  0.000,  0.00,  0.000,  0.000,  0.000,  0.000
840003211747972,  9943,12,17:27:40,17:28:25,    45, 78.40, 78.10,LS    ,  0.30,  0.000,  0.00,  0.000,  0.000,  0.000,  0.000
840003287325014,  9956, 4,17:28:25,17:28:40,    15, 79.00, 78.70,HS    ,  0.30,  0.000,  0.00,  0.000,  0.000,  0.000,  0.000
840003211747972,  9943,12,17:28:55,17:29:40,    45, 78.00, 77.80,LS    ,  0.20,  0.000,  0.00,  0.000,  0.000,  0.000,  0.000
840003250681748,  1733,67,17:21:32,17:29:55,   503, 30.02, 27.67,TEST  ,  2.35,  0.000,  0.00,  0.000,  0.000,  0.000,  0.000
840003287325014,  9956, 4,17:29:23,17:29:51,    28, 78.70, 78.50,HS    ,  0.20,  0.000,  0.00,  0.000,  0.000,  0.000,  0.000
840003287325013,  9824, 5,17:29:02,17:30:10,    68, 78.10, 77.80,HS    ,  0.30,  0.000,  0.00,  0.000,  0.000,  0.000,  0.000
840003287324983,  9870,31,17:16:58,17:30:38,   820, 70.60, 65.70,LS    ,  4.90,  0.000,  0.00,  0.000,  0.000,  0.000,  0.000
840003250681748,  1733,67,17:31:04,17:31:13,     9, 27.67, 27.68,TEST  , -0.01,  0.000,  0.00,  0.000,  0.000,  0.000,  0.000
840003211747935,  9906,28,17:26:23,17:31:13,   290, 63.40, 61.60,LS    ,  1.80,  0.000,  0.00,  0.000,  0.000,  0.000,  0.000
840003211747935,  9906,30,17:31:25,17:32:27,    62, 79.40, 79.10,HS    ,  0.30,  0.000,  0.00,  0.000,  0.000,  0.000,  0.000
840003211747972,  9943,24,17:32:39,17:32:54,    15, 84.50, 84.20,HS    ,  0.30,  0.000,  0.00,  0.000,  0.000,  0.000,  0.000
840003211747935,  9906,30,17:32:50,17:33:11,    21, 79.10, 78.90,HS    ,  0.20,  0.000,  0.00,  0.000,  0.000,  0.000,  0.000
840003287325014,  9956, 6,17:30:21,17:33:38,   197, 76.80, 76.20,LS    ,  0.60,  0.000,  0.00,  0.000,  0.000,  0.000,  0.000
840003211747935,  9906,29,17:33:21,17:33:44,    23, 83.90, 83.80,HS    ,  0.10,  0.000,  0.00,  0.000,  0.000,  0.000,  0.000
840003250681649,  1634,28,17:31:26,17:33:48,   142, 61.60, 60.80,LS    ,  0.80,  0.000,  0.00,  0.000,  0.000,  0.000,  0.000
840003211747972,  9943,24,17:33:40,17:33:56,    16, 84.20, 83.80,HS    ,  0.40,  0.000,  0.00,  0.000,  0.000,  0.000,  0.000
840003250681788,  1773,79,17:26:25,17:34:44,   499, 68.06, 66.82,TEST  ,  1.24,  0.000,  0.00,  0.000,  0.000,  0.000,  0.000
840003205049588,  9702,17,17:21:39,17:34:44,   785, 80.10, 76.40,HS    ,  3.70,  0.000,  0.00,  0.000,  0.000,  0.000,  0.000
840003287324997,  1371,81,17:32:29,17:34:57,   148, 40.19, 39.32,TEST  ,  0.87,  0.000,  0.00,  0.000,  0.000,  0.000,  0.000
840003205049588,  9702,16,17:34:50,17:34:57,     7, 77.00, 77.10,HS    , -0.10,  0.000,  0.00,  0.000,  0.000,  0.000,  0.000
840003250681788,  1773,81,17:34:58,17:35:05,     7, 39.32, 39.31,TEST  ,  0.01,  0.000,  0.00,  0.000,  0.000,  0.000,  0.000
840003250681748,  1733,67,17:31:13,17:35:20,   247, 27.68, 26.51,TEST  ,  1.17,  0.000,  0.00,  0.000,  0.000,  0.000,  0.000
840003218920873,  1115,32,17:32:38,17:36:23,   225, 77.60, 76.30,HS    ,  1.30,  0.000,  0.00,  0.000,  0.000,  0.000,  0.000
840003211747972,  9943,25,17:34:37,17:36:29,   112, 75.80, 75.30,LS    ,  0.50,  0.000,  0.00,  0.000,  0.000,  0.000,  0.000
840003274076170,  9253,71,17:37:06,17:37:13,     7, 33.88, 33.86,TEST  ,  0.02,  0.000,  0.00,  0.000,  0.000,  0.000,  0.000
840003234513840,  1448,66,17:31:59,17:37:38,   339, 58.10, 56.27,TEST  ,  1.83,  0.000,  0.00,  0.000,  0.000,  0.000,  0.000
840003274076170,  9253,72,17:37:35,17:37:43,     8, 58.26, 58.26,TEST  ,  0.00,  0.000,  0.00,  0.000,  0.000,  0.000,  0.000
840003211747935,  9906,28,17:33:59,17:38:08,   249, 60.80, 58.90,LS    ,  1.90,  0.000,  0.00,  0.000,  0.000,  0.000,  0.000
840003218920873,  1115,29,17:36:55,17:38:26,    91, 83.80, 83.20,HS    ,  0.60,  0.000,  0.00,  0.000,  0.000,  0.000,  0.000
840003211747935,  9906,29,17:38:37,17:39:02,    25, 83.20, 83.10,HS    ,  0.10,  0.000,  0.00,  0.000,  0.000,  0.000,  0.000
840003250681646,  1631,17,17:34:56,17:40:20,   324, 76.40, 74.90,HS    ,  1.50,  0.000,  0.00,  0.000,  0.000,  0.000,  0.000
840003205049486,  9600,65,17:25:06,17:40:32,   926, 62.80, 58.15,TEST  ,  4.65,  0.000,  0.00,  0.000,  0.000,  0.000,  0.000
840003211747992,  9963,20,17:25:15,17:40:58,   943, 62.60, 46.20,LS    , 16.40,  0.000,  0.00,  0.000,  0.000,  0.000,  0.000
840003211748008,  9979,73,17:26:00,17:41:08,   908, 46.25, 40.99,TEST  ,  5.26,  0.000,  0.00,  0.000,  0.000,  0.000,  0.000
840003211747935,  9906,28,17:39:15,17:41:03,   108, 59.00, 58.30,LS    ,  0.70,  0.000,  0.00,  0.000,  0.000,  0.000,  0.000
840003234513840,  1448,66,17:38:50,17:41:21,   151, 55.88, 55.00,TEST  ,  0.88,  0.000,  0.00,  0.000,  0.000,  0.000,  0.000
840003205049610,  9724,10,17:24:51,17:42:04,  1033, 53.50, 46.50,LS    ,  7.00,  0.000,  0.00,  0.000,  0.000,  0.000,  0.000
840003250681649,  1634,27,17:34:10,17:42:05,   475, 81.10, 78.50,LS    ,  2.60,  0.000,  0.00,  0.000,  0.000,  0.000,  0.000
840003211747935,  9906,29,17:41:29,17:42:06,    37, 83.10, 82.90,HS    ,  0.20,  0.000,  0.00,  0.000,  0.000,  0.000,  0.000
840003250681640,  1625,30,17:35:05,17:42:41,   456, 78.90, 76.90,HS    ,  2.00,  0.000,  0.00,  0.000,  0.000,  0.000,  0.000
840003211747935,  9906,30,17:42:53,17:42:58,     5, 76.90, 76.80,HS    ,  0.10,  0.000,  0.00,  0.000,  0.000,  0.000,  0.000
840003205049610,  9724, 9,17:43:02,17:44:05,    63, 92.10, 91.80,HS    ,  0.30,  0.000,  0.00,  0.000,  0.000,  0.000,  0.000
840003234513840,  1448,66,17:41:34,17:44:21,   167, 54.99, 54.00,TEST  ,  0.99,  0.000,  0.00,  0.000,  0.000,  0.000,  0.000
840003250681674,  1659,10,17:43:48,17:44:23,    35, 45.80, 45.50,LS    ,  0.30,  0.000,  0.00,  0.000,  0.000,  0.000,  0.000
840003250681788,  1773,81,17:35:27,17:44:59,   572, 39.10, 37.42,TEST  ,  1.68,  0.000,  0.00,  0.000,  0.000,  0.000,  0.000
840003287324997,  1371,82,17:35:06,17:45:23,   617, 33.27, 30.64,TEST  ,  2.63,  0.000,  0.00,  0.000,  0.000,  0.000,  0.000
840003250681788,  1773,82,17:45:23,17:45:29,     6, 30.64, 30.61,TEST  ,  0.03,  0.000,  0.00,  0.000,  0.000,  0.000,  0.000
840003205049610,  9724,12,17:45:32,17:45:36,     4, 77.90, 77.40,LS    ,  0.50,  0.000,  0.00,  0.000,  0.000,  0.000,  0.000
840003205049588,  9702,13,17:35:11,17:45:47,   636, 75.00, 72.80,HS    ,  2.20,  0.000,  0.00,  0.000,  0.000,  0.000,  0.000
840003274076170,  9253,77,17:38:14,17:45:52,   458, 75.03, 72.96,TEST  ,  2.07,  0.000,  0.00,  0.000,  0.000,  0.000,  0.000
840003274076170,  9253,78,17:45:55,17:46:00,     5, 65.70, 65.75,TEST  , -0.05,  0.000,  0.00,  0.000,  0.000,  0.000,  0.000
840003211747992,  9963,19,17:41:16,17:46:01,   285, 80.40, 78.50,LS    ,  1.90,  0.000,  0.00,  0.000,  0.000,  0.000,  0.000
840003274076170,  9253,78,17:46:01,17:46:12,    11, 65.75, 65.76,TEST  , -0.01,  0.000,  0.00,  0.000,  0.000,  0.000,  0.000
840003250681646,  1631,16,17:40:48,17:46:09,   321, 77.10, 75.50,HS    ,  1.60,  0.000,  0.00,  0.000,  0.000,  0.000,  0.000
840003287324966,  1261,15,17:40:33,17:46:21,   348, 79.50, 77.70,LS    ,  1.80,  0.000,  0.00,  0.000,  0.000,  0.000,  0.000
840003287324983,  9870,31,17:30:54,17:46:35,   941, 65.70, 61.10,LS    ,  4.60,  0.000,  0.00,  0.000,  0.000,  0.000,  0.000
840003250681640,  1625,30,17:43:28,17:47:04,   216, 76.80, 75.90,HS    ,  0.90,  0.000,  0.00,  0.000,  0.000,  0.000,  0.000
840003250681788,  1773,82,17:45:47,17:47:17,    90, 30.46, 30.20,TEST  ,  0.26,  0.000,  0.00,  0.000,  0.000,  0.000,  0.000
840003211747935,  9906,30,17:47:16,17:47:23,     7, 76.00, 75.80,HS    ,  0.20,  0.000,  0.00,  0.000,  0.000,  0.000,  0.000
840003250681649,  1634,28,17:42:20,17:47:32,   312, 58.30, 56.30,LS    ,  2.00,  0.000,  0.00,  0.000,  0.000,  0.000,  0.000
840003218920873,  1115,26,17:38:50,17:47:52,   542, 81.30, 77.50,HS    ,  3.80,  0.000,  0.00,  0.000,  0.000,  0.000,  0.000
840003250681672,  1657,23,17:19:28,17:48:17,  1729, 74.40, 65.30,LS    ,  9.10,  0.000,  0.00,  0.000,  0.000,  0.000,  0.000
840003250681674,  1659,10,17:45:38,17:48:35,   177, 45.20, 44.20,LS    ,  1.00,  0.000,  0.00,  0.000,  0.000,  0.000,  0.000
840003234513840,  1448,65,17:44:33,17:48:47,   254, 58.15, 56.75,TEST  ,  1.40,  0.000,  0.00,  0.000,  0.000,  0.000,  0.000
840003205049605,  9719,69,17:42:30,17:49:14,   404, 30.39, 27.70,TEST  ,  2.69,  0.000,  0.00,  0.000,  0.000,  0.000,  0.000
840003211747935,  9906,28,17:47:41,17:50:19,   158, 56.40, 55.60,LS    ,  0.80,  0.000,  0.00,  0.000,  0.000,  0.000,  0.000
840003274076201,  1702,68,17:26:42,17:50:34,  1432, 25.07, 18.27,TEST  ,  6.80,  0.000,  0.00,  0.000,  0.000,  0.000,  0.000
840003211747935,  9906,29,17:50:56,17:51:00,     4, 82.90, 82.90,HS    ,  0.00,  0.000,  0.00,  0.000,  0.000,  0.000,  0.000
840003250681640,  1625,30,17:47:33,17:51:06,   213, 75.80, 74.90,HS    ,  0.90,  0.000,  0.00,  0.000,  0.000,  0.000,  0.000
840003234513966,  1574,66,17:44:40,17:53:45,   545, 54.03, 50.41,TEST  ,  3.62,  0.000,  0.00,  0.000,  0.000,  0.000,  0.000
840003218920826,  1068,83,17:46:37,17:54:26,   469, 12.23,  9.13,TEST  ,  3.10,  0.000,  0.00,  0.000,  0.000,  0.000,  0.000
840003250681674,  1659,10,17:49:52,17:54:34,   282, 44.00, 42.40,LS    ,  1.60,  0.000,  0.00,  0.000,  0.000,  0.000,  0.000
840003250681627,  1612, 2,17:24:48,17:54:44,  1796, 76.20, 69.60,LS    ,  6.60,  0.000,  0.00,  0.000,  0.000,  0.000,  0.000
840003203286181,  1204, 1,17:25:08,17:54:56,  1788, 81.00, 72.80,HS    ,  8.20,  0.000,  0.00,  0.000,  0.000,  0.000,  0.000
840003287324966,  1261,15,17:46:40,17:55:18,   518, 77.80, 75.40,LS    ,  2.40,  0.000,  0.00,  0.000,  0.000,  0.000,  0.000
840003287325010,  9802,16,17:49:05,17:55:30,   385, 75.40, 72.80,HS    ,  2.60,  0.000,  0.00,  0.000,  0.000,  0.000,  0.000
840003218920887,  1129,69,17:53:23,17:55:52,   149, 27.68, 26.98,TEST  ,  0.70,  0.000,  0.00,  0.000,  0.000,  0.000,  0.000
840003218920826,  1068,83,17:55:38,17:56:15,    37,  9.13,  8.81,TEST  ,  0.32,  0.000,  0.00,  0.000,  0.000,  0.000,  0.000
840003218920826,  1068,83,17:56:16,17:56:22,     6,  8.82,  8.83,TEST  , -0.01,  0.000,  0.00,  0.000,  0.000,  0.000,  0.000
840003218920826,  1068,83,17:56:23,17:57:17,    54,  8.82,  8.38,TEST  ,  0.44,  0.000,  0.00,  0.000,  0.000,  0.000,  0.000
840003211747935,  9906,28,17:51:29,17:57:29,   360, 55.60, 53.70,LS    ,  1.90,  0.000,  0.00,  0.000,  0.000,  0.000,  0.000
840003250681646,  1631,17,17:46:40,17:57:39,   659, 74.90, 71.50,HS    ,  3.40,  0.000,  0.00,  0.000,  0.000,  0.000,  0.000
840003287325010,  9802,15,17:55:38,17:57:48,   130, 75.50, 74.30,LS    ,  1.20,  0.000,  0.00,  0.000,  0.000,  0.000,  0.000
840003250681788,  1773,81,17:47:24,17:57:57,   633, 37.42, 36.24,TEST  ,  1.18,  0.000,  0.00,  0.000,  0.000,  0.000,  0.000
840003205049588,  9702,14,17:46:12,17:58:06,   714, 86.70, 84.30,HS    ,  2.40,  0.000,  0.00,  0.000,  0.000,  0.000,  0.000
840003250681640,  1625,30,17:51:30,17:58:11,   401, 74.90, 73.00,HS    ,  1.90,  0.000,  0.00,  0.000,  0.000,  0.000,  0.000
840003287325010,  9802, 7,17:58:12,17:58:39,    27, 85.40, 85.20,LS    ,  0.20,  0.000,  0.00,  0.000,  0.000,  0.000,  0.000
840003234513966,  1574,66,17:54:02,17:58:54,   292, 50.42, 48.46,TEST  ,  1.96,  0.000,  0.00,  0.000,  0.000,  0.000,  0.000
840003205049610,  9724, 5,17:55:37,17:58:57,   200, 77.70, 77.10,HS    ,  0.60,  0.000,  0.00,  0.000,  0.000,  0.000,  0.000
840003211747935,  9906,30,17:58:29,17:59:28,    59, 73.00, 72.80,HS    ,  0.20,  0.000,  0.00,  0.000,  0.000,  0.000,  0.000
840003250681674,  1659,10,17:58:10,17:59:33,    83, 41.50, 41.10,LS    ,  0.40,  0.000,  0.00,  0.000,  0.000,  0.000,  0.000
840003211747992,  9963, 3,17:52:50,17:59:38,   408, 76.20, 73.50,LS    ,  2.70,  0.000,  0.00,  0.000,  0.000,  0.000,  0.000
840003250681788,  1773,83,17:59:56,18:00:01,     5,  8.43,  8.44,TEST  , -0.01,  0.000,  0.00,  0.000,  0.000,  0.000,  0.000
840003211747935,  9906,30,17:59:59,18:00:07,     8, 72.80, 72.90,HS    , -0.10,  0.000,  0.00,  0.000,  0.000,  0.000,  0.000
840003250681646,  1631,13,17:58:20,18:00:10,   110, 72.80, 72.50,HS    ,  0.30,  0.000,  0.00,  0.000,  0.000,  0.000,  0.000
840003274076170,  9253,79,17:46:35,18:00:17,   822, 66.80, 63.07,TEST  ,  3.73,  0.000,  0.00,  0.000,  0.000,  0.000,  0.000
840003287324966,  1261,12,17:55:35,18:01:01,   326, 77.70, 75.90,LS    ,  1.80,  0.000,  0.00,  0.000,  0.000,  0.000,  0.000
840003211747935,  9906,28,18:00:14,18:01:06,    52, 53.70, 53.30,LS    ,  0.40,  0.000,  0.00,  0.000,  0.000,  0.000,  0.000
840003287324988,  9593,82,17:47:22,18:01:18,   836, 30.21, 24.05,TEST  ,  6.16,  0.000,  0.00,  0.000,  0.000,  0.000,  0.000
840003205049605,  9719,81,17:58:00,18:01:21,   201, 36.19, 34.64,TEST  ,  1.55,  0.000,  0.00,  0.000,  0.000,  0.000,  0.000
840003205049610,  9724,10,18:01:01,18:01:23,    22, 40.50, 40.50,LS    ,  0.00,  0.000,  0.00,  0.000,  0.000,  0.000,  0.000
840003218920873,  1115,26,17:48:08,18:01:43,   815, 77.50, 68.80,HS    ,  8.70,  0.000,  0.00,  0.000,  0.000,  0.000,  0.000
840003287324997,  1371,80,17:45:33,18:02:03,   990, 52.89, 48.00,TEST  ,  4.89,  0.000,  0.00,  0.000,  0.000,  0.000,  0.000
840003205049588,  9702, 9,17:58:33,18:02:10,   217, 91.70, 91.10,HS    ,  0.60,  0.000,  0.00,  0.000,  0.000,  0.000,  0.000
840003287325010,  9802, 8,17:58:53,18:02:26,   213, 91.70, 90.30,HS    ,  1.40,  0.000,  0.00,  0.000,  0.000,  0.000,  0.000
840003250681672,  1657,19,17:49:26,18:02:55,   809, 78.50, 74.90,LS    ,  3.60,  0.000,  0.00,  0.000,  0.000,  0.000,  0.000
840003234513966,  1574,65,17:59:29,18:03:04,   215, 56.75, 55.41,TEST  ,  1.34,  0.000,  0.00,  0.000,  0.000,  0.000,  0.000
840003268256515,  1097,78,18:00:02,18:03:07,   185, 65.71, 64.09,TEST  ,  1.62,  0.000,  0.00,  0.000,  0.000,  0.000,  0.000
840003234513828,  1436,69,17:58:24,18:03:12,   288, 26.98, 24.94,TEST  ,  2.04,  0.000,  0.00,  0.000,  0.000,  0.000,  0.000
840003211748008,  9979,77,17:46:33,18:03:13,  1000, 72.98, 67.39,TEST  ,  5.59,  0.000,  0.00,  0.000,  0.000,  0.000,  0.000
840003218920887,  1129,74,17:55:59,18:03:41,   462, 43.65, 41.48,TEST  ,  2.17,  0.000,  0.00,  0.000,  0.000,  0.000,  0.000
840003268256515,  1097,80,18:04:02,18:04:08,     6, 47.99, 47.98,TEST  ,  0.01,  0.000,  0.00,  0.000,  0.000,  0.000,  0.000
840003234513828,  1436,74,18:03:49,18:04:30,    41, 41.50, 41.17,TEST  ,  0.33,  0.000,  0.00,  0.000,  0.000,  0.000,  0.000
840003211747935,  9906,26,18:02:01,18:04:50,   169, 68.80, 67.60,HS    ,  1.20,  0.000,  0.00,  0.000,  0.000,  0.000,  0.000
840003287324997,  1371,79,18:04:46,18:04:55,     9, 63.08, 63.05,TEST  ,  0.03,  0.000,  0.00,  0.000,  0.000,  0.000,  0.000
840003287324997,  1371,79,18:05:14,18:05:24,    10, 62.99, 63.07,TEST  , -0.08,  0.000,  0.00,  0.000,  0.000,  0.000,  0.000
840003234513873,  1481,70,17:58:54,18:05:28,   394, 27.59, 25.49,TEST  ,  2.10,  0.000,  0.00,  0.000,  0.000,  0.000,  0.000
840003287324988,  9593,83,18:01:32,18:05:31,   239,  8.41,  6.91,TEST  ,  1.50,  0.000,  0.00,  0.000,  0.000,  0.000,  0.000
840003234513966,  1574,64,18:03:40,18:05:51,   131, 68.72, 67.83,TEST  ,  0.89,  0.000,  0.00,  0.000,  0.000,  0.000,  0.000
840003211747935,  9906,26,18:04:59,18:05:52,    53, 67.60, 67.10,HS    ,  0.50,  0.000,  0.00,  0.000,  0.000,  0.000,  0.000
840003268256515,  1097,80,18:04:08,18:05:58,   110, 47.98, 47.35,TEST  ,  0.63,  0.000,  0.00,  0.000,  0.000,  0.000,  0.000
840003234513799,  1407,72,18:02:05,18:06:05,   240, 58.24, 57.24,TEST  ,  1.00,  0.000,  0.00,  0.000,  0.000,  0.000,  0.000
840003211747992,  9963, 3,18:00:42,18:06:10,   328, 73.50, 71.30,LS    ,  2.20,  0.000,  0.00,  0.000,  0.000,  0.000,  0.000
840003287325010,  9802,11,18:03:01,18:06:14,   193, 79.70, 78.40,LS    ,  1.30,  0.000,  0.00,  0.000,  0.000,  0.000,  0.000
840003211747935,  9906,26,18:06:21,18:06:26,     5, 67.10, 67.10,HS    ,  0.00,  0.000,  0.00,  0.000,  0.000,  0.000,  0.000
840003234513873,  1481,71,18:05:42,18:06:40,    58, 33.83, 33.58,TEST  ,  0.25,  0.000,  0.00,  0.000,  0.000,  0.000,  0.000
840003205049610,  9724,10,18:06:25,18:06:44,    19, 39.10, 39.00,LS    ,  0.10,  0.000,  0.00,  0.000,  0.000,  0.000,  0.000
840003211747935,  9906,26,18:06:38,18:07:01,    23, 67.10, 67.00,HS    ,  0.10,  0.000,  0.00,  0.000,  0.000,  0.000,  0.000
840003250681649,  1634,23,17:48:29,18:07:01,  1112, 65.30, 59.20,LS    ,  6.10,  0.000,  0.00,  0.000,  0.000,  0.000,  0.000
840003218920873,  1115,24,18:01:56,18:07:22,   326, 83.70, 81.70,HS    ,  2.00,  0.000,  0.00,  0.000,  0.000,  0.000,  0.000
840003211747935,  9906,25,18:07:14,18:07:38,    24, 75.30, 75.10,LS    ,  0.20,  0.000,  0.00,  0.000,  0.000,  0.000,  0.000
840003205049610,  9724,10,18:07:56,18:08:27,    31, 38.50, 38.40,LS    ,  0.10,  0.000,  0.00,  0.000,  0.000,  0.000,  0.000
840003287324966,  1261, 6,18:02:16,18:08:38,   382, 76.20, 74.70,LS    ,  1.50,  0.000,  0.00,  0.000,  0.000,  0.000,  0.000
840003268256440,  9884,17,18:03:26,18:09:07,   341, 71.40, 69.20,HS    ,  2.20,  0.000,  0.00,  0.000,  0.000,  0.000,  0.000
840003234513828,  1436,77,18:04:38,18:09:17,   279, 67.37, 65.37,TEST  ,  2.00,  0.000,  0.00,  0.000,  0.000,  0.000,  0.000
840003234513966,  1574,63,18:06:28,18:09:22,   174, 59.04, 57.89,TEST  ,  1.15,  0.000,  0.00,  0.000,  0.000,  0.000,  0.000
840003268256440,  9884,18,18:09:19,18:09:26,     7, 81.70, 81.70,LS    ,  0.00,  0.000,  0.00,  0.000,  0.000,  0.000,  0.000
840003211747935,  9906,25,18:08:25,18:09:35,    70, 75.10, 74.70,LS    ,  0.40,  0.000,  0.00,  0.000,  0.000,  0.000,  0.000
840003268256440,  9884,22,18:09:39,18:09:58,    19, 83.50, 83.50,HS    ,  0.00,  0.000,  0.00,  0.000,  0.000,  0.000,  0.000
840003211747935,  9906,25,18:09:57,18:10:02,     5, 74.70, 74.70,LS    ,  0.00,  0.000,  0.00,  0.000,  0.000,  0.000,  0.000
840003287325010,  9802,16,18:06:36,18:10:04,   208, 72.70, 71.50,HS    ,  1.20,  0.000,  0.00,  0.000,  0.000,  0.000,  0.000
840003211747935,  9906,26,18:10:07,18:10:24,    17, 67.10, 67.00,HS    ,  0.10,  0.000,  0.00,  0.000,  0.000,  0.000,  0.000
840003205049610,  9724,10,18:09:32,18:10:40,    68, 37.90, 37.50,LS    ,  0.40,  0.000,  0.00,  0.000,  0.000,  0.000,  0.000
840003287325010,  9802,15,18:10:17,18:10:54,    37, 74.20, 73.90,LS    ,  0.30,  0.000,  0.00,  0.000,  0.000,  0.000,  0.000
840003268256440,  9884,24,18:10:14,18:11:00,    46, 81.70, 81.30,HS    ,  0.40,  0.000,  0.00,  0.000,  0.000,  0.000,  0.000
840003250681819,  1804,81,18:02:54,18:11:07,   493, 34.68, 32.24,TEST  ,  2.44,  0.000,  0.00,  0.000,  0.000,  0.000,  0.000
840003234513777,  1385,70,18:08:58,18:11:43,   165, 25.49, 24.60,TEST  ,  0.89,  0.000,  0.00,  0.000,  0.000,  0.000,  0.000
840003205049588,  9702, 5,18:06:53,18:11:51,   298, 77.00, 76.00,HS    ,  1.00,  0.000,  0.00,  0.000,  0.000,  0.000,  0.000
840003211747935,  9906,18,18:11:26,18:12:27,    61, 81.70, 81.40,LS    ,  0.30,  0.000,  0.00,  0.000,  0.000,  0.000,  0.000
840003287325010,  9802,22,18:11:23,18:12:44,    81, 83.50, 83.30,HS    ,  0.20,  0.000,  0.00,  0.000,  0.000,  0.000,  0.000
840003234513811,  1419,58,17:56:41,18:12:58,   977, 73.99, 67.21,TEST  ,  6.78,  0.000,  0.00,  0.000,  0.000,  0.000,  0.000
840003234513777,  1385,71,18:11:50,18:13:02,    72, 33.56, 33.19,TEST  ,  0.37,  0.000,  0.00,  0.000,  0.000,  0.000,  0.000
840003234513811,  1419,58,18:13:00,18:13:11,    11, 67.19, 67.21,TEST  , -0.02,  0.000,  0.00,  0.000,  0.000,  0.000,  0.000
840003287324988,  9593,80,18:05:59,18:13:39,   460, 47.35, 43.95,TEST  ,  3.40,  0.000,  0.00,  0.000,  0.000,  0.000,  0.000
840003234513811,  1419,62,18:13:46,18:13:52,     6, 73.20, 73.21,TEST  , -0.01,  0.000,  0.00,  0.000,  0.000,  0.000,  0.000
840003205049610,  9724,10,18:12:20,18:13:48,    88, 37.50, 36.70,LS    ,  0.80,  0.000,  0.00,  0.000,  0.000,  0.000,  0.000
840003287325010,  9802,23,18:12:49,18:13:51,    62, 59.20, 58.80,LS    ,  0.40,  0.000,  0.00,  0.000,  0.000,  0.000,  0.000
840003234513777,  1385,72,18:13:24,18:14:15,    51, 57.21, 56.96,TEST  ,  0.25,  0.000,  0.00,  0.000,  0.000,  0.000,  0.000
840003234513873,  1481,73,18:06:45,18:14:24,   459, 41.01, 38.79,TEST  ,  2.22,  0.000,  0.00,  0.000,  0.000,  0.000,  0.000
840003234513828,  1436,77,18:09:56,18:14:39,   283, 65.34, 63.74,TEST  ,  1.60,  0.000,  0.00,  0.000,  0.000,  0.000,  0.000
840003250681649,  1634,28,18:10:03,18:14:57,   294, 53.30, 51.80,LS    ,  1.50,  0.000,  0.00,  0.000,  0.000,  0.000,  0.000
840003287324983,  9870,31,17:52:55,18:15:46,  1371, 61.10, 55.10,LS    ,  6.00,  0.000,  0.00,  0.000,  0.000,  0.000,  0.000
840003287325010,  9802,26,18:14:09,18:16:04,   115, 67.00, 66.30,HS    ,  0.70,  0.000,  0.00,  0.000,  0.000,  0.000,  0.000
840003218920873,  1115,29,18:08:55,18:16:10,   435, 82.90, 80.20,HS    ,  2.70,  0.000,  0.00,  0.000,  0.000,  0.000,  0.000
840003287324966,  1261, 3,18:08:53,18:16:56,   483, 71.30, 69.00,LS    ,  2.30,  0.000,  0.00,  0.000,  0.000,  0.000,  0.000
840003250681681,  1666, 1,18:07:04,18:16:59,   595, 72.80, 69.90,HS    ,  2.90,  0.000,  0.00,  0.000,  0.000,  0.000,  0.000
840003218920939,  1181, 2,18:09:16,18:17:09,   473, 69.60, 66.60,LS    ,  3.00,  0.000,  0.00,  0.000,  0.000,  0.000,  0.000
840003218920939,  1181, 1,18:17:27,18:17:34,     7, 70.00, 69.90,HS    ,  0.10,  0.000,  0.00,  0.000,  0.000,  0.000,  0.000
840003211747935,  9906,18,18:12:57,18:17:39,   282, 81.40, 80.00,LS    ,  1.40,  0.000,  0.00,  0.000,  0.000,  0.000,  0.000
840003234513923,  1531, 4,18:12:39,18:17:42,   303, 78.50, 77.10,HS    ,  1.40,  0.000,  0.00,  0.000,  0.000,  0.000,  0.000
840003268256515,  1097,79,18:05:58,18:17:50,   712, 63.03, 59.07,TEST  ,  3.96,  0.000,  0.00,  0.000,  0.000,  0.000,  0.000
840003205049588,  9702, 8,18:12:46,18:17:53,   307, 90.20, 89.00,HS    ,  1.20,  0.000,  0.00,  0.000,  0.000,  0.000,  0.000
840003218920939,  1181, 5,18:17:48,18:17:58,    10, 76.00, 76.00,HS    ,  0.00,  0.000,  0.00,  0.000,  0.000,  0.000,  0.000
840003211747935,  9906,16,18:17:56,18:18:01,     5, 71.50, 71.50,HS    ,  0.00,  0.000,  0.00,  0.000,  0.000,  0.000,  0.000
840003268256440,  9884,24,18:11:16,18:18:36,   440, 81.40, 77.80,HS    ,  3.60,  0.000,  0.00,  0.000,  0.000,  0.000,  0.000
840003287325010,  9802,27,18:16:27,18:18:37,   130, 78.50, 76.80,LS    ,  1.70,  0.000,  0.00,  0.000,  0.000,  0.000,  0.000
840003211747935,  9906,16,18:18:12,18:18:47,    35, 71.50, 71.30,HS    ,  0.20,  0.000,  0.00,  0.000,  0.000,  0.000,  0.000
840003234513828,  1436,77,18:15:13,18:19:07,   234, 63.77, 62.12,TEST  ,  1.65,  0.000,  0.00,  0.000,  0.000,  0.000,  0.000
840003268256440,  9884,25,18:19:00,18:19:09,     9, 74.70, 74.70,LS    ,  0.00,  0.000,  0.00,  0.000,  0.000,  0.000,  0.000
840003218920873,  1115,26,18:17:09,18:19:18,   129, 66.30, 65.70,HS    ,  0.60,  0.000,  0.00,  0.000,  0.000,  0.000,  0.000
840003218920826,  1068,82,18:01:55,18:19:22,  1047, 24.05, 17.81,TEST  ,  6.24,  0.000,  0.00,  0.000,  0.000,  0.000,  0.000
840003211747935,  9906,16,18:19:01,18:19:23,    22, 71.30, 71.30,HS    ,  0.00,  0.000,  0.00,  0.000,  0.000,  0.000,  0.000
840003234513966,  1574,73,18:14:25,18:19:30,   305, 38.77, 37.25,TEST  ,  1.52,  0.000,  0.00,  0.000,  0.000,  0.000,  0.000
840003274076113,  9290,15,18:15:54,18:19:43,   229, 73.80, 72.70,LS    ,  1.10,  0.000,  0.00,  0.000,  0.000,  0.000,  0.000
840003218920939,  1181, 3,18:18:06,18:19:49,   103, 69.00, 68.40,LS    ,  0.60,  0.000,  0.00,  0.000,  0.000,  0.000,  0.000
840003250681681,  1666, 4,18:18:14,18:20:05,   111, 77.10, 76.60,HS    ,  0.50,  0.000,  0.00,  0.000,  0.000,  0.000,  0.000
840003274076117,  9785, 6,18:18:36,18:20:05,    89, 74.70, 74.30,LS    ,  0.40,  0.000,  0.00,  0.000,  0.000,  0.000,  0.000
840003218920932,  1174,13,18:14:49,18:20:10,   321, 72.50, 70.50,HS    ,  2.00,  0.000,  0.00,  0.000,  0.000,  0.000,  0.000
840003218920887,  1129,83,18:12:35,18:20:20,   465,  6.90,  5.15,TEST  ,  1.75,  0.000,  0.00,  0.000,  0.000,  0.000,  0.000
840003218920939,  1181, 1,18:20:14,18:20:46,    32, 70.00, 69.90,HS    ,  0.10,  0.000,  0.00,  0.000,  0.000,  0.000,  0.000
840003234513777,  1385,71,18:14:27,18:21:35,   428, 33.20, 30.75,TEST  ,  2.45,  0.000,  0.00,  0.000,  0.000,  0.000,  0.000
840003218920939,  1181, 4,18:20:59,18:21:32,    33, 76.60, 76.50,HS    ,  0.10,  0.000,  0.00,  0.000,  0.000,  0.000,  0.000
840003250681787,  1772,71,18:21:36,18:21:44,     8, 30.75, 30.76,TEST  , -0.01,  0.000,  0.00,  0.000,  0.000,  0.000,  0.000
840003211747935,  9906,15,18:19:54,18:21:59,   125, 72.70, 72.40,LS    ,  0.30,  0.000,  0.00,  0.000,  0.000,  0.000,  0.000
840003234513811,  1419,62,18:13:52,18:22:08,   496, 73.21, 70.71,TEST  ,  2.50,  0.000,  0.00,  0.000,  0.000,  0.000,  0.000
840003211748008,  9979,57,18:10:51,18:22:22,   691, 81.18, 80.16,TEST  ,  1.02,  0.000,  0.00,  0.000,  0.000,  0.000,  0.000
840003234513873,  1481,74,18:14:24,18:22:30,   486, 41.20, 38.80,TEST  ,  2.40,  0.000,  0.00,  0.000,  0.000,  0.000,  0.000
840003218920873,  1115,26,18:19:53,18:22:33,   160, 65.70, 65.00,HS    ,  0.70,  0.000,  0.00,  0.000,  0.000,  0.000,  0.000
840003218920932,  1174, 9,18:20:35,18:22:43,   128, 91.00, 90.00,HS    ,  1.00,  0.000,  0.00,  0.000,  0.000,  0.000,  0.000
840003287325010,  9802,32,18:19:12,18:22:50,   218, 76.20, 75.00,HS    ,  1.20,  0.000,  0.00,  0.000,  0.000,  0.000,  0.000
840003268256440,  9884,25,18:22:42,18:22:52,    10, 74.70, 74.70,LS    ,  0.00,  0.000,  0.00,  0.000,  0.000,  0.000,  0.000
840003211747935,  9906,16,18:22:50,18:23:02,    12, 71.30, 71.30,HS    ,  0.00,  0.000,  0.00,  0.000,  0.000,  0.000,  0.000
840003268256440,  9884,25,18:23:03,18:23:06,     3, 74.70, 74.70,LS    ,  0.00,  0.000,  0.00,  0.000,  0.000,  0.000,  0.000
840003218920873,  1115,24,18:22:43,18:23:11,    28, 77.80, 77.60,HS    ,  0.20,  0.000,  0.00,  0.000,  0.000,  0.000,  0.000
840003205049588,  9702,14,18:18:15,18:23:22,   307, 84.20, 83.10,HS    ,  1.10,  0.000,  0.00,  0.000,  0.000,  0.000,  0.000
840003211747935,  9906,15,18:23:09,18:23:33,    24, 72.40, 72.30,LS    ,  0.10,  0.000,  0.00,  0.000,  0.000,  0.000,  0.000
840003274076113,  9290,12,18:19:54,18:23:55,   241, 76.00, 74.60,LS    ,  1.40,  0.000,  0.00,  0.000,  0.000,  0.000,  0.000
840003218920939,  1181, 3,18:21:40,18:24:28,   168, 68.40, 67.30,LS    ,  1.10,  0.000,  0.00,  0.000,  0.000,  0.000,  0.000
840003274076179,  8966,60,18:20:27,18:25:02,   275, 78.12, 76.64,TEST  ,  1.48,  0.000,  0.00,  0.000,  0.000,  0.000,  0.000
840003234513811,  1419,62,18:22:09,18:25:24,   195, 70.71, 70.03,TEST  ,  0.68,  0.000,  0.00,  0.000,  0.000,  0.000,  0.000
840003218920939,  1181, 4,18:24:38,18:25:29,    51, 76.50, 76.30,HS    ,  0.20,  0.000,  0.00,  0.000,  0.000,  0.000,  0.000
840003234513966,  1574,72,18:20:31,18:25:36,   305, 56.99, 55.39,TEST  ,  1.60,  0.000,  0.00,  0.000,  0.000,  0.000,  0.000
840003250681787,  1772,71,18:21:50,18:26:57,   307, 30.79, 28.85,TEST  ,  1.94,  0.000,  0.00,  0.000,  0.000,  0.000,  0.000
840003268256441,  1148,18,18:19:19,18:27:12,   473, 80.00, 75.90,LS    ,  4.10,  0.000,  0.00,  0.000,  0.000,  0.000,  0.000
840003218920873,  1115,12,18:26:29,18:27:19,    50, 74.30, 74.60,LS    , -0.30,  0.000,  0.00,  0.000,  0.000,  0.000,  0.000
840003234513828,  1436,65,18:23:46,18:27:25,   219, 55.42, 54.15,TEST  ,  1.27,  0.000,  0.00,  0.000,  0.000,  0.000,  0.000
840003274076117,  9785,19,18:21:12,18:27:22,   370, 74.90, 72.50,LS    ,  2.40,  0.000,  0.00,  0.000,  0.000,  0.000,  0.000
840003234513964,  1572, 1,18:23:18,18:27:22,   244, 69.90, 68.50,HS    ,  1.40,  0.000,  0.00,  0.000,  0.000,  0.000,  0.000
840003205049605,  9719,66,18:24:57,18:27:40,   163, 48.46, 47.47,TEST  ,  0.99,  0.000,  0.00,  0.000,  0.000,  0.000,  0.000
840003218920887,  1129,79,18:22:57,18:27:41,   284, 59.04, 57.87,TEST  ,  1.17,  0.000,  0.00,  0.000,  0.000,  0.000,  0.000
840003287324966,  1261, 2,18:20:03,18:27:40,   457, 66.60, 65.00,LS    ,  1.60,  0.000,  0.00,  0.000,  0.000,  0.000,  0.000
840003205049588,  9702, 5,18:24:25,18:27:42,   197, 76.00, 75.40,HS    ,  0.60,  0.000,  0.00,  0.000,  0.000,  0.000,  0.000
840003250681787,  1772,73,18:27:55,18:28:08,    13, 37.29, 37.30,TEST  , -0.01,  0.000,  0.00,  0.000,  0.000,  0.000,  0.000
840003250681820,  1805,75,18:20:53,18:28:23,   450, 50.81, 48.32,TEST  ,  2.49,  0.000,  0.00,  0.000,  0.000,  0.000,  0.000
840003250681820,  1805,75,18:28:28,18:28:35,     7, 48.32, 48.34,TEST  , -0.02,  0.000,  0.00,  0.000,  0.000,  0.000,  0.000
840003218920939,  1181, 3,18:25:54,18:28:32,   158, 67.30, 66.30,LS    ,  1.00,  0.000,  0.00,  0.000,  0.000,  0.000,  0.000
840003234513964,  1572, 6,18:28:01,18:28:36,    35, 74.30, 73.90,LS    ,  0.40,  0.000,  0.00,  0.000,  0.000,  0.000,  0.000
840003268256440,  9884,24,18:23:20,18:28:37,   317, 77.60, 75.30,HS    ,  2.30,  0.000,  0.00,  0.000,  0.000,  0.000,  0.000
840003234513987,  1595,21,18:12:40,18:28:54,   974, 79.60, 75.30,HS    ,  4.30,  0.000,  0.00,  0.000,  0.000,  0.000,  0.000
840003234513777,  1385,67,18:24:43,18:29:05,   262, 26.48, 25.28,TEST  ,  1.20,  0.000,  0.00,  0.000,  0.000,  0.000,  0.000
840003218920873,  1115,12,18:27:44,18:29:03,    79, 74.40, 73.80,LS    ,  0.60,  0.000,  0.00,  0.000,  0.000,  0.000,  0.000
840003234513828,  1436,62,18:27:36,18:29:11,    95, 70.03, 69.33,TEST  ,  0.70,  0.000,  0.00,  0.000,  0.000,  0.000,  0.000
840003234513693,  1301,82,18:29:21,18:29:29,     8, 17.68, 17.83,TEST  , -0.15,  0.000,  0.00,  0.000,  0.000,  0.000,  0.000
840003268256440,  9884,17,18:29:32,18:29:38,     6, 69.20, 69.20,HS    ,  0.00,  0.000,  0.00,  0.000,  0.000,  0.000,  0.000
840003218920873,  1115,14,18:29:13,18:29:52,    39, 83.10, 82.90,HS    ,  0.20,  0.000,  0.00,  0.000,  0.000,  0.000,  0.000
840003234513964,  1572, 5,18:29:15,18:29:58,    43, 75.40, 75.20,HS    ,  0.20,  0.000,  0.00,  0.000,  0.000,  0.000,  0.000
840003274076113,  9290, 7,18:24:11,18:30:06,   355, 85.10, 83.60,LS    ,  1.50,  0.000,  0.00,  0.000,  0.000,  0.000,  0.000
840003268256460,  9534,16,18:27:42,18:30:08,   146, 71.20, 70.30,HS    ,  0.90,  0.000,  0.00,  0.000,  0.000,  0.000,  0.000
840003234513923,  1531,10,18:18:21,18:30:25,   724, 36.40, 33.00,LS    ,  3.40,  0.000,  0.00,  0.000,  0.000,  0.000,  0.000
840003218920932,  1174, 8,18:23:07,18:30:49,   462, 89.00, 85.50,HS    ,  3.50,  0.000,  0.00,  0.000,  0.000,  0.000,  0.000
840003287324983,  9870,28,18:16:57,18:31:16,   859, 51.80, 48.70,LS    ,  3.10,  0.000,  0.00,  0.000,  0.000,  0.000,  0.000
840003274076113,  9290,11,18:30:23,18:31:18,    55, 78.40, 78.10,LS    ,  0.30,  0.000,  0.00,  0.000,  0.000,  0.000,  0.000
840003250681672,  1657,26,18:31:17,18:31:22,     5, 64.10, 64.10,HS    ,  0.00,  0.000,  0.00,  0.000,  0.000,  0.000,  0.000
840003268256441,  1148,27,18:28:13,18:31:34,   201, 77.00, 76.50,LS    ,  0.50,  0.000,  0.00,  0.000,  0.000,  0.000,  0.000
840003268256440,  9884,14,18:30:02,18:31:40,    98, 82.90, 82.30,HS    ,  0.60,  0.000,  0.00,  0.000,  0.000,  0.000,  0.000
840003287325010,  9802,29,18:23:30,18:31:41,   491, 80.20, 77.80,HS    ,  2.40,  0.000,  0.00,  0.000,  0.000,  0.000,  0.000
840003218920826,  1068,83,18:21:37,18:31:56,   619,  5.20,  1.92,TEST  ,  3.28,  0.000,  0.00,  0.000,  0.000,  0.000,  0.000
840003234513932,  1540,11,18:31:58,18:32:05,     7, 78.10, 78.00,LS    ,  0.10,  0.000,  0.00,  0.000,  0.000,  0.000,  0.000
840003274076117,  9785,18,18:30:22,18:32:20,   118, 75.90, 75.10,LS    ,  0.80,  0.000,  0.00,  0.000,  0.000,  0.000,  0.000
840003218920826,  1068,83,18:32:25,18:32:33,     8,  2.11,  2.03,TEST  ,  0.08,  0.000,  0.00,  0.000,  0.000,  0.000,  0.000
840003218920932,  1174, 8,18:31:31,18:32:31,    60, 85.60, 85.60,HS    ,  0.00,  0.000,  0.00,  0.000,  0.000,  0.000,  0.000
840003250681672,  1657,26,18:32:15,18:32:38,    23, 64.10, 63.90,HS    ,  0.20,  0.000,  0.00,  0.000,  0.000,  0.000,  0.000
840003234513799,  1407,76,18:06:13,18:32:57,  1604, 59.23, 51.00,TEST  ,  8.23,  0.000,  0.00,  0.000,  0.000,  0.000,  0.000
840003268256514,  9411,77,18:20:10,18:33:12,   782, 62.16, 57.15,TEST  ,  5.01,  0.000,  0.00,  0.000,  0.000,  0.000,  0.000
840003218920887,  1129,78,18:28:19,18:33:25,   306, 64.03, 62.87,TEST  ,  1.16,  0.000,  0.00,  0.000,  0.000,  0.000,  0.000
840003268256515,  1097,80,18:18:15,18:33:46,   931, 43.97, 39.97,TEST  ,  4.00,  0.000,  0.00,  0.000,  0.000,  0.000,  0.000
840003234513987,  1595,30,18:29:36,18:33:47,   251, 72.70, 71.50,HS    ,  1.20,  0.000,  0.00,  0.000,  0.000,  0.000,  0.000
840003250681787,  1772,74,18:28:08,18:33:53,   345, 38.84, 36.80,TEST  ,  2.04,  0.000,  0.00,  0.000,  0.000,  0.000,  0.000
840003234513973,  1581,31,18:30:28,18:34:00,   212, 55.00, 54.40,LS    ,  0.60,  0.000,  0.00,  0.000,  0.000,  0.000,  0.000
840003218920932,  1174, 5,18:32:49,18:34:02,    73, 75.30, 74.60,HS    ,  0.70,  0.000,  0.00,  0.000,  0.000,  0.000,  0.000
840003287324983,  9870,26,18:33:12,18:34:08,    56, 63.90, 63.60,HS    ,  0.30,  0.000,  0.00,  0.000,  0.000,  0.000,  0.000
840003268256440,  9884,18,18:32:35,18:34:10,    95, 75.10, 74.60,LS    ,  0.50,  0.000,  0.00,  0.000,  0.000,  0.000,  0.000
840003205049588,  9702, 4,18:27:57,18:34:21,   384, 76.30, 74.70,HS    ,  1.60,  0.000,  0.00,  0.000,  0.000,  0.000,  0.000
840003268256460,  9534,17,18:30:13,18:34:34,   261, 69.20, 68.10,HS    ,  1.10,  0.000,  0.00,  0.000,  0.000,  0.000,  0.000
840003218920939,  1181, 4,18:34:33,18:34:46,    13, 74.80, 74.70,HS    ,  0.10,  0.000,  0.00,  0.000,  0.000,  0.000,  0.000
840003234513923,  1531,13,18:31:55,18:34:46,   171, 70.40, 69.90,HS    ,  0.50,  0.000,  0.00,  0.000,  0.000,  0.000,  0.000
840003234513987,  1595,26,18:34:17,18:35:01,    44, 63.60, 63.40,HS    ,  0.20,  0.000,  0.00,  0.000,  0.000,  0.000,  0.000
840003218920939,  1181, 4,18:34:56,18:35:04,     8, 74.70, 74.70,HS    ,  0.00,  0.000,  0.00,  0.000,  0.000,  0.000,  0.000
840003234513693,  1301,82,18:30:31,18:35:14,   283, 17.11, 14.77,TEST  ,  2.34,  0.000,  0.00,  0.000,  0.000,  0.000,  0.000
840003234513932,  1540, 9,18:32:39,18:35:11,   152, 90.00, 89.30,HS    ,  0.70,  0.000,  0.00,  0.000,  0.000,  0.000,  0.000
840003234513932,  1540, 6,18:35:29,18:35:35,     6, 74.00, 73.90,LS    ,  0.10,  0.000,  0.00,  0.000,  0.000,  0.000,  0.000
840003250681819,  1804,81,18:15:05,18:35:43,  1238, 32.24, 27.05,TEST  ,  5.19,  0.000,  0.00,  0.000,  0.000,  0.000,  0.000
840003218920932,  1174, 5,18:34:35,18:35:42,    67, 74.60, 74.20,HS    ,  0.40,  0.000,  0.00,  0.000,  0.000,  0.000,  0.000
840003234513828,  1436,62,18:29:38,18:36:04,   386, 69.32, 67.30,TEST  ,  2.02,  0.000,  0.00,  0.000,  0.000,  0.000,  0.000
840003234513923,  1531, 9,18:35:21,18:36:17,    56, 89.30, 89.10,HS    ,  0.20,  0.000,  0.00,  0.000,  0.000,  0.000,  0.000
840003250681672,  1657,27,18:34:05,18:37:02,   177, 76.60, 75.80,LS    ,  0.80,  0.000,  0.00,  0.000,  0.000,  0.000,  0.000
840003268256460,  9534,18,18:34:47,18:37:20,   153, 74.60, 73.70,LS    ,  0.90,  0.000,  0.00,  0.000,  0.000,  0.000,  0.000
840003250681669,  1654, 1,18:29:12,18:38:22,   550, 68.50, 66.30,HS    ,  2.20,  0.000,  0.00,  0.000,  0.000,  0.000,  0.000
840003234513777,  1385,66,18:29:17,18:39:00,   583, 47.50, 44.57,TEST  ,  2.93,  0.000,  0.00,  0.000,  0.000,  0.000,  0.000
840003274076117,  9785,15,18:33:03,18:39:01,   358, 72.30, 69.80,LS    ,  2.50,  0.000,  0.00,  0.000,  0.000,  0.000,  0.000
840003218920887,  1129,74,18:33:59,18:39:08,   309, 36.80, 35.87,TEST  ,  0.93,  0.000,  0.00,  0.000,  0.000,  0.000,  0.000
840003250681787,  1772,73,18:33:53,18:39:09,   316, 37.30, 35.53,TEST  ,  1.77,  0.000,  0.00,  0.000,  0.000,  0.000,  0.000
840003234513923,  1531, 8,18:36:33,18:39:07,   154, 85.50, 85.10,HS    ,  0.40,  0.000,  0.00,  0.000,  0.000,  0.000,  0.000
840003234513932,  1540, 5,18:35:51,18:39:15,   204, 74.20, 73.20,HS    ,  1.00,  0.000,  0.00,  0.000,  0.000,  0.000,  0.000
840003234513799,  1407,72,18:33:23,18:39:22,   359, 55.36, 53.79,TEST  ,  1.57,  0.000,  0.00,  0.000,  0.000,  0.000,  0.000
840003250681672,  1657,25,18:38:48,18:39:36,    48, 74.70, 74.70,LS    ,  0.00,  0.000,  0.00,  0.000,  0.000,  0.000,  0.000
840003218920939,  1181, 2,18:35:16,18:39:57,   281, 64.90, 63.10,LS    ,  1.80,  0.000,  0.00,  0.000,  0.000,  0.000,  0.000
840003234513932,  1540, 1,18:39:52,18:40:01,     9, 66.30, 66.30,HS    ,  0.00,  0.000,  0.00,  0.000,  0.000,  0.000,  0.000
840003234513987,  1595,26,18:35:12,18:40:06,   294, 63.40, 61.80,HS    ,  1.60,  0.000,  0.00,  0.000,  0.000,  0.000,  0.000
840003274076117,  9785,11,18:39:51,18:40:12,    21, 78.00, 78.10,LS    , -0.10,  0.000,  0.00,  0.000,  0.000,  0.000,  0.000
840003287324983,  9870,27,18:37:23,18:40:27,   184, 75.80, 74.50,LS    ,  1.30,  0.000,  0.00,  0.000,  0.000,  0.000,  0.000
840003234513693,  1301,77,18:36:32,18:40:41,   249, 57.15, 55.05,TEST  ,  2.10,  0.000,  0.00,  0.000,  0.000,  0.000,  0.000
840003234513693,  1301,80,18:40:59,18:41:11,    12, 40.02, 39.99,TEST  ,  0.03,  0.000,  0.00,  0.000,  0.000,  0.000,  0.000
840003250681656,  1641,29,18:34:27,18:41:08,   401, 77.80, 75.50,HS    ,  2.30,  0.000,  0.00,  0.000,  0.000,  0.000,  0.000
840003250681820,  1805,76,18:38:44,18:41:28,   164, 50.99, 49.92,TEST  ,  1.07,  0.000,  0.00,  0.000,  0.000,  0.000,  0.000
840003274076113,  9290,31,18:35:47,18:41:32,   345, 54.40, 52.80,LS    ,  1.60,  0.000,  0.00,  0.000,  0.000,  0.000,  0.000
840003234513973,  1581,28,18:34:11,18:41:33,   442, 48.70, 46.90,LS    ,  1.80,  0.000,  0.00,  0.000,  0.000,  0.000,  0.000
840003268256440,  9884,22,18:34:54,18:41:39,   405, 83.20, 80.50,HS    ,  2.70,  0.000,  0.00,  0.000,  0.000,  0.000,  0.000
840003250681672,  1657,26,18:40:32,18:41:44,    72, 61.80, 61.20,HS    ,  0.60,  0.000,  0.00,  0.000,  0.000,  0.000,  0.000
840003250681787,  1772,75,18:39:17,18:41:51,   154, 48.35, 47.41,TEST  ,  0.94,  0.000,  0.00,  0.000,  0.000,  0.000,  0.000
840003250681656,  1641,31,18:41:44,18:41:49,     5, 52.90, 52.90,LS    ,  0.00,  0.000,  0.00,  0.000,  0.000,  0.000,  0.000
840003234513923,  1531, 4,18:39:22,18:42:11,   169, 74.70, 74.10,HS    ,  0.60,  0.000,  0.00,  0.000,  0.000,  0.000,  0.000
840003234513932,  1540, 5,18:40:44,18:42:23,    99, 73.20, 72.60,HS    ,  0.60,  0.000,  0.00,  0.000,  0.000,  0.000,  0.000
840003287325011,  1064, 8,18:42:00,18:42:27,    27, 85.10, 85.10,HS    ,  0.00,  0.000,  0.00,  0.000,  0.000,  0.000,  0.000
840003218920932,  1174, 9,18:36:27,18:42:34,   367, 89.10, 86.50,HS    ,  2.60,  0.000,  0.00,  0.000,  0.000,  0.000,  0.000
840003268256441,  1148,20,18:32:48,18:42:42,   594, 45.70, 43.40,LS    ,  2.30,  0.000,  0.00,  0.000,  0.000,  0.000,  0.000
840003250681656,  1641,30,18:42:12,18:42:42,    30, 71.50, 71.50,HS    ,  0.00,  0.000,  0.00,  0.000,  0.000,  0.000,  0.000
840003287325039,  1348,60,18:42:57,18:43:02,     5, 76.60, 76.91,TEST  , -0.31,  0.000,  0.00,  0.000,  0.000,  0.000,  0.000
840003250681656,  1641,31,18:42:54,18:43:02,     8, 52.90, 52.80,LS    ,  0.10,  0.000,  0.00,  0.000,  0.000,  0.000,  0.000
840003234513828,  1436,62,18:36:39,18:43:13,   394, 67.30, 65.20,TEST  ,  2.10,  0.000,  0.00,  0.000,  0.000,  0.000,  0.000
840003234513964,  1572,10,18:30:37,18:43:11,   754, 32.80, 28.80,LS    ,  4.00,  0.000,  0.00,  0.000,  0.000,  0.000,  0.000
840003287325010,  9802,21,18:33:02,18:43:18,   616, 75.20, 72.60,HS    ,  2.60,  0.000,  0.00,  0.000,  0.000,  0.000,  0.000
840003287325011,  1064, 9,18:42:52,18:43:20,    28, 86.50, 86.40,HS    ,  0.10,  0.000,  0.00,  0.000,  0.000,  0.000,  0.000
840003234513973,  1581,26,18:42:13,18:43:39,    86, 61.20, 60.50,HS    ,  0.70,  0.000,  0.00,  0.000,  0.000,  0.000,  0.000
982000372939914,  8693,66,18:39:04,18:43:49,   285, 44.58, 42.68,TEST  ,  1.90,  0.000,  0.00,  0.000,  0.000,  0.000,  0.000
840003250681819,  1804,71,18:40:49,18:43:56,   187, 28.82, 27.86,TEST  ,  0.96,  0.000,  0.00,  0.000,  0.000,  0.000,  0.000
840003250681656,  1641,24,18:43:30,18:43:55,    25, 75.30, 75.30,HS    ,  0.00,  0.000,  0.00,  0.000,  0.000,  0.000,  0.000
840003218920887,  1129,67,18:40:01,18:44:07,   246, 25.30, 24.34,TEST  ,  0.96,  0.000,  0.00,  0.000,  0.000,  0.000,  0.000
840003234513973,  1581,26,18:44:01,18:44:05,     4, 60.60, 60.50,HS    ,  0.10,  0.000,  0.00,  0.000,  0.000,  0.000,  0.000
840003268256514,  9411,65,18:33:50,18:44:22,   632, 54.18, 50.66,TEST  ,  3.52,  0.000,  0.00,  0.000,  0.000,  0.000,  0.000
840003234513973,  1581,26,18:44:15,18:44:31,    16, 60.60, 60.60,HS    ,  0.00,  0.000,  0.00,  0.000,  0.000,  0.000,  0.000
840003274076181,  9663,53,18:36:33,18:44:37,   484, 38.28, 35.28,TEST  ,  3.00,  0.000,  0.00,  0.000,  0.000,  0.000,  0.000
840003274076179,  8966,58,18:25:29,18:44:46,  1157, 67.31, 59.75,TEST  ,  7.56,  0.000,  0.00,  0.000,  0.000,  0.000,  0.000
840003274076117,  9785, 7,18:40:27,18:44:53,   266, 83.60, 81.80,LS    ,  1.80,  0.000,  0.00,  0.000,  0.000,  0.000,  0.000
840003268256460,  9534,17,18:37:25,18:44:53,   448, 68.10, 65.90,HS    ,  2.20,  0.000,  0.00,  0.000,  0.000,  0.000,  0.000
840003274076170,  9253,64,18:29:15,18:44:59,   944, 67.85, 64.02,TEST  ,  3.83,  0.000,  0.00,  0.000,  0.000,  0.000,  0.000
840003268256440,  9884,18,18:43:56,18:44:57,    61, 73.70, 73.30,LS    ,  0.40,  0.000,  0.00,  0.000,  0.000,  0.000,  0.000
840003234513777,  1385,69,18:42:06,18:45:11,   185, 24.94, 24.14,TEST  ,  0.80,  0.000,  0.00,  0.000,  0.000,  0.000,  0.000
840003234513920,  1528,68,18:45:15,18:45:23,     8, 18.30, 18.26,TEST  ,  0.04,  0.000,  0.00,  0.000,  0.000,  0.000,  0.000
840003250681787,  1772,78,18:42:03,18:45:25,   202, 62.88, 61.73,TEST  ,  1.15,  0.000,  0.00,  0.000,  0.000,  0.000,  0.000
840003234513973,  1581,25,18:44:41,18:45:25,    44, 74.70, 74.40,LS    ,  0.30,  0.000,  0.00,  0.000,  0.000,  0.000,  0.000
840003250681787,  1772,78,18:45:25,18:45:31,     6, 61.73, 61.70,TEST  ,  0.03,  0.000,  0.00,  0.000,  0.000,  0.000,  0.000
840003234513828,  1436,62,18:43:54,18:45:33,    99, 65.17, 64.55,TEST  ,  0.62,  0.000,  0.00,  0.000,  0.000,  0.000,  0.000
840003250681672,  1657,26,18:44:42,18:45:29,    47, 60.50, 60.50,HS    ,  0.00,  0.000,  0.00,  0.000,  0.000,  0.000,  0.000
840003205049605,  9719,61,18:27:55,18:45:38,  1063, 68.56, 61.80,TEST  ,  6.76,  0.000,  0.00,  0.000,  0.000,  0.000,  0.000
840003268256441,  1148,15,18:43:11,18:45:37,   146, 69.80, 69.40,LS    ,  0.40,  0.000,  0.00,  0.000,  0.000,  0.000,  0.000
840003218920939,  1181, 2,18:40:19,18:45:39,   320, 63.10, 61.10,LS    ,  2.00,  0.000,  0.00,  0.000,  0.000,  0.000,  0.000
840003287325039,  1348,60,18:43:57,18:45:46,   109, 76.18, 75.78,TEST  ,  0.40,  0.000,  0.00,  0.000,  0.000,  0.000,  0.000
840003250681820,  1805,79,18:42:04,18:45:52,   228, 57.87, 56.52,TEST  ,  1.35,  0.000,  0.00,  0.000,  0.000,  0.000,  0.000
840003234513973,  1581,26,18:45:40,18:45:52,    12, 60.50, 60.40,HS    ,  0.10,  0.000,  0.00,  0.000,  0.000,  0.000,  0.000
840003287325010,  9802,19,18:43:50,18:45:57,   127, 72.50, 71.70,LS    ,  0.80,  0.000,  0.00,  0.000,  0.000,  0.000,  0.000
840003287325011,  1064,10,18:43:29,18:45:57,   148, 28.90, 28.50,LS    ,  0.40,  0.000,  0.00,  0.000,  0.000,  0.000,  0.000
840003250681669,  1654,14,18:38:59,18:46:05,   426, 82.30, 79.80,HS    ,  2.50,  0.000,  0.00,  0.000,  0.000,  0.000,  0.000
840003218920939,  1181, 1,18:45:58,18:46:07,     9, 66.30, 66.30,HS    ,  0.00,  0.000,  0.00,  0.000,  0.000,  0.000,  0.000
840003268256460,  9534,18,18:45:15,18:46:06,    51, 73.20, 72.70,LS    ,  0.50,  0.000,  0.00,  0.000,  0.000,  0.000,  0.000
840003234513923,  1531, 5,18:42:34,18:46:10,   216, 72.60, 71.50,HS    ,  1.10,  0.000,  0.00,  0.000,  0.000,  0.000,  0.000
840003287324966,  1261, 3,18:29:02,18:46:12,  1030, 66.30, 61.90,LS    ,  4.40,  0.000,  0.00,  0.000,  0.000,  0.000,  0.000
840003234513693,  1301,80,18:41:11,18:46:20,   309, 39.99, 37.72,TEST  ,  2.27,  0.000,  0.00,  0.000,  0.000,  0.000,  0.000
840003218920939,  1181, 1,18:46:17,18:46:31,    14, 66.30, 66.20,HS    ,  0.10,  0.000,  0.00,  0.000,  0.000,  0.000,  0.000
840003218920983,  1225, 6,18:45:34,18:46:35,    61, 74.00, 73.70,LS    ,  0.30,  0.000,  0.00,  0.000,  0.000,  0.000,  0.000
840003274076181,  9663,53,18:44:56,18:46:52,   116, 34.95, 34.29,TEST  ,  0.66,  0.000,  0.00,  0.000,  0.000,  0.000,  0.000
840003268256440,  9884,14,18:46:14,18:46:56,    42, 79.80, 79.50,HS    ,  0.30,  0.000,  0.00,  0.000,  0.000,  0.000,  0.000
840003218920873,  1115,16,18:30:19,18:47:09,  1010, 70.30, 63.30,HS    ,  7.00,  0.000,  0.00,  0.000,  0.000,  0.000,  0.000
840003287325039,  1348,59,18:45:50,18:47:16,    86, 83.22, 82.70,TEST  ,  0.52,  0.000,  0.00,  0.000,  0.000,  0.000,  0.000
840003274076117,  9785, 7,18:45:24,18:47:17,   113, 81.80, 81.10,LS    ,  0.70,  0.000,  0.00,  0.000,  0.000,  0.000,  0.000
840003218920983,  1225,14,18:47:16,18:47:20,     4, 79.50, 79.50,HS    ,  0.00,  0.000,  0.00,  0.000,  0.000,  0.000,  0.000
840003250681672,  1657,26,18:46:51,18:47:29,    38, 60.40, 60.40,HS    ,  0.00,  0.000,  0.00,  0.000,  0.000,  0.000,  0.000
840003218920873,  1115,20,18:47:37,18:47:42,     5, 43.30, 43.30,LS    ,  0.00,  0.000,  0.00,  0.000,  0.000,  0.000,  0.000
840003250681638,  1623, 1,18:48:09,18:48:16,     7, 66.30, 66.20,HS    ,  0.10,  0.000,  0.00,  0.000,  0.000,  0.000,  0.000
840003268256440,  9884,28,18:48:16,18:48:19,     3, 46.90, 46.90,LS    ,  0.00,  0.000,  0.00,  0.000,  0.000,  0.000,  0.000
840003218920939,  1181, 2,18:46:38,18:48:22,   104, 61.10, 60.50,LS    ,  0.60,  0.000,  0.00,  0.000,  0.000,  0.000,  0.000
840003250681656,  1641,29,18:44:13,18:48:24,   251, 75.50, 74.80,HS    ,  0.70,  0.000,  0.00,  0.000,  0.000,  0.000,  0.000
840003218920983,  1225,23,18:47:54,18:48:33,    39, 58.80, 58.60,LS    ,  0.20,  0.000,  0.00,  0.000,  0.000,  0.000,  0.000
840003218920873,  1115,24,18:48:31,18:48:37,     6, 75.30, 75.30,HS    ,  0.00,  0.000,  0.00,  0.000,  0.000,  0.000,  0.000
840003218920939,  1181, 2,18:48:32,18:48:50,    18, 60.60, 60.40,LS    ,  0.20,  0.000,  0.00,  0.000,  0.000,  0.000,  0.000
840003218920983,  1225,26,18:48:51,18:49:04,    13, 60.40, 59.90,HS    ,  0.50,  0.000,  0.00,  0.000,  0.000,  0.000,  0.000
840003234513932,  1540,13,18:43:50,18:49:17,   327, 69.90, 68.50,HS    ,  1.40,  0.000,  0.00,  0.000,  0.000,  0.000,  0.000
840003218920939,  1181, 2,18:49:00,18:49:45,    45, 60.40, 60.30,LS    ,  0.10,  0.000,  0.00,  0.000,  0.000,  0.000,  0.000
840003218920873,  1115,32,18:49:20,18:49:53,    33, 74.90, 74.80,HS    ,  0.10,  0.000,  0.00,  0.000,  0.000,  0.000,  0.000
840003287324966,  1261, 3,18:47:07,18:50:03,   176, 61.80, 61.00,LS    ,  0.80,  0.000,  0.00,  0.000,  0.000,  0.000,  0.000
840003234513972,  1580,11,18:42:34,18:50:09,   455, 78.00, 74.80,LS    ,  3.20,  0.000,  0.00,  0.000,  0.000,  0.000,  0.000
840003250681620,  1605,12,18:40:40,18:50:12,   572, 73.70, 72.00,LS    ,  1.70,  0.000,  0.00,  0.000,  0.000,  0.000,  0.000
840003250681656,  1641,30,18:48:37,18:50:14,    97, 71.40, 71.00,HS    ,  0.40,  0.000,  0.00,  0.000,  0.000,  0.000,  0.000
840003268256440,  9884,29,18:48:34,18:50:16,   102, 74.30, 74.20,HS    ,  0.10,  0.000,  0.00,  0.000,  0.000,  0.000,  0.000
840003234513964,  1572, 9,18:43:30,18:50:30,   420, 86.40, 84.10,HS    ,  2.30,  0.000,  0.00,  0.000,  0.000,  0.000,  0.000
840003234513923,  1531, 4,18:47:12,18:50:34,   202, 74.10, 73.40,HS    ,  0.70,  0.000,  0.00,  0.000,  0.000,  0.000,  0.000
840003218920983,  1225,25,18:49:50,18:50:40,    50, 74.40, 74.30,LS    ,  0.10,  0.000,  0.00,  0.000,  0.000,  0.000,  0.000
982000372939914,  8693,57,18:47:02,18:50:45,   223, 72.33, 71.95,TEST  ,  0.38,  0.000,  0.00,  0.000,  0.000,  0.000,  0.000
840003250681620,  1605,15,18:50:39,18:50:51,    12, 69.50, 69.50,LS    ,  0.00,  0.000,  0.00,  0.000,  0.000,  0.000,  0.000
840003218920983,  1225,26,18:50:53,18:51:06,    13, 59.90, 59.60,HS    ,  0.30,  0.000,  0.00,  0.000,  0.000,  0.000,  0.000
840003274076117,  9785, 2,18:50:03,18:51:07,    64, 60.30, 59.90,LS    ,  0.40,  0.000,  0.00,  0.000,  0.000,  0.000,  0.000
840003234513932,  1540,12,18:50:59,18:51:31,    32, 72.10, 71.80,LS    ,  0.30,  0.000,  0.00,  0.000,  0.000,  0.000,  0.000
840003287324980,  1557, 8,18:44:41,18:51:34,   413, 85.10, 82.90,HS    ,  2.20,  0.000,  0.00,  0.000,  0.000,  0.000,  0.000
840003250681669,  1654,10,18:46:49,18:51:51,   302, 28.50, 26.10,LS    ,  2.40,  0.000,  0.00,  0.000,  0.000,  0.000,  0.000
840003218920983,  1225,26,18:51:40,18:51:52,    12, 59.60, 59.30,HS    ,  0.30,  0.000,  0.00,  0.000,  0.000,  0.000,  0.000
840003234513972,  1580,15,18:51:01,18:51:56,    55, 69.50, 69.00,LS    ,  0.50,  0.000,  0.00,  0.000,  0.000,  0.000,  0.000
840003234513932,  1540,12,18:51:42,18:52:05,    23, 71.80, 71.60,LS    ,  0.20,  0.000,  0.00,  0.000,  0.000,  0.000,  0.000
840003234513973,  1581, 7,18:47:39,18:52:15,   276, 81.10, 79.80,LS    ,  1.30,  0.000,  0.00,  0.000,  0.000,  0.000,  0.000
840003250681638,  1623, 6,18:48:44,18:52:52,   248, 73.70, 72.60,LS    ,  1.10,  0.000,  0.00,  0.000,  0.000,  0.000,  0.000
840003234513964,  1572,17,18:52:28,18:52:53,    25, 65.90, 65.90,HS    ,  0.00,  0.000,  0.00,  0.000,  0.000,  0.000,  0.000
840003250681669,  1654, 9,18:52:16,18:53:03,    47, 84.10, 83.70,HS    ,  0.40,  0.000,  0.00,  0.000,  0.000,  0.000,  0.000
840003234513932,  1540,10,18:52:47,18:53:13,    26, 25.90, 25.80,LS    ,  0.10,  0.000,  0.00,  0.000,  0.000,  0.000,  0.000
840003287325011,  1064, 5,18:46:21,18:53:47,   446, 71.60, 66.50,HS    ,  5.10,  0.000,  0.00,  0.000,  0.000,  0.000,  0.000
840003274076117,  9785,32,18:53:50,18:54:05,    15, 74.80, 74.80,HS    ,  0.00,  0.000,  0.00,  0.000,  0.000,  0.000,  0.000
840003250681673,  1658, 4,18:51:51,18:54:15,   144, 73.40, 72.70,HS    ,  0.70,  0.000,  0.00,  0.000,  0.000,  0.000,  0.000
840003234513964,  1572,10,18:53:41,18:54:30,    49, 25.40, 25.20,LS    ,  0.20,  0.000,  0.00,  0.000,  0.000,  0.000,  0.000
840003268256460,  9534,21,18:47:06,18:54:41,   455, 72.60, 70.10,HS    ,  2.50,  0.000,  0.00,  0.000,  0.000,  0.000,  0.000
840003205049521,  9635, 3,18:52:29,18:54:41,   132, 61.00, 60.00,LS    ,  1.00,  0.000,  0.00,  0.000,  0.000,  0.000,  0.000
840003218920920,  1162,15,18:52:10,18:54:43,   153, 69.00, 67.90,LS    ,  1.10,  0.000,  0.00,  0.000,  0.000,  0.000,  0.000
840003234513987,  1595,22,18:41:49,18:54:49,   780, 80.50, 76.90,HS    ,  3.60,  0.000,  0.00,  0.000,  0.000,  0.000,  0.000
840003287325011,  1064, 5,18:54:12,18:54:52,    40, 66.50, 65.90,HS    ,  0.60,  0.000,  0.00,  0.000,  0.000,  0.000,  0.000
840003268256441,  1148, 2,18:51:57,18:54:54,   177, 59.90, 58.90,LS    ,  1.00,  0.000,  0.00,  0.000,  0.000,  0.000,  0.000
840003268256460,  9534,20,18:54:51,18:54:59,     8, 43.30, 43.30,LS    ,  0.00,  0.000,  0.00,  0.000,  0.000,  0.000,  0.000
840003205049521,  9635, 6,18:55:05,18:55:16,    11, 72.60, 72.60,LS    ,  0.00,  0.000,  0.00,  0.000,  0.000,  0.000,  0.000
840003287325011,  1064, 5,18:55:07,18:55:19,    12, 65.90, 65.60,HS    ,  0.30,  0.000,  0.00,  0.000,  0.000,  0.000,  0.000
840003234513923,  1531,13,18:54:56,18:55:46,    50, 68.50, 68.50,HS    ,  0.00,  0.000,  0.00,  0.000,  0.000,  0.000,  0.000
840003218920939,  1181,11,18:52:18,18:56:08,   230, 74.80, 73.60,LS    ,  1.20,  0.000,  0.00,  0.000,  0.000,  0.000,  0.000
840003250681638,  1623, 7,18:53:45,18:56:21,   156, 79.80, 78.70,LS    ,  1.10,  0.000,  0.00,  0.000,  0.000,  0.000,  0.000
840003287325011,  1064, 5,18:55:44,18:56:40,    56, 65.60, 65.20,HS    ,  0.40,  0.000,  0.00,  0.000,  0.000,  0.000,  0.000
840003205049521,  9635, 3,18:55:53,18:56:50,    57, 60.00, 59.50,LS    ,  0.50,  0.000,  0.00,  0.000,  0.000,  0.000,  0.000
840003234513964,  1572,10,18:54:49,18:56:54,   125, 25.10, 24.40,LS    ,  0.70,  0.000,  0.00,  0.000,  0.000,  0.000,  0.000
840003234513987,  1595,22,18:54:59,18:57:03,   124, 76.90, 76.50,HS    ,  0.40,  0.000,  0.00,  0.000,  0.000,  0.000,  0.000
840003287325011,  1064, 5,18:56:52,18:57:15,    23, 65.20, 65.00,HS    ,  0.20,  0.000,  0.00,  0.000,  0.000,  0.000,  0.000
840003268256460,  9534,19,18:55:09,18:57:32,   143, 71.70, 70.90,LS    ,  0.80,  0.000,  0.00,  0.000,  0.000,  0.000,  0.000
840003218920920,  1162, 7,18:56:29,18:57:38,    69, 78.70, 78.20,LS    ,  0.50,  0.000,  0.00,  0.000,  0.000,  0.000,  0.000
840003250681669,  1654, 9,18:54:28,18:57:40,   192, 83.70, 82.60,HS    ,  1.10,  0.000,  0.00,  0.000,  0.000,  0.000,  0.000
840003250681638,  1623, 2,18:57:28,18:57:55,    27, 58.90, 58.70,LS    ,  0.20,  0.000,  0.00,  0.000,  0.000,  0.000,  0.000
840003218920920,  1162, 4,18:58:35,18:58:54,    19, 72.70, 72.30,HS    ,  0.40,  0.000,  0.00,  0.000,  0.000,  0.000,  0.000
840003218920939,  1181, 9,18:57:50,18:59:20,    90, 82.60, 82.30,HS    ,  0.30,  0.000,  0.00,  0.000,  0.000,  0.000,  0.000
840003287325011,  1064,10,18:57:57,18:59:31,    94, 24.40, 23.90,LS    ,  0.50,  0.000,  0.00,  0.000,  0.000,  0.000,  0.000
840003268256441,  1148,11,18:56:19,18:59:34,   195, 73.60, 72.90,LS    ,  0.70,  0.000,  0.00,  0.000,  0.000,  0.000,  0.000
840003250681673,  1658, 8,18:54:57,18:59:53,   296, 82.90, 81.20,HS    ,  1.70,  0.000,  0.00,  0.000,  0.000,  0.000,  0.000
840003218920939,  1181, 9,18:59:42,18:59:54,    12, 82.30, 82.20,HS    ,  0.10,  0.000,  0.00,  0.000,  0.000,  0.000,  0.000
840003250681669,  1654,17,18:59:37,19:00:00,    23, 65.90, 65.90,HS    ,  0.00,  0.000,  0.00,  0.000,  0.000,  0.000,  0.000
840003218920920,  1162, 5,18:59:47,19:00:00,    13, 64.90, 64.80,HS    ,  0.10,  0.000,  0.00,  0.000,  0.000,  0.000,  0.000
840003250681620,  1605,18,18:52:34,19:00:06,   452, 72.70, 71.00,LS    ,  1.70,  0.000,  0.00,  0.000,  0.000,  0.000,  0.000
840003250681737,  1722,43,19:00:06,19:00:25,    19,  0.10,  0.10,TMR01 ,  0.00,  0.000,  0.00,  0.000,  0.000,  0.000,  0.000
840003234513972,  1580,12,18:52:31,19:00:26,   475, 71.60, 68.60,LS    ,  3.00,  0.000,  0.00,  0.000,  0.000,  0.000,  0.000
840003250681620,  1605,19,19:00:14,19:00:33,    19, 70.90, 70.90,LS    ,  0.00,  0.000,  0.00,  0.000,  0.000,  0.000,  0.000
840003287325011,  1064,13,18:59:40,19:00:37,    57, 68.50, 68.00,HS    ,  0.50,  0.000,  0.00,  0.000,  0.000,  0.000,  0.000
840003218920983,  1225,20,18:55:08,19:00:48,   340, 43.30, 51.50,LS    , -8.20,  0.000,  0.00,  0.000,  0.000,  0.000,  0.000
840003250681669,  1654,20,19:00:58,19:01:05,     7, 51.50, 51.50,LS    ,  0.00,  0.000,  0.00,  0.000,  0.000,  0.000,  0.000
840003250681656,  1641,30,18:50:45,19:01:12,   627, 71.00, 68.20,HS    ,  2.80,  0.000,  0.00,  0.000,  0.000,  0.000,  0.000
840003218920983,  1225,22,19:01:06,19:01:14,     8, 76.50, 76.20,HS    ,  0.30,  0.000,  0.00,  0.000,  0.000,  0.000,  0.000
840003287325011,  1064,12,19:00:47,19:01:20,    33, 68.60, 68.40,LS    ,  0.20,  0.000,  0.00,  0.000,  0.000,  0.000,  0.000
840003234513923,  1531,14,18:55:54,19:01:29,   335, 79.50, 78.20,HS    ,  1.30,  0.000,  0.00,  0.000,  0.000,  0.000,  0.000
840003218920873,  1115,29,18:50:37,19:01:33,   656, 74.20, 70.40,HS    ,  3.80,  0.000,  0.00,  0.000,  0.000,  0.000,  0.000
840003268256440,  9884,24,18:51:27,19:01:57,   630, 75.30, 71.70,HS    ,  3.60,  0.000,  0.00,  0.000,  0.000,  0.000,  0.000
840003250681659,  1644,28,18:55:56,19:02:18,   382, 46.90, 44.70,LS    ,  2.20,  0.000,  0.00,  0.000,  0.000,  0.000,  0.000
840003287324980,  1557,16,18:56:20,19:02:22,   362, 63.30, 61.80,HS    ,  1.50,  0.000,  0.00,  0.000,  0.000,  0.000,  0.000
840003218920983,  1225,26,19:02:17,19:02:27,    10, 59.30, 58.90,HS    ,  0.40,  0.000,  0.00,  0.000,  0.000,  0.000,  0.000
840003250681620,  1605,27,19:00:51,19:02:48,   117, 74.20, 74.20,LS    ,  0.00,  0.000,  0.00,  0.000,  0.000,  0.000,  0.000
840003274076113,  9290,31,18:50:13,19:02:58,   765, 52.80, 49.40,LS    ,  3.40,  0.000,  0.00,  0.000,  0.000,  0.000,  0.000
840003205049521,  9635, 3,18:58:09,19:03:48,   339, 59.50, 57.30,LS    ,  2.20,  0.000,  0.00,  0.000,  0.000,  0.000,  0.000
840003218920920,  1162, 4,19:03:41,19:04:04,    23, 72.30, 72.00,HS    ,  0.30,  0.000,  0.00,  0.000,  0.000,  0.000,  0.000
840003287324980,  1557,13,19:04:04,19:04:21,    17, 68.00, 68.00,HS    ,  0.00,  0.000,  0.00,  0.000,  0.000,  0.000,  0.000
840003250681620,  1605,19,19:03:28,19:04:25,    57, 70.90, 70.80,LS    ,  0.10,  0.000,  0.00,  0.000,  0.000,  0.000,  0.000
840003250681669,  1654,21,19:01:10,19:04:35,   205, 70.10, 69.00,HS    ,  1.10,  0.000,  0.00,  0.000,  0.000,  0.000,  0.000
840003250681620,  1605,11,19:04:45,19:04:51,     6, 72.90, 72.90,LS    ,  0.00,  0.000,  0.00,  0.000,  0.000,  0.000,  0.000
840003250681656,  1641,29,19:02:58,19:04:51,   113, 70.50, 70.10,HS    ,  0.40,  0.000,  0.00,  0.000,  0.000,  0.000,  0.000
840003250681669,  1654,22,19:04:41,19:04:53,    12, 76.20, 76.20,HS    ,  0.00,  0.000,  0.00,  0.000,  0.000,  0.000,  0.000
840003218920983,  1225,25,19:03:03,19:05:05,   122, 74.20, 73.50,LS    ,  0.70,  0.000,  0.00,  0.000,  0.000,  0.000,  0.000
840003218920939,  1181, 6,19:00:07,19:05:37,   330, 72.60, 71.00,LS    ,  1.60,  0.000,  0.00,  0.000,  0.000,  0.000,  0.000
840003218920920,  1162, 3,19:04:48,19:05:56,    68, 57.30, 57.00,LS    ,  0.30,  0.000,  0.00,  0.000,  0.000,  0.000,  0.000
840003218920939,  1181, 5,19:05:46,19:05:57,    11, 64.80, 64.80,HS    ,  0.00,  0.000,  0.00,  0.000,  0.000,  0.000,  0.000
840003250681656,  1641,26,19:06:03,19:06:07,     4, 59.00, 59.00,HS    ,  0.00,  0.000,  0.00,  0.000,  0.000,  0.000,  0.000
840003287325011,  1064, 9,19:01:29,19:06:41,   312, 82.20, 80.00,HS    ,  2.20,  0.000,  0.00,  0.000,  0.000,  0.000,  0.000
840003234513923,  1531,10,19:02:40,19:06:50,   250, 23.70, 22.70,LS    ,  1.00,  0.000,  0.00,  0.000,  0.000,  0.000,  0.000
840003287324980,  1557,12,19:04:28,19:07:01,   153, 68.40, 67.50,LS    ,  0.90,  0.000,  0.00,  0.000,  0.000,  0.000,  0.000
840003218920920,  1162, 5,19:06:41,19:07:13,    32, 64.80, 64.50,HS    ,  0.30,  0.000,  0.00,  0.000,  0.000,  0.000,  0.000
840003250681620,  1605, 6,19:05:49,19:07:38,   109, 71.00, 70.50,LS    ,  0.50,  0.000,  0.00,  0.000,  0.000,  0.000,  0.000
840003250681656,  1641,32,19:06:23,19:07:51,    88, 74.80, 74.40,HS    ,  0.40,  0.000,  0.00,  0.000,  0.000,  0.000,  0.000
840003234513923,  1531,10,19:07:37,19:08:15,    38, 22.40, 22.40,LS    ,  0.00,  0.000,  0.00,  0.000,  0.000,  0.000,  0.000
840003250681659,  1644,31,19:03:07,19:08:13,   306, 49.40, 47.40,LS    ,  2.00,  0.000,  0.00,  0.000,  0.000,  0.000,  0.000
840003218920939,  1181, 3,19:06:39,19:08:28,   109, 57.00, 56.50,LS    ,  0.50,  0.000,  0.00,  0.000,  0.000,  0.000,  0.000
840003250681673,  1658, 1,19:00:15,19:08:48,   513, 66.20, 63.70,HS    ,  2.50,  0.000,  0.00,  0.000,  0.000,  0.000,  0.000
840003274076113,  9290,28,19:06:49,19:08:55,   126, 44.70, 44.30,LS    ,  0.40,  0.000,  0.00,  0.000,  0.000,  0.000,  0.000
840003250681669,  1654,30,19:05:28,19:08:54,   206, 68.20, 67.60,HS    ,  0.60,  0.000,  0.00,  0.000,  0.000,  0.000,  0.000
840003250681659,  1644,31,19:08:29,19:08:59,    30, 47.40, 47.20,LS    ,  0.20,  0.000,  0.00,  0.000,  0.000,  0.000,  0.000
840003205049521,  9635,19,19:07:46,19:09:10,    84, 70.80, 70.40,LS    ,  0.40,  0.000,  0.00,  0.000,  0.000,  0.000,  0.000
840003268256440,  9884,29,19:05:14,19:09:10,   236, 70.10, 69.20,HS    ,  0.90,  0.000,  0.00,  0.000,  0.000,  0.000,  0.000
840003218920939,  1181, 4,19:08:51,19:09:34,    43, 72.00, 71.80,HS    ,  0.20,  0.000,  0.00,  0.000,  0.000,  0.000,  0.000
840003250681659,  1644,24,19:10:01,19:10:12,    11, 71.60, 71.60,HS    ,  0.00,  0.000,  0.00,  0.000,  0.000,  0.000,  0.000
840003218920939,  1181, 4,19:10:16,19:10:21,     5, 72.00, 71.80,HS    ,  0.20,  0.000,  0.00,  0.000,  0.000,  0.000,  0.000
840003250681669,  1654,29,19:09:19,19:10:38,    79, 69.30, 68.80,HS    ,  0.50,  0.000,  0.00,  0.000,  0.000,  0.000,  0.000
840003250681620,  1605,10,19:08:31,19:10:40,   129, 22.40, 21.90,LS    ,  0.50,  0.000,  0.00,  0.000,  0.000,  0.000,  0.000
840003250681656,  1641,30,19:09:58,19:10:53,    55, 67.60, 67.40,HS    ,  0.20,  0.000,  0.00,  0.000,  0.000,  0.000,  0.000
840003268256441,  1148,31,19:09:09,19:11:36,   147, 47.20, 46.30,LS    ,  0.90,  0.000,  0.00,  0.000,  0.000,  0.000,  0.000
840003250681656,  1641,27,19:11:07,19:12:18,    71, 73.90, 72.40,LS    ,  1.50,  0.000,  0.00,  0.000,  0.000,  0.000,  0.000
840003250681638,  1623, 2,18:58:39,19:12:35,   836, 58.70, 54.10,LS    ,  4.60,  0.000,  0.00,  0.000,  0.000,  0.000,  0.000
840003250681673,  1658, 1,19:09:07,19:12:36,   209, 63.70, 62.40,HS    ,  1.30,  0.000,  0.00,  0.000,  0.000,  0.000,  0.000
840003218920983,  1225,18,19:09:24,19:12:39,   195, 71.00, 69.80,LS    ,  1.20,  0.000,  0.00,  0.000,  0.000,  0.000,  0.000
840003250681620,  1605,10,19:12:37,19:12:41,     4, 21.80, 21.80,LS    ,  0.00,  0.000,  0.00,  0.000,  0.000,  0.000,  0.000
840003218920939,  1181, 3,19:10:26,19:13:18,   172, 56.50, 55.80,LS    ,  0.70,  0.000,  0.00,  0.000,  0.000,  0.000,  0.000
840003287324980,  1557,17,19:07:31,19:13:25,   354, 65.90, 64.30,HS    ,  1.60,  0.000,  0.00,  0.000,  0.000,  0.000,  0.000
840003205049521,  9635,26,19:10:05,19:13:33,   208, 57.50, 55.20,HS    ,  2.30,  0.000,  0.00,  0.000,  0.000,  0.000,  0.000
840003234513972,  1580, 7,19:00:54,19:13:44,   770, 78.20, 74.00,LS    ,  4.20,  0.000,  0.00,  0.000,  0.000,  0.000,  0.000
840003250681659,  1644,25,19:10:23,19:13:49,   206, 73.50, 72.60,LS    ,  0.90,  0.000,  0.00,  0.000,  0.000,  0.000,  0.000
840003287325011,  1064, 5,19:14:03,19:14:10,     7, 64.50, 64.50,HS    ,  0.00,  0.000,  0.00,  0.000,  0.000,  0.000,  0.000
840003218920920,  1162, 6,19:07:52,19:14:16,   384, 70.50, 68.10,LS    ,  2.40,  0.000,  0.00,  0.000,  0.000,  0.000,  0.000
840003250681620,  1605, 7,19:13:54,19:14:32,    38, 74.00, 73.80,LS    ,  0.20,  0.000,  0.00,  0.000,  0.000,  0.000,  0.000
840003234513923,  1531,10,19:14:21,19:14:41,    20, 21.70, 21.70,LS    ,  0.00,  0.000,  0.00,  0.000,  0.000,  0.000,  0.000
840003205049521,  9635,28,19:13:59,19:16:01,   122, 44.30, 43.40,LS    ,  0.90,  0.000,  0.00,  0.000,  0.000,  0.000,  0.000
840003234513972,  1580, 2,19:15:03,19:16:05,    62, 54.10, 53.70,LS    ,  0.40,  0.000,  0.00,  0.000,  0.000,  0.000,  0.000
840003250681673,  1658, 1,19:12:50,19:16:18,   208, 62.40, 61.10,HS    ,  1.30,  0.000,  0.00,  0.000,  0.000,  0.000,  0.000
840003205049521,  9635,27,19:16:11,19:16:29,    18, 72.60, 74.00,LS    , -1.40,  0.000,  0.00,  0.000,  0.000,  0.000,  0.000
840003234513972,  1580, 1,19:16:28,19:16:32,     4, 61.10, 61.10,HS    ,  0.00,  0.000,  0.00,  0.000,  0.000,  0.000,  0.000
840003250681669,  1654,21,19:11:44,19:16:37,   293, 69.00, 67.80,HS    ,  1.20,  0.000,  0.00,  0.000,  0.000,  0.000,  0.000
840003250681669,  1654,22,19:16:41,19:16:48,     7, 76.10, 76.10,HS    ,  0.00,  0.000,  0.00,  0.000,  0.000,  0.000,  0.000
840003205049521,  9635,24,19:16:59,19:17:18,    19, 71.60, 71.40,HS    ,  0.20,  0.000,  0.00,  0.000,  0.000,  0.000,  0.000
840003218920983,  1225,18,19:13:30,19:17:24,   234, 69.90, 68.90,LS    ,  1.00,  0.000,  0.00,  0.000,  0.000,  0.000,  0.000
840003287324980,  1557,17,19:13:46,19:17:33,   227, 64.30, 63.10,HS    ,  1.20,  0.000,  0.00,  0.000,  0.000,  0.000,  0.000
840003250681659,  1644,25,19:14:35,19:17:42,   187, 72.60, 71.70,LS    ,  0.90,  0.000,  0.00,  0.000,  0.000,  0.000,  0.000
840003250681659,  1644,25,19:17:52,19:18:12,    20, 71.70, 71.40,LS    ,  0.30,  0.000,  0.00,  0.000,  0.000,  0.000,  0.000
840003218920983,  1225,26,19:18:23,19:18:36,    13, 55.20, 54.80,HS    ,  0.40,  0.000,  0.00,  0.000,  0.000,  0.000,  0.000
840003205049521,  9635,23,19:17:56,19:18:41,    45, 58.60, 58.40,LS    ,  0.20,  0.000,  0.00,  0.000,  0.000,  0.000,  0.000
840003287324980,  1557,18,19:17:54,19:18:46,    52, 68.90, 68.70,LS    ,  0.20,  0.000,  0.00,  0.000,  0.000,  0.000,  0.000
840003274076113,  9290,20,19:09:31,19:18:57,   566, 51.50, 52.80,LS    , -1.30,  0.000,  0.00,  0.000,  0.000,  0.000,  0.000
840003205049521,  9635,26,19:18:55,19:19:00,     5, 54.80, 54.80,HS    ,  0.00,  0.000,  0.00,  0.000,  0.000,  0.000,  0.000
840003205049521,  9635,25,19:19:04,19:20:05,    61, 71.40, 70.60,LS    ,  0.80,  0.000,  0.00,  0.000,  0.000,  0.000,  0.000
840003234513925,  1533,15,19:05:42,19:20:53,   911, 68.20, 63.90,LS    ,  4.30,  0.000,  0.00,  0.000,  0.000,  0.000,  0.000
840003205049521,  9635,24,19:20:41,19:20:56,    15, 71.40, 71.20,HS    ,  0.20,  0.000,  0.00,  0.000,  0.000,  0.000,  0.000
840003287324980,  1557,17,19:18:52,19:21:05,   133, 63.10, 62.40,HS    ,  0.70,  0.000,  0.00,  0.000,  0.000,  0.000,  0.000
840003205049521,  9635,26,19:21:42,19:21:45,     3, 54.70, 54.70,HS    ,  0.00,  0.000,  0.00,  0.000,  0.000,  0.000,  0.000
840003218920920,  1162,12,19:15:30,19:23:07,   457, 67.30, 63.90,LS    ,  3.40,  0.000,  0.00,  0.000,  0.000,  0.000,  0.000
840003234513828,  1436,54,19:22:43,19:23:23,    40, 47.22, 46.79,TEST  ,  0.43,  0.000,  0.00,  0.000,  0.000,  0.000,  0.000
840003287324993,  9134,75,19:23:36,19:23:41,     5, 47.41, 47.39,TEST  ,  0.02,  0.000,  0.00,  0.000,  0.000,  0.000,  0.000
840003234513972,  1580, 2,19:17:12,19:23:52,   400, 53.70, 51.60,LS    ,  2.10,  0.000,  0.00,  0.000,  0.000,  0.000,  0.000
840003250681669,  1654, 8,19:19:58,19:24:14,   256, 81.10, 80.30,HS    ,  0.80,  0.000,  0.00,  0.000,  0.000,  0.000,  0.000
840003250681620,  1605, 7,19:14:47,19:24:23,   576, 73.80, 72.10,LS    ,  1.70,  0.000,  0.00,  0.000,  0.000,  0.000,  0.000
840003211747972,  9943,31,19:24:12,19:24:25,    13, 46.20, 46.00,LS    ,  0.20,  0.000,  0.00,  0.000,  0.000,  0.000,  0.000
840003250681669,  1654, 7,19:24:37,19:24:51,    14, 72.00, 72.00,LS    ,  0.00,  0.000,  0.00,  0.000,  0.000,  0.000,  0.000
840003250681620,  1605, 6,19:24:28,19:24:59,    31, 68.10, 67.90,LS    ,  0.20,  0.000,  0.00,  0.000,  0.000,  0.000,  0.000
840003211747972,  9943,32,19:24:47,19:24:59,    12, 74.40, 74.10,HS    ,  0.30,  0.000,  0.00,  0.000,  0.000,  0.000,  0.000
840003218920983,  1225,20,19:21:20,19:25:41,   261, 52.80, 49.40,LS    ,  3.40,  0.000,  0.00,  0.000,  0.000,  0.000,  0.000
840003211747972,  9943,32,19:25:35,19:25:47,    12, 74.10, 73.90,HS    ,  0.20,  0.000,  0.00,  0.000,  0.000,  0.000,  0.000
840003250681681,  1666, 4,19:10:31,19:25:53,   922, 71.80, 67.20,HS    ,  4.60,  0.000,  0.00,  0.000,  0.000,  0.000,  0.000
840003218920983,  1225,22,19:25:55,19:26:04,     9, 76.10, 75.80,HS    ,  0.30,  0.000,  0.00,  0.000,  0.000,  0.000,  0.000
840003234513828,  1436,54,19:24:29,19:26:11,   102, 46.80, 45.99,TEST  ,  0.81,  0.000,  0.00,  0.000,  0.000,  0.000,  0.000
840003287325011,  1064, 9,19:14:56,19:26:19,   683, 80.00, 75.90,HS    ,  4.10,  0.000,  0.00,  0.000,  0.000,  0.000,  0.000
840003234513923,  1531,10,19:15:08,19:26:23,   675, 21.50, 18.70,LS    ,  2.80,  0.000,  0.00,  0.000,  0.000,  0.000,  0.000
840003211747972,  9943,32,19:26:13,19:26:25,    12, 73.90, 73.60,HS    ,  0.30,  0.000,  0.00,  0.000,  0.000,  0.000,  0.000
840003234513850,  1458,60,19:26:46,19:26:51,     5, 75.73, 75.79,TEST  , -0.06,  0.000,  0.00,  0.000,  0.000,  0.000,  0.000
840003250681783,  1768,53,19:21:42,19:27:00,   318, 34.26, 32.94,TEST  ,  1.32,  0.000,  0.00,  0.000,  0.000,  0.000,  0.000
840003218920983,  1225,22,19:26:49,19:26:57,     8, 75.80, 75.30,HS    ,  0.50,  0.000,  0.00,  0.000,  0.000,  0.000,  0.000
840003211747972,  9943,31,19:26:56,19:27:51,    55, 46.00, 45.60,LS    ,  0.40,  0.000,  0.00,  0.000,  0.000,  0.000,  0.000
840003218920983,  1225,22,19:28:04,19:28:16,    12, 75.30, 74.90,HS    ,  0.40,  0.000,  0.00,  0.000,  0.000,  0.000,  0.000
840003234513972,  1580, 2,19:26:12,19:28:40,   148, 51.60, 50.90,LS    ,  0.70,  0.000,  0.00,  0.000,  0.000,  0.000,  0.000
840003211747972,  9943,27,19:28:11,19:29:00,    49, 73.70, 73.10,LS    ,  0.60,  0.000,  0.00,  0.000,  0.000,  0.000,  0.000
840003205049521,  9635,28,19:21:51,19:29:05,   434, 43.40, 40.80,LS    ,  2.60,  0.000,  0.00,  0.000,  0.000,  0.000,  0.000
840003218920983,  1225,22,19:29:00,19:29:10,    10, 74.90, 74.50,HS    ,  0.40,  0.000,  0.00,  0.000,  0.000,  0.000,  0.000
840003234513923,  1531,12,19:29:04,19:29:14,    10, 63.60, 63.80,LS    , -0.20,  0.000,  0.00,  0.000,  0.000,  0.000,  0.000
840003268256441,  1148,19,19:17:10,19:29:22,   732, 70.40, 66.60,LS    ,  3.80,  0.000,  0.00,  0.000,  0.000,  0.000,  0.000
840003250681673,  1658,13,19:18:02,19:29:26,   684, 68.00, 65.40,HS    ,  2.60,  0.000,  0.00,  0.000,  0.000,  0.000,  0.000
840003250681656,  1641,29,19:12:27,19:29:30,  1023, 68.10, 65.50,HS    ,  2.60,  0.000,  0.00,  0.000,  0.000,  0.000,  0.000
840003287325011,  1064,10,19:26:46,19:29:44,   178, 18.60, 17.80,LS    ,  0.80,  0.000,  0.00,  0.000,  0.000,  0.000,  0.000
840003218920983,  1225,22,19:29:52,19:30:05,    13, 74.50, 74.00,HS    ,  0.50,  0.000,  0.00,  0.000,  0.000,  0.000,  0.000
840003205049521,  9635,25,19:29:25,19:30:19,    54, 70.60, 70.30,LS    ,  0.30,  0.000,  0.00,  0.000,  0.000,  0.000,  0.000
840003205049521,  9635,26,19:30:33,19:30:37,     4, 54.70, 54.80,HS    , -0.10,  0.000,  0.00,  0.000,  0.000,  0.000,  0.000
840003211747972,  9943,23,19:29:36,19:30:46,    70, 58.30, 58.00,LS    ,  0.30,  0.000,  0.00,  0.000,  0.000,  0.000,  0.000
840003250681783,  1768,54,19:28:26,19:31:05,   159, 45.63, 45.03,TEST  ,  0.60,  0.000,  0.00,  0.000,  0.000,  0.000,  0.000
840003211747972,  9943,24,19:30:51,19:31:07,    16, 71.20, 70.70,HS    ,  0.50,  0.000,  0.00,  0.000,  0.000,  0.000,  0.000
840003234513840,  1448,70,19:25:33,19:31:14,   341, 24.56, 22.40,TEST  ,  2.16,  0.000,  0.00,  0.000,  0.000,  0.000,  0.000
840003205049521,  9635,26,19:30:54,19:31:11,    17, 54.90, 54.60,HS    ,  0.30,  0.000,  0.00,  0.000,  0.000,  0.000,  0.000
840003250681620,  1605, 6,19:25:33,19:31:15,   342, 67.90, 66.80,LS    ,  1.10,  0.000,  0.00,  0.000,  0.000,  0.000,  0.000
840003218920826,  1068,57,19:30:07,19:31:26,    79, 71.94, 71.28,TEST  ,  0.66,  0.000,  0.00,  0.000,  0.000,  0.000,  0.000
840003234513828,  1436,55,19:26:54,19:31:37,   283, 66.60, 64.81,TEST  ,  1.79,  0.000,  0.00,  0.000,  0.000,  0.000,  0.000
840003250681656,  1641,29,19:30:25,19:33:08,   163, 65.50, 64.60,HS    ,  0.90,  0.000,  0.00,  0.000,  0.000,  0.000,  0.000
840003218920920,  1162,12,19:30:47,19:33:17,   150, 64.10, 63.10,LS    ,  1.00,  0.000,  0.00,  0.000,  0.000,  0.000,  0.000
840003250681669,  1654, 5,19:25:29,19:33:41,   492, 64.40, 63.00,HS    ,  1.40,  0.000,  0.00,  0.000,  0.000,  0.000,  0.000
840003287325013,  9824, 4,19:26:04,19:34:03,   479, 67.20, 64.10,HS    ,  3.10,  0.000,  0.00,  0.000,  0.000,  0.000,  0.000
840003211747972,  9943,20,19:32:38,19:34:09,    91, 49.40, 51.60,LS    , -2.20,  0.000,  0.00,  0.000,  0.000,  0.000,  0.000
840003250681783,  1768,56,19:31:13,19:34:16,   183, 71.39, 70.67,TEST  ,  0.72,  0.000,  0.00,  0.000,  0.000,  0.000,  0.000
840003250681681,  1666, 1,19:27:05,19:34:13,   428, 61.10, 59.30,HS    ,  1.80,  0.000,  0.00,  0.000,  0.000,  0.000,  0.000
840003250681659,  1644, 3,19:22:29,19:34:15,   706, 55.80, 53.00,LS    ,  2.80,  0.000,  0.00,  0.000,  0.000,  0.000,  0.000
840003218920901,  1143,31,19:29:01,19:34:17,   316, 45.60, 43.90,LS    ,  1.70,  0.000,  0.00,  0.000,  0.000,  0.000,  0.000
840003274076201,  1702,53,19:28:25,19:34:22,   357, 32.94, 30.94,TEST  ,  2.00,  0.000,  0.00,  0.000,  0.000,  0.000,  0.000
840003218920920,  1162, 4,19:34:13,19:34:34,    21, 64.10, 63.90,HS    ,  0.20,  0.000,  0.00,  0.000,  0.000,  0.000,  0.000
840003234513840,  1448,71,19:31:44,19:34:41,   177, 27.86, 26.91,TEST  ,  0.95,  0.000,  0.00,  0.000,  0.000,  0.000,  0.000
840003218920983,  1225,19,19:30:54,19:34:49,   235, 66.60, 65.30,LS    ,  1.30,  0.000,  0.00,  0.000,  0.000,  0.000,  0.000
840003250681632,  1617, 2,19:30:50,19:35:03,   253, 50.90, 50.10,LS    ,  0.80,  0.000,  0.00,  0.000,  0.000,  0.000,  0.000
840003250681656,  1641,31,19:34:30,19:35:08,    38, 43.90, 43.90,LS    ,  0.00,  0.000,  0.00,  0.000,  0.000,  0.000,  0.000
840003211747972,  9943,19,19:35:00,19:35:19,    19, 65.30, 65.10,LS    ,  0.20,  0.000,  0.00,  0.000,  0.000,  0.000,  0.000
840003205049675,  9789,13,19:33:50,19:35:39,   109, 65.40, 64.80,HS    ,  0.60,  0.000,  0.00,  0.000,  0.000,  0.000,  0.000
840003211747972,  9943,17,19:35:48,19:36:03,    15, 62.40, 62.40,HS    ,  0.00,  0.000,  0.00,  0.000,  0.000,  0.000,  0.000
840003211747972,  9943,18,19:36:08,19:36:43,    35, 68.70, 68.50,LS    ,  0.20,  0.000,  0.00,  0.000,  0.000,  0.000,  0.000
840003250681632,  1617, 5,19:36:11,19:36:54,    43, 63.00, 62.60,HS    ,  0.40,  0.000,  0.00,  0.000,  0.000,  0.000,  0.000
840003234513898,  1506,73,19:34:06,19:37:36,   210, 35.52, 33.66,TEST  ,  1.86,  0.000,  0.00,  0.000,  0.000,  0.000,  0.000
840003250681632,  1617, 5,19:37:06,19:37:48,    42, 62.60, 62.30,HS    ,  0.30,  0.000,  0.00,  0.000,  0.000,  0.000,  0.000
840003211747972,  9943,12,19:37:29,19:37:56,    27, 63.20, 63.00,LS    ,  0.20,  0.000,  0.00,  0.000,  0.000,  0.000,  0.000
840003250681620,  1605, 7,19:31:30,19:38:26,   416, 72.10, 71.00,LS    ,  1.10,  0.000,  0.00,  0.000,  0.000,  0.000,  0.000
840003211747972,  9943,11,19:38:16,19:38:43,    27, 72.90, 72.70,LS    ,  0.20,  0.000,  0.00,  0.000,  0.000,  0.000,  0.000
840003234513990,  1598,31,19:36:03,19:38:47,   164, 43.90, 43.40,LS    ,  0.50,  0.000,  0.00,  0.000,  0.000,  0.000,  0.000
840003218920920,  1162, 3,19:34:42,19:38:58,   256, 53.00, 51.70,LS    ,  1.30,  0.000,  0.00,  0.000,  0.000,  0.000,  0.000
840003234513987,  1595,30,19:17:50,19:39:00,  1270, 67.40, 62.10,HS    ,  5.30,  0.000,  0.00,  0.000,  0.000,  0.000,  0.000
840003287324998,  9295,71,19:39:35,19:39:43,     8, 26.89, 26.92,TEST  , -0.03,  0.000,  0.00,  0.000,  0.000,  0.000,  0.000
840003218920920,  1162, 4,19:39:28,19:39:50,    22, 63.90, 63.50,HS    ,  0.40,  0.000,  0.00,  0.000,  0.000,  0.000,  0.000
840003218920983,  1225,19,19:35:46,19:40:05,   259, 65.10, 64.30,LS    ,  0.80,  0.000,  0.00,  0.000,  0.000,  0.000,  0.000
840003205049521,  9635,25,19:31:26,19:40:10,   524, 70.30, 66.60,LS    ,  3.70,  0.000,  0.00,  0.000,  0.000,  0.000,  0.000
840003250681656,  1641,31,19:39:35,19:40:13,    38, 43.40, 43.40,LS    ,  0.00,  0.000,  0.00,  0.000,  0.000,  0.000,  0.000
840003250681791,  1776,79,19:29:40,19:40:19,   639, 56.51, 53.73,TEST  ,  2.78,  0.000,  0.00,  0.000,  0.000,  0.000,  0.000
840003234513847,  1455,78,19:38:54,19:40:37,   103, 61.65, 60.68,TEST  ,  0.97,  0.000,  0.00,  0.000,  0.000,  0.000,  0.000
840003234513925,  1533,15,19:21:16,19:40:34,  1158, 63.60, 58.10,LS    ,  5.50,  0.000,  0.00,  0.000,  0.000,  0.000,  0.000
840003234513923,  1531,10,19:31:07,19:40:42,   575, 17.60, 15.50,LS    ,  2.10,  0.000,  0.00,  0.000,  0.000,  0.000,  0.000
840003218920983,  1225,22,19:40:33,19:40:44,    11, 73.90, 73.50,HS    ,  0.40,  0.000,  0.00,  0.000,  0.000,  0.000,  0.000
840003250681673,  1658,24,19:39:46,19:40:53,    67, 70.70, 70.50,HS    ,  0.20,  0.000,  0.00,  0.000,  0.000,  0.000,  0.000
840003218920920,  1162, 4,19:40:38,19:40:58,    20, 63.50, 63.20,HS    ,  0.30,  0.000,  0.00,  0.000,  0.000,  0.000,  0.000
840003250681632,  1617, 6,19:37:54,19:41:21,   207, 66.80, 65.70,LS    ,  1.10,  0.000,  0.00,  0.000,  0.000,  0.000,  0.000
840003205049521,  9635,24,19:41:11,19:41:29,    18, 70.40, 70.20,HS    ,  0.20,  0.000,  0.00,  0.000,  0.000,  0.000,  0.000
840003211747972,  9943,12,19:39:06,19:41:37,   151, 63.00, 62.20,LS    ,  0.80,  0.000,  0.00,  0.000,  0.000,  0.000,  0.000
840003234513923,  1531,10,19:41:37,19:41:41,     4, 15.40, 15.40,LS    ,  0.00,  0.000,  0.00,  0.000,  0.000,  0.000,  0.000
840003234513893,  1501,76,19:34:37,19:41:46,   429, 49.90, 46.42,TEST  ,  3.48,  0.000,  0.00,  0.000,  0.000,  0.000,  0.000
840003287325011,  1064, 9,19:29:59,19:41:43,   704, 75.90, 72.90,HS    ,  3.00,  0.000,  0.00,  0.000,  0.000,  0.000,  0.000
840003218920920,  1162, 4,19:41:23,19:41:50,    27, 63.20, 63.00,HS    ,  0.20,  0.000,  0.00,  0.000,  0.000,  0.000,  0.000
840003234513898,  1506,74,19:37:39,19:42:00,   261, 35.83, 33.21,TEST  ,  2.62,  0.000,  0.00,  0.000,  0.000,  0.000,  0.000
840003234513898,  1506,74,19:42:01,19:42:07,     6, 33.21, 33.21,TEST  ,  0.00,  0.000,  0.00,  0.000,  0.000,  0.000,  0.000
840003250681783,  1768,61,19:34:24,19:42:20,   476, 61.98, 61.87,TEST  ,  0.11,  0.000,  0.00,  0.000,  0.000,  0.000,  0.000
840003250681632,  1617, 5,19:41:27,19:42:22,    55, 62.30, 61.70,HS    ,  0.60,  0.000,  0.00,  0.000,  0.000,  0.000,  0.000
840003234513766,  1374,65,19:38:16,19:42:35,   259, 50.63, 48.72,TEST  ,  1.91,  0.000,  0.00,  0.000,  0.000,  0.000,  0.000
840003250681783,  1768,62,19:42:39,19:42:50,    11, 61.63, 61.64,TEST  , -0.01,  0.000,  0.00,  0.000,  0.000,  0.000,  0.000
840003234513850,  1458,60,19:26:55,19:42:55,   960, 75.86, 70.24,TEST  ,  5.62,  0.000,  0.00,  0.000,  0.000,  0.000,  0.000
982000372939914,  8693,55,19:32:07,19:43:01,   654, 64.79, 60.36,TEST  ,  4.43,  0.000,  0.00,  0.000,  0.000,  0.000,  0.000
840003211747972,  9943,12,19:42:21,19:43:02,    41, 62.10, 62.00,LS    ,  0.10,  0.000,  0.00,  0.000,  0.000,  0.000,  0.000
840003234513898,  1506,74,19:42:07,19:43:06,    59, 33.21, 32.77,TEST  ,  0.44,  0.000,  0.00,  0.000,  0.000,  0.000,  0.000
840003218920961,  1203,54,19:31:29,19:43:16,   707, 45.04, 39.78,TEST  ,  5.26,  0.000,  0.00,  0.000,  0.000,  0.000,  0.000
840003287324993,  9134,75,19:23:41,19:43:25,  1184, 47.40, 38.66,TEST  ,  8.74,  0.000,  0.00,  0.000,  0.000,  0.000,  0.000
840003205049521,  9635,21,19:42:20,19:43:20,    60, 67.70, 67.30,HS    ,  0.40,  0.000,  0.00,  0.000,  0.000,  0.000,  0.000
840003205049675,  9789,14,19:36:25,19:43:31,   426, 78.10, 75.60,HS    ,  2.50,  0.000,  0.00,  0.000,  0.000,  0.000,  0.000
840003211747927,  9898,80,19:39:38,19:43:38,   240, 37.71, 36.00,TEST  ,  1.71,  0.000,  0.00,  0.000,  0.000,  0.000,  0.000
840003218920920,  1162, 3,19:42:15,19:43:45,    90, 51.60, 51.30,LS    ,  0.30,  0.000,  0.00,  0.000,  0.000,  0.000,  0.000
840003234513840,  1448,72,19:34:51,19:43:51,   540, 53.76, 50.02,TEST  ,  3.74,  0.000,  0.00,  0.000,  0.000,  0.000,  0.000
840003234513925,  1533,15,19:40:56,19:43:48,   172, 58.00, 57.40,LS    ,  0.60,  0.000,  0.00,  0.000,  0.000,  0.000,  0.000
840003250681632,  1617, 5,19:43:31,19:43:55,    24, 61.70, 61.40,HS    ,  0.30,  0.000,  0.00,  0.000,  0.000,  0.000,  0.000
840003250681656,  1641,29,19:40:19,19:43:56,   217, 64.00, 64.80,HS    , -0.80,  0.000,  0.00,  0.000,  0.000,  0.000,  0.000
840003234513850,  1458,60,19:42:55,19:44:02,    67, 70.24, 69.81,TEST  ,  0.43,  0.000,  0.00,  0.000,  0.000,  0.000,  0.000
840003218920901,  1143,28,19:35:49,19:43:58,   489, 40.70, 38.70,LS    ,  2.00,  0.000,  0.00,  0.000,  0.000,  0.000,  0.000
840003205049521,  9635,21,19:43:49,19:44:01,    12, 67.30, 67.10,HS    ,  0.20,  0.000,  0.00,  0.000,  0.000,  0.000,  0.000
982000372939914,  8693,55,19:43:13,19:44:06,    53, 60.40, 60.16,TEST  ,  0.24,  0.000,  0.00,  0.000,  0.000,  0.000,  0.000
840003205049605,  9719,70,19:41:53,19:44:04,   131, 22.40, 21.04,TEST  ,  1.36,  0.000,  0.00,  0.000,  0.000,  0.000,  0.000
840003287325011,  1064,10,19:43:19,19:44:15,    56, 15.40, 15.20,LS    ,  0.20,  0.000,  0.00,  0.000,  0.000,  0.000,  0.000
840003250681819,  1804,63,19:37:58,19:44:20,   382, 57.90, 55.40,TEST  ,  2.50,  0.000,  0.00,  0.000,  0.000,  0.000,  0.000
840003218920826,  1068,59,19:31:41,19:44:33,   772, 82.67, 76.93,TEST  ,  5.74,  0.000,  0.00,  0.000,  0.000,  0.000,  0.000
840003250681748,  1733,53,19:37:56,19:44:33,   397, 30.92, 28.48,TEST  ,  2.44,  0.000,  0.00,  0.000,  0.000,  0.000,  0.000
840003250681788,  1773,53,19:44:34,19:44:39,     5, 28.48, 28.64,TEST  , -0.16,  0.000,  0.00,  0.000,  0.000,  0.000,  0.000
982000372939914,  8693,59,19:44:42,19:44:47,     5, 76.92, 76.91,TEST  ,  0.01,  0.000,  0.00,  0.000,  0.000,  0.000,  0.000
840003234513693,  1301,54,19:43:17,19:44:51,    94, 39.78, 38.80,TEST  ,  0.98,  0.000,  0.00,  0.000,  0.000,  0.000,  0.000
840003218920887,  1129,70,19:44:55,19:45:01,     6, 21.05, 21.06,TEST  , -0.01,  0.000,  0.00,  0.000,  0.000,  0.000,  0.000
840003287324998,  9295,71,19:39:44,19:45:12,   328, 26.93, 24.43,TEST  ,  2.50,  0.000,  0.00,  0.000,  0.000,  0.000,  0.000
840003250681788,  1773,53,19:44:53,19:45:14,    21, 28.34, 28.28,TEST  ,  0.06,  0.000,  0.00,  0.000,  0.000,  0.000,  0.000
840003218920920,  1162, 4,19:44:39,19:45:17,    38, 63.00, 62.60,HS    ,  0.40,  0.000,  0.00,  0.000,  0.000,  0.000,  0.000
840003250681632,  1617, 6,19:44:29,19:46:12,   103, 65.70, 65.20,LS    ,  0.50,  0.000,  0.00,  0.000,  0.000,  0.000,  0.000
840003234513990,  1598,19,19:45:14,19:46:18,    64, 64.30, 64.00,LS    ,  0.30,  0.000,  0.00,  0.000,  0.000,  0.000,  0.000
840003268256516,  9779,10,19:44:24,19:46:36,   132, 15.20, 14.70,LS    ,  0.50,  0.000,  0.00,  0.000,  0.000,  0.000,  0.000
840003250681632,  1617, 9,19:47:04,19:47:33,    29, 72.90, 72.70,HS    ,  0.20,  0.000,  0.00,  0.000,  0.000,  0.000,  0.000
840003218920920,  1162, 3,19:45:44,19:47:34,   110, 51.30, 50.80,LS    ,  0.50,  0.000,  0.00,  0.000,  0.000,  0.000,  0.000
840003234513990,  1598,19,19:46:41,19:47:58,    77, 64.00, 63.70,LS    ,  0.30,  0.000,  0.00,  0.000,  0.000,  0.000,  0.000
840003211747992,  9963, 2,19:37:43,19:48:01,   618, 50.10, 46.20,LS    ,  3.90,  0.000,  0.00,  0.000,  0.000,  0.000,  0.000
840003250681748,  1733,54,19:44:51,19:48:18,   207, 38.80, 37.53,TEST  ,  1.27,  0.000,  0.00,  0.000,  0.000,  0.000,  0.000
840003250681748,  1733,54,19:48:19,19:48:28,     9, 37.53, 37.51,TEST  ,  0.02,  0.000,  0.00,  0.000,  0.000,  0.000,  0.000
840003250681819,  1804,83,19:48:31,19:48:37,     6,  2.16,  2.38,TEST  , -0.22,  0.000,  0.00,  0.000,  0.000,  0.000,  0.000
840003268256516,  9779,12,19:46:53,19:48:36,   103, 61.90, 61.10,LS    ,  0.80,  0.000,  0.00,  0.000,  0.000,  0.000,  0.000
840003250681787,  1772,66,19:42:36,19:48:53,   377, 42.63, 39.84,TEST  ,  2.79,  0.000,  0.00,  0.000,  0.000,  0.000,  0.000
840003250681787,  1772,66,19:48:53,19:48:58,     5, 39.84, 39.85,TEST  , -0.01,  0.000,  0.00,  0.000,  0.000,  0.000,  0.000
840003250681791,  1776,78,19:40:41,19:49:13,   512, 60.68, 58.78,TEST  ,  1.90,  0.000,  0.00,  0.000,  0.000,  0.000,  0.000
840003234513893,  1501,76,19:41:54,19:49:19,   445, 46.44, 43.29,TEST  ,  3.15,  0.000,  0.00,  0.000,  0.000,  0.000,  0.000
840003250681632,  1617, 7,19:47:49,19:49:20,    91, 70.90, 70.50,LS    ,  0.40,  0.000,  0.00,  0.000,  0.000,  0.000,  0.000
840003250681646,  1631, 5,19:45:44,19:49:32,   228, 61.40, 59.90,HS    ,  1.50,  0.000,  0.00,  0.000,  0.000,  0.000,  0.000
840003234513777,  1385,82,19:42:30,19:49:47,   437, 14.72, 12.42,TEST  ,  2.30,  0.000,  0.00,  0.000,  0.000,  0.000,  0.000
840003274076170,  9253,69,19:49:52,19:49:57,     5, 24.11, 24.14,TEST  , -0.03,  0.000,  0.00,  0.000,  0.000,  0.000,  0.000
840003205049605,  9719,74,19:45:11,19:50:04,   293, 32.78, 30.52,TEST  ,  2.26,  0.000,  0.00,  0.000,  0.000,  0.000,  0.000
840003268256516,  9779,13,19:48:42,19:50:26,   104, 64.80, 64.20,HS    ,  0.60,  0.000,  0.00,  0.000,  0.000,  0.000,  0.000
840003234513833,  1441,71,19:45:16,19:50:36,   320, 24.43, 22.17,TEST  ,  2.26,  0.000,  0.00,  0.000,  0.000,  0.000,  0.000
840003287324998,  9295,72,19:45:13,19:50:40,   327, 50.02, 47.30,TEST  ,  2.72,  0.000,  0.00,  0.000,  0.000,  0.000,  0.000
840003287325039,  1348,77,19:27:25,19:50:52,  1407, 55.00, 47.78,TEST  ,  7.22,  0.000,  0.00,  0.000,  0.000,  0.000,  0.000
840003234513893,  1501,76,19:49:25,19:51:10,   105, 43.29, 42.67,TEST  ,  0.62,  0.000,  0.00,  0.000,  0.000,  0.000,  0.000
840003234513898,  1506,75,19:43:29,19:51:15,   466, 38.62, 35.22,TEST  ,  3.40,  0.000,  0.00,  0.000,  0.000,  0.000,  0.000
840003250681748,  1733,54,19:48:28,19:51:23,   175, 37.51, 36.40,TEST  ,  1.11,  0.000,  0.00,  0.000,  0.000,  0.000,  0.000
840003268256516,  9779,12,19:50:40,19:51:33,    53, 61.20, 60.50,LS    ,  0.70,  0.000,  0.00,  0.000,  0.000,  0.000,  0.000
840003211747992,  9963, 2,19:49:04,19:51:59,   175, 46.20, 45.10,LS    ,  1.10,  0.000,  0.00,  0.000,  0.000,  0.000,  0.000
840003250681791,  1776,78,19:49:13,19:52:08,   175, 58.76, 58.20,TEST  ,  0.56,  0.000,  0.00,  0.000,  0.000,  0.000,  0.000
840003250681819,  1804,83,19:48:37,19:52:12,   215,  2.38,  1.39,TEST  ,  0.99,  0.000,  0.00,  0.000,  0.000,  0.000,  0.000
840003250681672,  1657,26,19:51:52,19:52:09,    17, 54.60, 54.60,HS    ,  0.00,  0.000,  0.00,  0.000,  0.000,  0.000,  0.000
840003234513893,  1501,77,19:51:21,19:52:18,    57, 47.76, 47.33,TEST  ,  0.43,  0.000,  0.00,  0.000,  0.000,  0.000,  0.000
840003250681787,  1772,66,19:49:11,19:52:36,   205, 39.84, 38.49,TEST  ,  1.35,  0.000,  0.00,  0.000,  0.000,  0.000,  0.000
840003250681748,  1733,54,19:52:01,19:53:17,    76, 36.38, 35.92,TEST  ,  0.46,  0.000,  0.00,  0.000,  0.000,  0.000,  0.000
840003234513850,  1458,63,19:44:21,19:53:20,   539, 55.40, 52.86,TEST  ,  2.54,  0.000,  0.00,  0.000,  0.000,  0.000,  0.000
840003268256515,  1097,61,19:42:52,19:53:31,   639, 61.57, 58.31,TEST  ,  3.26,  0.000,  0.00,  0.000,  0.000,  0.000,  0.000
840003250681783,  1768,64,19:42:55,19:53:33,   638, 63.99, 61.61,TEST  ,  2.38,  0.000,  0.00,  0.000,  0.000,  0.000,  0.000
840003268256516,  9779,13,19:51:37,19:53:29,   112, 64.20, 63.70,HS    ,  0.50,  0.000,  0.00,  0.000,  0.000,  0.000,  0.000
840003234513850,  1458,64,19:53:34,19:53:39,     5, 61.60, 61.54,TEST  ,  0.06,  0.000,  0.00,  0.000,  0.000,  0.000,  0.000
840003234513766,  1374,65,19:42:38,19:53:48,   670, 48.74, 43.87,TEST  ,  4.87,  0.000,  0.00,  0.000,  0.000,  0.000,  0.000
840003234513693,  1301,53,19:45:16,19:53:52,   516, 28.29, 24.27,TEST  ,  4.02,  0.000,  0.00,  0.000,  0.000,  0.000,  0.000
840003234513990,  1598,19,19:48:12,19:54:08,   356, 63.70, 62.00,LS    ,  1.70,  0.000,  0.00,  0.000,  0.000,  0.000,  0.000
840003218920961,  1203,60,19:44:18,19:54:17,   599, 69.80, 66.56,TEST  ,  3.24,  0.000,  0.00,  0.000,  0.000,  0.000,  0.000
840003250681748,  1733,53,19:53:56,19:54:49,    53, 24.35, 24.14,TEST  ,  0.21,  0.000,  0.00,  0.000,  0.000,  0.000,  0.000
840003250681620,  1605, 3,19:49:23,19:54:56,   333, 50.80, 49.80,LS    ,  1.00,  0.000,  0.00,  0.000,  0.000,  0.000,  0.000
840003268256516,  9779,12,19:53:43,19:54:59,    76, 60.60, 60.00,LS    ,  0.60,  0.000,  0.00,  0.000,  0.000,  0.000,  0.000
840003268256516,  9779,12,19:55:22,19:55:53,    31, 59.90, 59.30,LS    ,  0.60,  0.000,  0.00,  0.000,  0.000,  0.000,  0.000
840003250681646,  1631, 5,19:49:53,19:55:59,   366, 59.90, 57.80,HS    ,  2.10,  0.000,  0.00,  0.000,  0.000,  0.000,  0.000
840003234513840,  1448,80,19:45:52,19:56:18,   626, 36.00, 32.64,TEST  ,  3.36,  0.000,  0.00,  0.000,  0.000,  0.000,  0.000
840003234513840,  1448,80,19:56:18,19:56:27,     9, 32.64, 32.63,TEST  ,  0.01,  0.000,  0.00,  0.000,  0.000,  0.000,  0.000
840003234513920,  1528,54,19:54:02,19:56:37,   155, 35.92, 34.83,TEST  ,  1.09,  0.000,  0.00,  0.000,  0.000,  0.000,  0.000
840003268256516,  9779,12,19:56:20,19:56:40,    20, 59.30, 59.40,LS    , -0.10,  0.000,  0.00,  0.000,  0.000,  0.000,  0.000
840003234513852,  1460,82,19:49:49,19:56:46,   417, 12.42,  9.84,TEST  ,  2.58,  0.000,  0.00,  0.000,  0.000,  0.000,  0.000
840003205049521,  9635, 2,19:52:55,19:57:02,   247, 45.20, 44.60,LS    ,  0.60,  0.000,  0.00,  0.000,  0.000,  0.000,  0.000
840003218921056,  1298,81,19:38:38,19:57:11,  1113, 27.08, 19.48,TEST  ,  7.60,  0.000,  0.00,  0.000,  0.000,  0.000,  0.000
840003211747927,  9898,79,19:43:43,19:57:17,   814, 53.77, 47.93,TEST  ,  5.84,  0.000,  0.00,  0.000,  0.000,  0.000,  0.000
840003287325013,  9824, 1,19:35:56,19:57:19,  1283, 59.30, 51.80,HS    ,  7.50,  0.000,  0.00,  0.000,  0.000,  0.000,  0.000
840003250681748,  1733,54,19:56:40,19:57:49,    69, 34.83, 34.42,TEST  ,  0.41,  0.000,  0.00,  0.000,  0.000,  0.000,  0.000
840003250681819,  1804,78,19:52:34,19:57:51,   317, 58.20, 55.95,TEST  ,  2.25,  0.000,  0.00,  0.000,  0.000,  0.000,  0.000
840003274076201,  1702,56,19:34:49,19:57:54,  1385, 70.67, 63.38,TEST  ,  7.29,  0.000,  0.00,  0.000,  0.000,  0.000,  0.000
840003234513898,  1506,76,19:51:21,19:57:56,   395, 42.68, 39.66,TEST  ,  3.02,  0.000,  0.00,  0.000,  0.000,  0.000,  0.000
840003274076119,  9867,20,19:54:15,19:57:55,   220, 51.60, 61.20,LS    , -9.60,  0.000,  0.00,  0.000,  0.000,  0.000,  0.000
982000372939914,  8693,59,19:44:50,19:58:00,   790, 76.91, 71.87,TEST  ,  5.04,  0.000,  0.00,  0.000,  0.000,  0.000,  0.000
840003211747992,  9963, 6,19:54:15,19:57:54,   219, 65.20, 63.70,LS    ,  1.50,  0.000,  0.00,  0.000,  0.000,  0.000,  0.000
840003250681791,  1776,77,19:52:19,19:58:09,   350, 47.33, 46.10,TEST  ,  1.23,  0.000,  0.00,  0.000,  0.000,  0.000,  0.000
840003234513826,  1434,18,19:55:49,19:58:10,   141, 68.50, 67.80,LS    ,  0.70,  0.000,  0.00,  0.000,  0.000,  0.000,  0.000
840003250681787,  1772,67,19:52:58,19:58:28,   330, 21.53, 19.18,TEST  ,  2.35,  0.000,  0.00,  0.000,  0.000,  0.000,  0.000
840003205049605,  9719,74,19:50:11,19:58:29,   498, 30.53, 26.62,TEST  ,  3.91,  0.000,  0.00,  0.000,  0.000,  0.000,  0.000
840003218920882,  1124,29,19:57:40,19:58:26,    46, 63.90, 64.10,HS    , -0.20,  0.000,  0.00,  0.000,  0.000,  0.000,  0.000
840003250681783,  1768,65,19:53:50,19:58:32,   282, 43.88, 43.04,TEST  ,  0.84,  0.000,  0.00,  0.000,  0.000,  0.000,  0.000
840003268256516,  9779,13,19:56:44,19:58:30,   106, 63.70, 63.30,HS    ,  0.40,  0.000,  0.00,  0.000,  0.000,  0.000,  0.000
840003274076119,  9867,21,19:58:07,19:58:32,    25, 67.10, 66.70,HS    ,  0.40,  0.000,  0.00,  0.000,  0.000,  0.000,  0.000
840003250681787,  1772,67,19:58:37,19:58:44,     7, 19.17, 19.19,TEST  , -0.02,  0.000,  0.00,  0.000,  0.000,  0.000,  0.000
840003234513766,  1374,66,19:54:02,19:58:45,   283, 38.52, 36.61,TEST  ,  1.91,  0.000,  0.00,  0.000,  0.000,  0.000,  0.000
840003250681787,  1772,67,19:58:44,19:58:51,     7, 19.19, 19.16,TEST  ,  0.03,  0.000,  0.00,  0.000,  0.000,  0.000,  0.000
840003250681620,  1605, 5,19:58:41,19:58:47,     6, 57.80, 57.80,HS    ,  0.00,  0.000,  0.00,  0.000,  0.000,  0.000,  0.000
840003205049675,  9789,14,19:43:48,19:58:51,   903, 75.60, 70.80,HS    ,  4.80,  0.000,  0.00,  0.000,  0.000,  0.000,  0.000
840003250681649,  1634,28,19:58:39,19:58:58,    19, 38.70, 38.60,LS    ,  0.10,  0.000,  0.00,  0.000,  0.000,  0.000,  0.000
840003234513847,  1455,68,19:48:33,19:59:02,   629, 18.24, 12.56,TEST  ,  5.68,  0.000,  0.00,  0.000,  0.000,  0.000,  0.000
840003250681787,  1772,68,19:59:03,19:59:11,     8, 12.56, 12.56,TEST  ,  0.00,  0.000,  0.00,  0.000,  0.000,  0.000,  0.000
840003234513693,  1301,53,19:59:10,19:59:15,     5, 24.15, 24.15,TEST  ,  0.00,  0.000,  0.00,  0.000,  0.000,  0.000,  0.000
840003250681669,  1654,10,19:50:40,19:59:11,   511, 14.70, 11.80,LS    ,  2.90,  0.000,  0.00,  0.000,  0.000,  0.000,  0.000
840003268256516,  9779,12,19:58:34,19:59:17,    43, 59.50, 59.10,LS    ,  0.40,  0.000,  0.00,  0.000,  0.000,  0.000,  0.000
840003250681672,  1657,25,19:52:21,19:59:24,   423, 66.60, 64.50,LS    ,  2.10,  0.000,  0.00,  0.000,  0.000,  0.000,  0.000
840003274076119,  9867,22,19:59:12,19:59:25,    13, 73.50, 73.30,HS    ,  0.20,  0.000,  0.00,  0.000,  0.000,  0.000,  0.000
840003274076170,  9253,69,19:50:05,19:59:33,   568, 24.06, 21.14,TEST  ,  2.92,  0.000,  0.00,  0.000,  0.000,  0.000,  0.000
840003234513847,  1455,69,19:59:37,19:59:42,     5, 21.14, 21.18,TEST  , -0.04,  0.000,  0.00,  0.000,  0.000,  0.000,  0.000
840003250681627,  1612,23,19:55:43,19:59:39,   236, 58.00, 56.90,LS    ,  1.10,  0.000,  0.00,  0.000,  0.000,  0.000,  0.000
840003250681748,  1733,54,19:58:11,19:59:42,    91, 34.43, 33.96,TEST  ,  0.47,  0.000,  0.00,  0.000,  0.000,  0.000,  0.000
840003268256516,  9779,11,19:59:22,19:59:45,    23, 72.70, 72.50,LS    ,  0.20,  0.000,  0.00,  0.000,  0.000,  0.000,  0.000
840003234513814,  1422,71,19:50:37,19:59:51,   554, 22.17, 16.67,TEST  ,  5.50,  0.000,  0.00,  0.000,  0.000,  0.000,  0.000
840003211747972,  9943, 3,19:55:05,19:59:46,   281, 49.90, 48.40,LS    ,  1.50,  0.000,  0.00,  0.000,  0.000,  0.000,  0.000
840003234513873,  1481,58,19:34:07,19:59:54,  1547, 59.68, 50.54,TEST  ,  9.14,  0.000,  0.00,  0.000,  0.000,  0.000,  0.000
982000372939914,  8693,60,19:58:22,20:00:13,   111, 66.53, 65.78,TEST  ,  0.75,  0.000,  0.00,  0.000,  0.000,  0.000,  0.000
840003268256516,  9779,11,19:59:55,20:00:12,    17, 72.50, 72.30,LS    ,  0.20,  0.000,  0.00,  0.000,  0.000,  0.000,  0.000
840003250681783,  1768,65,19:59:21,20:00:28,    67, 43.05, 42.81,TEST  ,  0.24,  0.000,  0.00,  0.000,  0.000,  0.000,  0.000
840003268256516,  9779,12,20:00:19,20:00:33,    14, 59.10, 58.90,LS    ,  0.20,  0.000,  0.00,  0.000,  0.000,  0.000,  0.000
840003250681787,  1772,68,19:59:15,20:00:41,    86, 12.57, 12.17,TEST  ,  0.40,  0.000,  0.00,  0.000,  0.000,  0.000,  0.000
840003234513850,  1458,64,19:53:40,20:00:40,   420, 61.53, 59.65,TEST  ,  1.88,  0.000,  0.00,  0.000,  0.000,  0.000,  0.000
840003250681649,  1634,28,19:59:40,20:00:39,    59, 38.60, 38.40,LS    ,  0.20,  0.000,  0.00,  0.000,  0.000,  0.000,  0.000
840003211747927,  9898,74,19:58:29,20:00:50,   141, 26.62, 25.55,TEST  ,  1.07,  0.000,  0.00,  0.000,  0.000,  0.000,  0.000
840003268256514,  9411,73,19:43:25,20:00:58,  1053, 33.67, 26.19,TEST  ,  7.48,  0.000,  0.00,  0.000,  0.000,  0.000,  0.000
840003211747992,  9963, 7,19:59:36,20:00:59,    83, 70.60, 70.00,LS    ,  0.60,  0.000,  0.00,  0.000,  0.000,  0.000,  0.000
840003268256516,  9779,11,20:00:52,20:01:18,    26, 72.30, 72.00,LS    ,  0.30,  0.000,  0.00,  0.000,  0.000,  0.000,  0.000
840003234513833,  1441,72,19:51:19,20:01:22,   603, 47.30, 43.74,TEST  ,  3.56,  0.000,  0.00,  0.000,  0.000,  0.000,  0.000
840003274076201,  1702,57,19:58:12,20:01:24,   192, 60.59, 59.91,TEST  ,  0.68,  0.000,  0.00,  0.000,  0.000,  0.000,  0.000
840003211747972,  9943, 8,20:01:07,20:01:25,    18, 80.20, 79.80,HS    ,  0.40,  0.000,  0.00,  0.000,  0.000,  0.000,  0.000
840003250681632,  1617,25,19:59:36,20:01:28,   112, 64.50, 63.80,LS    ,  0.70,  0.000,  0.00,  0.000,  0.000,  0.000,  0.000
840003234513898,  1506,83,20:00:49,20:01:34,    45,  1.05,  0.95,TEST  ,  0.10,  0.000,  0.00,  0.000,  0.000,  0.000,  0.000
840003274076170,  9253,71,19:59:53,20:01:52,   119, 16.68, 16.02,TEST  ,  0.66,  0.000,  0.00,  0.000,  0.000,  0.000,  0.000
840003218920882,  1124,24,19:58:41,20:01:49,   188, 70.20, 69.30,HS    ,  0.90,  0.000,  0.00,  0.000,  0.000,  0.000,  0.000
840003218920887,  1129,70,19:45:01,20:02:05,  1024, 21.06, 15.63,TEST  ,  5.43,  0.000,  0.00,  0.000,  0.000,  0.000,  0.000
840003234513990,  1598,19,19:54:26,20:02:02,   456, 62.00, 60.20,LS    ,  1.80,  0.000,  0.00,  0.000,  0.000,  0.000,  0.000
840003250681627,  1612,25,20:01:38,20:02:14,    36, 63.80, 63.60,LS    ,  0.20,  0.000,  0.00,  0.000,  0.000,  0.000,  0.000
840003211747972,  9943, 8,20:02:14,20:02:28,    14, 79.80, 79.50,HS    ,  0.30,  0.000,  0.00,  0.000,  0.000,  0.000,  0.000
840003234513852,  1460,79,20:00:35,20:02:33,   118, 47.96, 46.89,TEST  ,  1.07,  0.000,  0.00,  0.000,  0.000,  0.000,  0.000
840003234513833,  1441,75,20:01:34,20:02:40,    66, 35.23, 34.85,TEST  ,  0.38,  0.000,  0.00,  0.000,  0.000,  0.000,  0.000
840003274076119,  9867,23,19:59:48,20:02:35,   167, 56.90, 55.80,LS    ,  1.10,  0.000,  0.00,  0.000,  0.000,  0.000,  0.000
840003287324990,  9827,31,20:00:24,20:02:41,   137, 43.40, 42.20,LS    ,  1.20,  0.000,  0.00,  0.000,  0.000,  0.000,  0.000
840003250681620,  1605, 6,19:58:58,20:02:53,   235, 63.70, 63.00,LS    ,  0.70,  0.000,  0.00,  0.000,  0.000,  0.000,  0.000
840003234513898,  1506,83,20:02:52,20:03:00,     8,  0.94,  0.96,TEST  , -0.02,  0.000,  0.00,  0.000,  0.000,  0.000,  0.000
840003234513847,  1455,69,19:59:47,20:03:02,   195, 20.92, 19.28,TEST  ,  1.64,  0.000,  0.00,  0.000,  0.000,  0.000,  0.000
840003274076170,  9253,79,20:02:39,20:03:11,    32, 46.88, 46.89,TEST  , -0.01,  0.000,  0.00,  0.000,  0.000,  0.000,  0.000
840003234513898,  1506,83,20:03:02,20:03:10,     8,  0.97,  0.95,TEST  ,  0.02,  0.000,  0.00,  0.000,  0.000,  0.000,  0.000
840003274076181,  9663,55,19:44:06,20:03:32,  1166, 60.16, 51.89,TEST  ,  8.27,  0.000,  0.00,  0.000,  0.000,  0.000,  0.000
840003250681783,  1768,68,20:00:42,20:03:38,   176, 12.17, 11.78,TEST  ,  0.39,  0.000,  0.00,  0.000,  0.000,  0.000,  0.000
840003211747972,  9943, 7,20:03:13,20:03:40,    27, 70.00, 69.80,LS    ,  0.20,  0.000,  0.00,  0.000,  0.000,  0.000,  0.000
840003250681646,  1631, 1,19:59:09,20:03:44,   275, 51.80, 50.40,HS    ,  1.40,  0.000,  0.00,  0.000,  0.000,  0.000,  0.000
840003234513833,  1441,79,20:03:13,20:03:55,    42, 46.92, 46.75,TEST  ,  0.17,  0.000,  0.00,  0.000,  0.000,  0.000,  0.000
840003218920887,  1129,79,20:03:56,20:04:02,     6, 46.75, 46.75,TEST  ,  0.00,  0.000,  0.00,  0.000,  0.000,  0.000,  0.000
840003234513850,  1458,66,20:00:51,20:04:02,   191, 36.63, 35.95,TEST  ,  0.68,  0.000,  0.00,  0.000,  0.000,  0.000,  0.000
840003234513893,  1501,80,19:56:53,20:04:02,   429, 32.62, 29.72,TEST  ,  2.90,  0.000,  0.00,  0.000,  0.000,  0.000,  0.000
840003211747972,  9943, 8,20:03:52,20:04:04,    12, 79.50, 79.20,HS    ,  0.30,  0.000,  0.00,  0.000,  0.000,  0.000,  0.000
840003218920887,  1129,79,20:04:05,20:04:10,     5, 46.71, 46.81,TEST  , -0.10,  0.000,  0.00,  0.000,  0.000,  0.000,  0.000
840003234513990,  1598,20,20:02:11,20:04:06,   115, 61.10, 61.30,LS    , -0.20,  0.000,  0.00,  0.000,  0.000,  0.000,  0.000
840003250681659,  1644, 2,20:01:03,20:04:10,   187, 44.60, 43.70,LS    ,  0.90,  0.000,  0.00,  0.000,  0.000,  0.000,  0.000
840003274076119,  9867,26,20:02:58,20:04:16,    78, 54.60, 53.80,HS    ,  0.80,  0.000,  0.00,  0.000,  0.000,  0.000,  0.000
840003234513826,  1434,19,20:02:12,20:04:22,   130, 60.20, 59.60,LS    ,  0.60,  0.000,  0.00,  0.000,  0.000,  0.000,  0.000
840003234513850,  1458,71,20:04:27,20:04:32,     5, 16.03, 15.96,TEST  ,  0.07,  0.000,  0.00,  0.000,  0.000,  0.000,  0.000
840003218920882,  1124,16,20:02:11,20:04:39,   148, 61.80, 61.30,HS    ,  0.50,  0.000,  0.00,  0.000,  0.000,  0.000,  0.000
840003205049675,  9789,13,20:00:00,20:04:51,   291, 63.30, 61.70,HS    ,  1.60,  0.000,  0.00,  0.000,  0.000,  0.000,  0.000
840003234513693,  1301,53,19:59:17,20:05:06,   349, 24.08, 21.19,TEST  ,  2.89,  0.000,  0.00,  0.000,  0.000,  0.000,  0.000
840003211747972,  9943, 8,20:04:49,20:05:03,    14, 79.20, 78.90,HS    ,  0.30,  0.000,  0.00,  0.000,  0.000,  0.000,  0.000
840003234513898,  1506,83,20:05:02,20:05:12,    10,  0.97,  1.00,TEST  , -0.03,  0.000,  0.00,  0.000,  0.000,  0.000,  0.000
840003234513693,  1301,53,20:05:08,20:05:13,     5, 21.19, 21.20,TEST  , -0.01,  0.000,  0.00,  0.000,  0.000,  0.000,  0.000
840003268256516,  9779, 9,20:01:56,20:05:34,   218, 72.60, 71.70,HS    ,  0.90,  0.000,  0.00,  0.000,  0.000,  0.000,  0.000
840003234513693,  1301,53,20:05:28,20:05:39,    11, 20.77, 20.86,TEST  , -0.09,  0.000,  0.00,  0.000,  0.000,  0.000,  0.000
840003234513693,  1301,53,20:05:46,20:05:52,     6, 20.85, 20.84,TEST  ,  0.01,  0.000,  0.00,  0.000,  0.000,  0.000,  0.000
840003234513923,  1531,10,19:59:58,20:05:59,   361, 11.50, 10.10,LS    ,  1.40,  0.000,  0.00,  0.000,  0.000,  0.000,  0.000
840003250681788,  1773,62,19:47:12,20:06:11,  1139, 61.62, 56.27,TEST  ,  5.35,  0.000,  0.00,  0.000,  0.000,  0.000,  0.000
840003274076135,  1033,17,19:54:28,20:06:13,   705, 62.40, 59.60,HS    ,  2.80,  0.000,  0.00,  0.000,  0.000,  0.000,  0.000
840003211747972,  9943, 8,20:06:06,20:06:17,    11, 78.90, 78.60,HS    ,  0.30,  0.000,  0.00,  0.000,  0.000,  0.000,  0.000
840003274076119,  9867,25,20:05:06,20:06:23,    77, 63.60, 63.00,LS    ,  0.60,  0.000,  0.00,  0.000,  0.000,  0.000,  0.000
840003250681632,  1617,15,20:02:20,20:06:36,   256, 57.30, 56.00,LS    ,  1.30,  0.000,  0.00,  0.000,  0.000,  0.000,  0.000
840003234513826,  1434,30,20:05:14,20:06:56,   102, 62.10, 61.50,HS    ,  0.60,  0.000,  0.00,  0.000,  0.000,  0.000,  0.000
840003250681632,  1617,11,20:07:02,20:07:15,    13, 72.00, 72.00,LS    ,  0.00,  0.000,  0.00,  0.000,  0.000,  0.000,  0.000
840003250681649,  1634,28,20:02:46,20:07:16,   270, 38.40, 37.10,LS    ,  1.30,  0.000,  0.00,  0.000,  0.000,  0.000,  0.000
840003234513937,  1545,14,19:59:12,20:07:24,   492, 70.80, 68.30,HS    ,  2.50,  0.000,  0.00,  0.000,  0.000,  0.000,  0.000
840003234513847,  1455,60,20:05:23,20:07:47,   144, 65.75, 64.38,TEST  ,  1.37,  0.000,  0.00,  0.000,  0.000,  0.000,  0.000
840003205049521,  9635,26,20:07:37,20:07:45,     8, 53.80, 53.80,HS    ,  0.00,  0.000,  0.00,  0.000,  0.000,  0.000,  0.000
840003250681787,  1772,75,20:02:41,20:07:51,   310, 34.85, 33.07,TEST  ,  1.78,  0.000,  0.00,  0.000,  0.000,  0.000,  0.000
840003218920882,  1124,13,20:05:02,20:08:16,   194, 61.70, 60.70,HS    ,  1.00,  0.000,  0.00,  0.000,  0.000,  0.000,  0.000
840003218920887,  1129,79,20:04:14,20:08:28,   254, 46.73, 45.47,TEST  ,  1.26,  0.000,  0.00,  0.000,  0.000,  0.000,  0.000
840003250681627,  1612,27,20:02:26,20:08:25,   359, 72.90, 71.30,LS    ,  1.60,  0.000,  0.00,  0.000,  0.000,  0.000,  0.000
840003274076201,  1702,58,20:02:09,20:08:36,   387, 50.54, 48.90,TEST  ,  1.64,  0.000,  0.00,  0.000,  0.000,  0.000,  0.000
840003268256514,  9411,76,20:01:18,20:08:35,   437, 39.64, 36.56,TEST  ,  3.08,  0.000,  0.00,  0.000,  0.000,  0.000,  0.000
840003250681787,  1772,76,20:08:36,20:08:43,     7, 36.56, 36.53,TEST  ,  0.03,  0.000,  0.00,  0.000,  0.000,  0.000,  0.000
840003274076119,  9867,29,20:08:26,20:08:40,    14, 62.60, 62.20,HS    ,  0.40,  0.000,  0.00,  0.000,  0.000,  0.000,  0.000
840003250681632,  1617, 9,20:07:52,20:08:42,    50, 71.70, 71.40,HS    ,  0.30,  0.000,  0.00,  0.000,  0.000,  0.000,  0.000
840003234513826,  1434,28,20:07:27,20:08:46,    79, 37.10, 36.60,LS    ,  0.50,  0.000,  0.00,  0.000,  0.000,  0.000,  0.000
840003211747927,  9898,77,20:01:01,20:08:56,   475, 46.12, 42.76,TEST  ,  3.36,  0.000,  0.00,  0.000,  0.000,  0.000,  0.000
840003268256516,  9779,16,20:08:38,20:08:51,    13, 61.30, 61.20,HS    ,  0.10,  0.000,  0.00,  0.000,  0.000,  0.000,  0.000
840003218920820,  1062,12,20:04:00,20:08:56,   296, 58.90, 57.60,LS    ,  1.30,  0.000,  0.00,  0.000,  0.000,  0.000,  0.000
840003250681632,  1617,10,20:08:48,20:09:03,    15,  9.80,  9.80,LS    ,  0.00,  0.000,  0.00,  0.000,  0.000,  0.000,  0.000
840003234513814,  1422,78,20:00:54,20:09:08,   494, 55.99, 51.66,TEST  ,  4.33,  0.000,  0.00,  0.000,  0.000,  0.000,  0.000
840003218920882,  1124,17,20:08:32,20:09:03,    31, 59.60, 59.20,HS    ,  0.40,  0.000,  0.00,  0.000,  0.000,  0.000,  0.000
840003250681659,  1644, 7,20:07:22,20:09:21,   119, 69.80, 69.10,LS    ,  0.70,  0.000,  0.00,  0.000,  0.000,  0.000,  0.000
840003218920920,  1162, 3,20:00:16,20:09:30,   554, 48.40, 45.60,LS    ,  2.80,  0.000,  0.00,  0.000,  0.000,  0.000,  0.000
840003218920882,  1124,18,20:09:13,20:09:31,    18, 67.80, 67.80,LS    ,  0.00,  0.000,  0.00,  0.000,  0.000,  0.000,  0.000
840003234513990,  1598,23,20:05:51,20:09:35,   224, 55.80, 55.00,LS    ,  0.80,  0.000,  0.00,  0.000,  0.000,  0.000,  0.000
840003287324990,  9827,31,20:03:13,20:09:45,   392, 42.20, 39.40,LS    ,  2.80,  0.000,  0.00,  0.000,  0.000,  0.000,  0.000
840003287325013,  9824, 4,20:03:35,20:10:08,   393, 62.60, 60.60,HS    ,  2.00,  0.000,  0.00,  0.000,  0.000,  0.000,  0.000
840003234513920,  1528,56,19:58:24,20:10:13,   709, 63.39, 59.35,TEST  ,  4.04,  0.000,  0.00,  0.000,  0.000,  0.000,  0.000
840003218920767,  1009,54,20:05:56,20:10:19,   263, 33.96, 32.14,TEST  ,  1.82,  0.000,  0.00,  0.000,  0.000,  0.000,  0.000
840003250681632,  1617, 7,20:09:31,20:10:13,    42, 69.10, 68.90,LS    ,  0.20,  0.000,  0.00,  0.000,  0.000,  0.000,  0.000
840003250681620,  1605, 6,20:03:03,20:10:27,   444, 63.00, 62.20,LS    ,  0.80,  0.000,  0.00,  0.000,  0.000,  0.000,  0.000
840003274076119,  9867,29,20:09:41,20:10:28,    47, 62.20, 61.40,HS    ,  0.80,  0.000,  0.00,  0.000,  0.000,  0.000,  0.000
840003250681627,  1612,25,20:08:39,20:10:29,   110, 63.00, 62.30,LS    ,  0.70,  0.000,  0.00,  0.000,  0.000,  0.000,  0.000
840003234513847,  1455,59,20:10:14,20:10:34,    20, 71.87, 71.68,TEST  ,  0.19,  0.000,  0.00,  0.000,  0.000,  0.000,  0.000
840003234513693,  1301,53,20:05:56,20:10:47,   291, 20.85, 18.36,TEST  ,  2.49,  0.000,  0.00,  0.000,  0.000,  0.000,  0.000
840003250681632,  1617, 3,20:10:36,20:10:54,    18, 45.70, 45.60,LS    ,  0.10,  0.000,  0.00,  0.000,  0.000,  0.000,  0.000
840003234513847,  1455,62,20:10:42,20:11:01,    19, 56.25, 55.91,TEST  ,  0.34,  0.000,  0.00,  0.000,  0.000,  0.000,  0.000
840003234513990,  1598,23,20:09:45,20:11:01,    76, 55.00, 54.70,LS    ,  0.30,  0.000,  0.00,  0.000,  0.000,  0.000,  0.000
840003234513850,  1458,71,20:04:32,20:11:14,   402, 15.96, 14.57,TEST  ,  1.39,  0.000,  0.00,  0.000,  0.000,  0.000,  0.000
840003218920767,  1009,58,20:10:50,20:11:22,    32, 48.89, 48.59,TEST  ,  0.30,  0.000,  0.00,  0.000,  0.000,  0.000,  0.000
840003234513826,  1434,28,20:09:04,20:11:23,   139, 36.60, 35.80,LS    ,  0.80,  0.000,  0.00,  0.000,  0.000,  0.000,  0.000
840003234513693,  1301,58,20:11:22,20:11:32,    10, 48.59, 48.58,TEST  ,  0.01,  0.000,  0.00,  0.000,  0.000,  0.000,  0.000
840003250681649,  1634,27,20:09:48,20:11:31,   103, 71.30, 70.80,LS    ,  0.50,  0.000,  0.00,  0.000,  0.000,  0.000,  0.000
840003234513937,  1545,14,20:08:34,20:11:41,   187, 68.30, 67.50,HS    ,  0.80,  0.000,  0.00,  0.000,  0.000,  0.000,  0.000
840003211747972,  9943,30,20:11:22,20:11:44,    22, 61.50, 61.20,HS    ,  0.30,  0.000,  0.00,  0.000,  0.000,  0.000,  0.000
840003234513826,  1434,27,20:11:41,20:11:44,     3, 70.80, 70.90,LS    , -0.10,  0.000,  0.00,  0.000,  0.000,  0.000,  0.000
840003234513693,  1301,61,20:12:27,20:12:32,     5, 58.19, 58.38,TEST  , -0.19,  0.000,  0.00,  0.000,  0.000,  0.000,  0.000
840003250681788,  1773,69,20:07:02,20:12:34,   332, 19.28, 17.96,TEST  ,  1.32,  0.000,  0.00,  0.000,  0.000,  0.000,  0.000
840003250681632,  1617, 9,20:12:30,20:12:36,     6, 71.40, 71.40,HS    ,  0.00,  0.000,  0.00,  0.000,  0.000,  0.000,  0.000
840003250681748,  1733,70,20:04:55,20:12:42,   467, 15.64, 12.93,TEST  ,  2.71,  0.000,  0.00,  0.000,  0.000,  0.000,  0.000
840003234513920,  1528,62,20:11:04,20:12:44,   100, 55.92, 55.42,TEST  ,  0.50,  0.000,  0.00,  0.000,  0.000,  0.000,  0.000
840003250681646,  1631, 1,20:06:06,20:12:43,   397, 50.40, 48.90,HS    ,  1.50,  0.000,  0.00,  0.000,  0.000,  0.000,  0.000
840003234513847,  1455,63,20:11:27,20:12:50,    83, 52.86, 52.28,TEST  ,  0.58,  0.000,  0.00,  0.000,  0.000,  0.000,  0.000
840003287324966,  1261, 2,20:04:26,20:13:01,   515, 43.70, 41.30,LS    ,  2.40,  0.000,  0.00,  0.000,  0.000,  0.000,  0.000
840003250681659,  1644, 3,20:11:44,20:13:11,    87, 45.60, 45.10,LS    ,  0.50,  0.000,  0.00,  0.000,  0.000,  0.000,  0.000
840003234513693,  1301,62,20:13:00,20:13:26,    26, 55.44, 55.18,TEST  ,  0.26,  0.000,  0.00,  0.000,  0.000,  0.000,  0.000
840003250681787,  1772,76,20:08:43,20:13:34,   291, 36.51, 34.93,TEST  ,  1.58,  0.000,  0.00,  0.000,  0.000,  0.000,  0.000
840003250681748,  1733,71,20:13:33,20:13:39,     6, 14.59, 14.57,TEST  ,  0.02,  0.000,  0.00,  0.000,  0.000,  0.000,  0.000
840003234513693,  1301,62,20:13:30,20:13:48,    18, 55.19, 55.00,TEST  ,  0.19,  0.000,  0.00,  0.000,  0.000,  0.000,  0.000
840003234513850,  1458,75,20:11:41,20:13:52,   131, 33.06, 32.51,TEST  ,  0.55,  0.000,  0.00,  0.000,  0.000,  0.000,  0.000
840003250681632,  1617, 8,20:12:44,20:13:49,    65, 78.60, 78.10,HS    ,  0.50,  0.000,  0.00,  0.000,  0.000,  0.000,  0.000
840003250681787,  1772,76,20:13:35,20:13:56,    21, 34.94, 34.96,TEST  , -0.02,  0.000,  0.00,  0.000,  0.000,  0.000,  0.000
840003234513693,  1301,62,20:13:53,20:14:09,    16, 54.98, 54.75,TEST  ,  0.23,  0.000,  0.00,  0.000,  0.000,  0.000,  0.000
840003218920920,  1162, 7,20:12:14,20:14:09,   115, 68.90, 68.20,LS    ,  0.70,  0.000,  0.00,  0.000,  0.000,  0.000,  0.000
840003250681787,  1772,77,20:14:04,20:14:21,    17, 42.77, 42.76,TEST  ,  0.01,  0.000,  0.00,  0.000,  0.000,  0.000,  0.000
840003211747972,  9943,28,20:12:08,20:14:18,   130, 35.80, 35.00,LS    ,  0.80,  0.000,  0.00,  0.000,  0.000,  0.000,  0.000
840003211747927,  9898,78,20:09:09,20:14:48,   339, 51.66, 49.28,TEST  ,  2.38,  0.000,  0.00,  0.000,  0.000,  0.000,  0.000
840003287324966,  1261, 3,20:14:33,20:15:33,    60, 45.10, 44.80,LS    ,  0.30,  0.000,  0.00,  0.000,  0.000,  0.000,  0.000
840003205049521,  9635,31,20:10:16,20:15:54,   338, 39.40, 37.20,LS    ,  2.20,  0.000,  0.00,  0.000,  0.000,  0.000,  0.000
840003218920990,  1232, 4,20:14:48,20:16:05,    77, 60.60, 60.10,HS    ,  0.50,  0.000,  0.00,  0.000,  0.000,  0.000,  0.000
840003274076119,  9867,25,20:11:49,20:16:10,   261, 62.30, 59.00,LS    ,  3.30,  0.000,  0.00,  0.000,  0.000,  0.000,  0.000
840003205049521,  9635,30,20:15:59,20:16:21,    22, 61.20, 61.00,HS    ,  0.20,  0.000,  0.00,  0.000,  0.000,  0.000,  0.000
840003211747972,  9943,28,20:14:52,20:16:21,    89, 35.00, 34.60,LS    ,  0.40,  0.000,  0.00,  0.000,  0.000,  0.000,  0.000
840003203286181,  1204,26,20:10:49,20:16:36,   347, 53.80, 52.10,HS    ,  1.70,  0.000,  0.00,  0.000,  0.000,  0.000,  0.000
840003234513850,  1458,77,20:14:22,20:16:43,   141, 42.76, 42.20,TEST  ,  0.56,  0.000,  0.00,  0.000,  0.000,  0.000,  0.000
840003234513814,  1422,79,20:09:17,20:16:44,   447, 45.47, 42.14,TEST  ,  3.33,  0.000,  0.00,  0.000,  0.000,  0.000,  0.000
840003250681632,  1617, 6,20:15:11,20:16:49,    98, 62.20, 61.60,LS    ,  0.60,  0.000,  0.00,  0.000,  0.000,  0.000,  0.000
840003218920920,  1162, 7,20:15:10,20:16:49,    99, 68.20, 67.40,LS    ,  0.80,  0.000,  0.00,  0.000,  0.000,  0.000,  0.000
840003250681653,  1638,32,20:16:05,20:17:01,    56, 73.60, 73.30,HS    ,  0.30,  0.000,  0.00,  0.000,  0.000,  0.000,  0.000
840003234513847,  1455,76,20:16:14,20:17:11,    57, 34.94, 34.54,TEST  ,  0.40,  0.000,  0.00,  0.000,  0.000,  0.000,  0.000
840003218920990,  1232, 1,20:16:29,20:17:10,    41, 48.90, 48.80,HS    ,  0.10,  0.000,  0.00,  0.000,  0.000,  0.000,  0.000
840003234513847,  1455,57,20:08:48,20:17:27,   519, 59.89, 59.26,TEST  ,  0.63,  0.000,  0.00,  0.000,  0.000,  0.000,  0.000
840003268256516,  9779,17,20:09:14,20:17:25,   491, 59.20, 56.80,HS    ,  2.40,  0.000,  0.00,  0.000,  0.000,  0.000,  0.000
840003274076119,  9867,26,20:16:57,20:17:29,    32, 51.90, 51.60,HS    ,  0.30,  0.000,  0.00,  0.000,  0.000,  0.000,  0.000
840003250681748,  1733,71,20:13:56,20:18:11,   255, 14.25, 12.89,TEST  ,  1.36,  0.000,  0.00,  0.000,  0.000,  0.000,  0.000
840003250681632,  1617, 5,20:18:01,20:18:15,    14, 57.80, 57.60,HS    ,  0.20,  0.000,  0.00,  0.000,  0.000,  0.000,  0.000
840003211747972,  9943,25,20:17:02,20:18:19,    77, 59.00, 58.70,LS    ,  0.30,  0.000,  0.00,  0.000,  0.000,  0.000,  0.000
840003218920820,  1062,15,20:09:26,20:18:26,   540, 56.20, 53.10,LS    ,  3.10,  0.000,  0.00,  0.000,  0.000,  0.000,  0.000
840003274076119,  9867,26,20:18:10,20:18:30,    20, 51.60, 51.10,HS    ,  0.50,  0.000,  0.00,  0.000,  0.000,  0.000,  0.000
840003250681783,  1768,72,20:03:48,20:18:49,   901, 43.76, 40.95,TEST  ,  2.81,  0.000,  0.00,  0.000,  0.000,  0.000,  0.000
840003234513693,  1301,62,20:14:17,20:18:52,   275, 54.76, 52.36,TEST  ,  2.40,  0.000,  0.00,  0.000,  0.000,  0.000,  0.000
840003211747972,  9943,24,20:18:32,20:18:51,    19, 69.30, 68.90,HS    ,  0.40,  0.000,  0.00,  0.000,  0.000,  0.000,  0.000
840003234513833,  1441,80,20:04:04,20:19:12,   908, 29.72, 24.07,TEST  ,  5.65,  0.000,  0.00,  0.000,  0.000,  0.000,  0.000
840003274076170,  9253,81,20:03:13,20:19:23,   970, 18.90, 13.80,TEST  ,  5.10,  0.000,  0.00,  0.000,  0.000,  0.000,  0.000
840003234513925,  1533,12,20:14:15,20:19:28,   313, 57.60, 56.40,LS    ,  1.20,  0.000,  0.00,  0.000,  0.000,  0.000,  0.000
840003234513937,  1545,10,20:13:07,20:19:35,   388,  9.50,  8.10,LS    ,  1.40,  0.000,  0.00,  0.000,  0.000,  0.000,  0.000
840003274076170,  9253,83,20:19:38,20:19:45,     7,  0.94,  0.96,TEST  , -0.02,  0.000,  0.00,  0.000,  0.000,  0.000,  0.000
840003274076119,  9867,26,20:19:14,20:19:40,    26, 51.10, 50.70,HS    ,  0.40,  0.000,  0.00,  0.000,  0.000,  0.000,  0.000
840003234513826,  1434,18,20:12:10,20:19:50,   460, 67.80, 65.40,LS    ,  2.40,  0.000,  0.00,  0.000,  0.000,  0.000,  0.000
840003234513847,  1455,76,20:17:12,20:19:54,   162, 34.54, 33.20,TEST  ,  1.34,  0.000,  0.00,  0.000,  0.000,  0.000,  0.000
840003211747972,  9943,24,20:19:32,20:19:50,    18, 68.90, 68.60,HS    ,  0.30,  0.000,  0.00,  0.000,  0.000,  0.000,  0.000
840003218920820,  1062,11,20:18:50,20:19:54,    64, 72.00, 71.80,LS    ,  0.20,  0.000,  0.00,  0.000,  0.000,  0.000,  0.000
840003218920767,  1009,66,20:11:52,20:20:14,   502, 35.95, 32.46,TEST  ,  3.49,  0.000,  0.00,  0.000,  0.000,  0.000,  0.000
840003287324998,  9295,82,19:58:37,20:20:22,  1305,  9.83,  2.68,TEST  ,  7.15,  0.000,  0.00,  0.000,  0.000,  0.000,  0.000
840003268256516,  9779,15,20:18:39,20:20:45,   126, 53.10, 52.20,LS    ,  0.90,  0.000,  0.00,  0.000,  0.000,  0.000,  0.000
840003274076119,  9867,26,20:20:24,20:20:55,    31, 50.70, 50.30,HS    ,  0.40,  0.000,  0.00,  0.000,  0.000,  0.000,  0.000
840003211747972,  9943,24,20:20:46,20:21:01,    15, 68.60, 68.20,HS    ,  0.40,  0.000,  0.00,  0.000,  0.000,  0.000,  0.000
840003274076170,  9253,83,20:19:45,20:21:14,    89,  0.96,  0.49,TEST  ,  0.47,  0.000,  0.00,  0.000,  0.000,  0.000,  0.000
840003268256516,  9779,10,20:21:18,20:21:31,    13,  8.10,  8.10,LS    ,  0.00,  0.000,  0.00,  0.000,  0.000,  0.000,  0.000
840003205049521,  9635,28,20:17:13,20:21:39,   266, 34.60, 33.30,LS    ,  1.30,  0.000,  0.00,  0.000,  0.000,  0.000,  0.000
840003234513826,  1434,17,20:20:00,20:21:44,   104, 56.80, 56.40,HS    ,  0.40,  0.000,  0.00,  0.000,  0.000,  0.000,  0.000
840003250681653,  1638,29,20:17:16,20:21:45,   269, 61.70, 60.40,HS    ,  1.30,  0.000,  0.00,  0.000,  0.000,  0.000,  0.000
840003268256516,  9779,12,20:21:43,20:21:58,    15, 56.10, 56.30,LS    , -0.20,  0.000,  0.00,  0.000,  0.000,  0.000,  0.000
840003234513814,  1422,78,20:16:55,20:22:13,   318, 49.28, 47.52,TEST  ,  1.76,  0.000,  0.00,  0.000,  0.000,  0.000,  0.000
840003250681748,  1733,71,20:19:20,20:22:19,   179, 12.90, 12.04,TEST  ,  0.86,  0.000,  0.00,  0.000,  0.000,  0.000,  0.000
840003211747972,  9943,24,20:22:03,20:22:15,    12, 68.20, 67.80,HS    ,  0.40,  0.000,  0.00,  0.000,  0.000,  0.000,  0.000
840003203286181,  1204,32,20:17:11,20:22:16,   305, 73.30, 72.50,HS    ,  0.80,  0.000,  0.00,  0.000,  0.000,  0.000,  0.000
840003234513893,  1501,65,20:06:34,20:22:27,   953, 42.83, 37.41,TEST  ,  5.42,  0.000,  0.00,  0.000,  0.000,  0.000,  0.000
840003218920990,  1232, 4,20:17:41,20:22:25,   284, 60.00, 58.30,HS    ,  1.70,  0.000,  0.00,  0.000,  0.000,  0.000,  0.000
840003234513847,  1455,75,20:20:13,20:22:31,   138, 32.48, 31.23,TEST  ,  1.25,  0.000,  0.00,  0.000,  0.000,  0.000,  0.000
840003250681620,  1605,19,20:18:30,20:22:30,   240, 59.60, 59.10,LS    ,  0.50,  0.000,  0.00,  0.000,  0.000,  0.000,  0.000
840003234513814,  1422,78,20:22:19,20:22:36,    17, 47.53, 47.52,TEST  ,  0.01,  0.000,  0.00,  0.000,  0.000,  0.000,  0.000
840003234513920,  1528,64,20:12:51,20:22:39,   588, 59.64, 56.41,TEST  ,  3.23,  0.000,  0.00,  0.000,  0.000,  0.000,  0.000
840003268256516,  9779,11,20:22:04,20:22:49,    45, 71.80, 71.50,LS    ,  0.30,  0.000,  0.00,  0.000,  0.000,  0.000,  0.000
840003274076170,  9253,83,20:22:50,20:22:56,     6,  0.51,  0.48,TEST  ,  0.03,  0.000,  0.00,  0.000,  0.000,  0.000,  0.000
840003234513826,  1434,12,20:22:08,20:22:52,    44, 55.90, 56.00,LS    , -0.10,  0.000,  0.00,  0.000,  0.000,  0.000,  0.000
840003218920990,  1232, 3,20:22:33,20:23:00,    27, 44.80, 44.60,LS    ,  0.20,  0.000,  0.00,  0.000,  0.000,  0.000,  0.000
840003250681788,  1773,70,20:12:44,20:23:07,   623, 12.93, 10.86,TEST  ,  2.07,  0.000,  0.00,  0.000,  0.000,  0.000,  0.000
840003218920961,  1203,79,20:16:44,20:23:16,   392, 42.14, 39.85,TEST  ,  2.29,  0.000,  0.00,  0.000,  0.000,  0.000,  0.000
840003211747972,  9943,24,20:23:08,20:23:22,    14, 67.80, 67.40,HS    ,  0.40,  0.000,  0.00,  0.000,  0.000,  0.000,  0.000
840003234513990,  1598,20,20:11:42,20:23:23,   701, 61.30, 61.30,LS    ,  0.00,  0.000,  0.00,  0.000,  0.000,  0.000,  0.000
840003234513847,  1455,79,20:23:22,20:23:31,     9, 39.86, 39.83,TEST  ,  0.03,  0.000,  0.00,  0.000,  0.000,  0.000,  0.000
840003234513847,  1455,79,20:23:32,20:23:38,     6, 39.83, 39.85,TEST  , -0.02,  0.000,  0.00,  0.000,  0.000,  0.000,  0.000
840003234513852,  1460,74,20:03:06,20:23:50,  1244, 25.54, 18.35,TEST  ,  7.19,  0.000,  0.00,  0.000,  0.000,  0.000,  0.000
840003234513826,  1434,14,20:22:57,20:23:47,    50, 67.50, 67.30,HS    ,  0.20,  0.000,  0.00,  0.000,  0.000,  0.000,  0.000
840003234513893,  1501,70,20:24:03,20:24:08,     5, 10.86, 10.87,TEST  , -0.01,  0.000,  0.00,  0.000,  0.000,  0.000,  0.000
840003234513893,  1501,70,20:24:10,20:24:15,     5, 10.87, 10.86,TEST  ,  0.01,  0.000,  0.00,  0.000,  0.000,  0.000,  0.000
840003268256516,  9779,12,20:23:02,20:24:13,    71, 55.90, 55.30,LS    ,  0.60,  0.000,  0.00,  0.000,  0.000,  0.000,  0.000
840003234513826,  1434,14,20:24:05,20:24:15,    10, 67.30, 67.10,HS    ,  0.20,  0.000,  0.00,  0.000,  0.000,  0.000,  0.000
840003211747972,  9943,24,20:24:07,20:24:23,    16, 67.40, 67.10,HS    ,  0.30,  0.000,  0.00,  0.000,  0.000,  0.000,  0.000
840003234513826,  1434,10,20:24:41,20:24:47,     6,  8.10,  8.10,LS    ,  0.00,  0.000,  0.00,  0.000,  0.000,  0.000,  0.000
840003268256516,  9779,12,20:24:41,20:24:52,    11, 55.30, 55.20,LS    ,  0.10,  0.000,  0.00,  0.000,  0.000,  0.000,  0.000
840003250681627,  1612,23,20:11:10,20:25:03,   833, 54.70, 51.10,LS    ,  3.60,  0.000,  0.00,  0.000,  0.000,  0.000,  0.000
840003274076135,  1033,21,20:06:40,20:25:05,  1105, 66.70, 60.30,HS    ,  6.40,  0.000,  0.00,  0.000,  0.000,  0.000,  0.000
840003218920882,  1124,22,20:09:51,20:25:07,   916, 73.30, 66.20,HS    ,  7.10,  0.000,  0.00,  0.000,  0.000,  0.000,  0.000
840003274076170,  9253,83,20:25:10,20:25:20,    10,  0.16,  0.14,TEST  ,  0.02,  0.000,  0.00,  0.000,  0.000,  0.000,  0.000
840003218920961,  1203,82,20:23:32,20:25:33,   121,  2.71,  2.15,TEST  ,  0.56,  0.000,  0.00,  0.000,  0.000,  0.000,  0.000
840003211747972,  9943,23,20:25:17,20:25:38,    21, 51.10, 50.90,LS    ,  0.20,  0.000,  0.00,  0.000,  0.000,  0.000,  0.000
840003250681632,  1617, 6,20:18:20,20:25:50,   450, 61.60, 59.10,LS    ,  2.50,  0.000,  0.00,  0.000,  0.000,  0.000,  0.000
840003234513826,  1434,11,20:24:52,20:25:57,    65, 71.40, 71.10,LS    ,  0.30,  0.000,  0.00,  0.000,  0.000,  0.000,  0.000
840003218920990,  1232, 4,20:23:10,20:25:58,   168, 58.30, 57.20,HS    ,  1.10,  0.000,  0.00,  0.000,  0.000,  0.000,  0.000
840003234513766,  1374,73,20:03:17,20:26:06,  1369, 26.20, 18.54,TEST  ,  7.66,  0.000,  0.00,  0.000,  0.000,  0.000,  0.000
840003234513893,  1501,70,20:24:19,20:26:07,   108, 10.86, 10.27,TEST  ,  0.59,  0.000,  0.00,  0.000,  0.000,  0.000,  0.000
840003218920961,  1203,81,20:25:33,20:26:26,    53, 13.83, 13.68,TEST  ,  0.15,  0.000,  0.00,  0.000,  0.000,  0.000,  0.000
840003211747972,  9943,20,20:26:08,20:26:26,    18, 61.30, 61.40,LS    , -0.10,  0.000,  0.00,  0.000,  0.000,  0.000,  0.000
840003218920990,  1232, 3,20:26:08,20:26:26,    18, 44.60, 44.30,LS    ,  0.30,  0.000,  0.00,  0.000,  0.000,  0.000,  0.000
840003250681788,  1773,72,20:23:21,20:26:33,   192, 40.94, 40.10,TEST  ,  0.84,  0.000,  0.00,  0.000,  0.000,  0.000,  0.000
840003218920820,  1062,28,20:22:28,20:26:32,   244, 33.20, 32.60,LS    ,  0.60,  0.000,  0.00,  0.000,  0.000,  0.000,  0.000
840003274076149,  9436,26,20:23:25,20:26:35,   190, 50.30, 48.00,HS    ,  2.30,  0.000,  0.00,  0.000,  0.000,  0.000,  0.000
840003250681632,  1617, 5,20:26:28,20:26:54,    26, 57.60, 57.50,HS    ,  0.10,  0.000,  0.00,  0.000,  0.000,  0.000,  0.000
840003268256516,  9779,13,20:24:58,20:27:04,   126, 60.70, 60.20,HS    ,  0.50,  0.000,  0.00,  0.000,  0.000,  0.000,  0.000
840003274076149,  9436,22,20:26:58,20:27:07,     9, 66.30, 66.30,HS    ,  0.00,  0.000,  0.00,  0.000,  0.000,  0.000,  0.000
840003274076149,  9436,24,20:27:15,20:27:18,     3, 67.10, 67.10,HS    ,  0.00,  0.000,  0.00,  0.000,  0.000,  0.000,  0.000
840003287324990,  9827,27,20:11:59,20:27:20,   921, 70.90, 64.00,LS    ,  6.90,  0.000,  0.00,  0.000,  0.000,  0.000,  0.000
840003211747972,  9943,20,20:27:06,20:27:27,    21, 61.40, 62.00,LS    , -0.60,  0.000,  0.00,  0.000,  0.000,  0.000,  0.000
840003274076149,  9436,25,20:27:38,20:27:53,    15, 58.70, 58.40,LS    ,  0.30,  0.000,  0.00,  0.000,  0.000,  0.000,  0.000
840003234513937,  1545, 9,20:20:48,20:28:18,   450, 71.40, 69.60,HS    ,  1.80,  0.000,  0.00,  0.000,  0.000,  0.000,  0.000
840003250681653,  1638,29,20:22:06,20:28:47,   401, 60.30, 59.10,HS    ,  1.20,  0.000,  0.00,  0.000,  0.000,  0.000,  0.000
840003203286181,  1204,30,20:22:27,20:29:19,   412, 60.90, 58.90,HS    ,  2.00,  0.000,  0.00,  0.000,  0.000,  0.000,  0.000
840003250681672,  1657,26,20:28:58,20:29:29,    31, 47.80, 47.80,HS    ,  0.00,  0.000,  0.00,  0.000,  0.000,  0.000,  0.000
840003211747972,  9943,23,20:27:47,20:29:54,   127, 50.90, 50.20,LS    ,  0.70,  0.000,  0.00,  0.000,  0.000,  0.000,  0.000
840003274076149,  9436,16,20:28:55,20:30:14,    79, 61.20, 60.10,HS    ,  1.10,  0.000,  0.00,  0.000,  0.000,  0.000,  0.000
840003250681672,  1657,26,20:30:22,20:30:35,    13, 47.80, 47.80,HS    ,  0.00,  0.000,  0.00,  0.000,  0.000,  0.000,  0.000
840003205049521,  9635,24,20:30:25,20:30:52,    27, 67.10, 66.80,HS    ,  0.30,  0.000,  0.00,  0.000,  0.000,  0.000,  0.000
840003205049565,  9679,70,20:27:59,20:31:35,   216, 10.29,  8.83,TEST  ,  1.46,  0.000,  0.00,  0.000,  0.000,  0.000,  0.000
840003234513826,  1434,12,20:26:05,20:31:58,   353, 55.20, 53.80,LS    ,  1.40,  0.000,  0.00,  0.000,  0.000,  0.000,  0.000
840003274076149,  9436,15,20:30:32,20:31:58,    86, 52.20, 51.10,LS    ,  1.10,  0.000,  0.00,  0.000,  0.000,  0.000,  0.000
840003234513826,  1434,13,20:32:06,20:32:14,     8, 60.20, 60.20,HS    ,  0.00,  0.000,  0.00,  0.000,  0.000,  0.000,  0.000
840003274076149,  9436,15,20:32:21,20:32:57,    36, 51.10, 50.50,LS    ,  0.60,  0.000,  0.00,  0.000,  0.000,  0.000,  0.000
840003268256482,  9300, 7,20:22:44,20:33:19,   635, 67.40, 64.10,LS    ,  3.30,  0.000,  0.00,  0.000,  0.000,  0.000,  0.000
840003234513826,  1434,22,20:33:28,20:33:41,    13, 66.30, 66.10,HS    ,  0.20,  0.000,  0.00,  0.000,  0.000,  0.000,  0.000
840003234513937,  1545,10,20:28:46,20:33:43,   297,  7.90,  6.90,LS    ,  1.00,  0.000,  0.00,  0.000,  0.000,  0.000,  0.000
840003274076149,  9436,15,20:33:36,20:33:48,    12, 50.50, 50.20,LS    ,  0.30,  0.000,  0.00,  0.000,  0.000,  0.000,  0.000
840003250681627,  1612,19,20:25:46,20:34:10,   504, 59.00, 57.00,LS    ,  2.00,  0.000,  0.00,  0.000,  0.000,  0.000,  0.000
840003287324980,  1557,14,20:25:20,20:34:12,   532, 67.10, 64.40,HS    ,  2.70,  0.000,  0.00,  0.000,  0.000,  0.000,  0.000
840003234513826,  1434,22,20:34:06,20:34:23,    17, 66.10, 66.00,HS    ,  0.10,  0.000,  0.00,  0.000,  0.000,  0.000,  0.000
840003234513964,  1572, 5,20:32:11,20:34:36,   145, 57.50, 56.90,HS    ,  0.60,  0.000,  0.00,  0.000,  0.000,  0.000,  0.000
840003218920990,  1232, 4,20:26:59,20:34:43,   464, 57.20, 54.70,HS    ,  2.50,  0.000,  0.00,  0.000,  0.000,  0.000,  0.000
840003218920990,  1232, 3,20:34:51,20:35:04,    13, 44.30, 44.10,LS    ,  0.20,  0.000,  0.00,  0.000,  0.000,  0.000,  0.000
840003234513826,  1434,22,20:34:42,20:35:09,    27, 66.00, 65.80,HS    ,  0.20,  0.000,  0.00,  0.000,  0.000,  0.000,  0.000
840003234513826,  1434,22,20:35:19,20:35:44,    25, 65.80, 65.70,HS    ,  0.10,  0.000,  0.00,  0.000,  0.000,  0.000,  0.000
840003274076149,  9436,14,20:34:21,20:36:17,   116, 64.40, 63.30,HS    ,  1.10,  0.000,  0.00,  0.000,  0.000,  0.000,  0.000
840003234513937,  1545,10,20:34:20,20:36:27,   127,  6.90,  6.40,LS    ,  0.50,  0.000,  0.00,  0.000,  0.000,  0.000,  0.000
840003218920932,  1174, 1,20:30:28,20:36:39,   371, 48.70, 46.40,HS    ,  2.30,  0.000,  0.00,  0.000,  0.000,  0.000,  0.000
840003250681632,  1617, 6,20:27:03,20:36:56,   593, 59.10, 56.30,LS    ,  2.80,  0.000,  0.00,  0.000,  0.000,  0.000,  0.000
840003234513826,  1434,22,20:35:55,20:36:58,    63, 65.70, 65.40,HS    ,  0.30,  0.000,  0.00,  0.000,  0.000,  0.000,  0.000
840003274076149,  9436,12,20:36:25,20:37:07,    42, 53.80, 53.00,LS    ,  0.80,  0.000,  0.00,  0.000,  0.000,  0.000,  0.000
840003205049521,  9635,25,20:31:32,20:37:13,   341, 58.30, 56.30,LS    ,  2.00,  0.000,  0.00,  0.000,  0.000,  0.000,  0.000
840003218920820,  1062,31,20:31:49,20:37:37,   348, 37.20, 36.40,LS    ,  0.80,  0.000,  0.00,  0.000,  0.000,  0.000,  0.000
840003218920990,  1232, 3,20:37:15,20:37:40,    25, 44.10, 44.10,LS    ,  0.00,  0.000,  0.00,  0.000,  0.000,  0.000,  0.000
840003287324966,  1261, 2,20:16:02,20:37:59,  1317, 41.40, 34.80,LS    ,  6.60,  0.000,  0.00,  0.000,  0.000,  0.000,  0.000
840003274076149,  9436,11,20:37:22,20:38:03,    41, 71.10, 70.50,LS    ,  0.60,  0.000,  0.00,  0.000,  0.000,  0.000,  0.000
840003250681632,  1617, 6,20:37:24,20:38:11,    47, 56.40, 56.20,LS    ,  0.20,  0.000,  0.00,  0.000,  0.000,  0.000,  0.000
840003250681653,  1638,29,20:30:02,20:38:13,   491, 59.00, 56.20,HS    ,  2.80,  0.000,  0.00,  0.000,  0.000,  0.000,  0.000
840003250681620,  1605,18,20:24:03,20:38:32,   869, 65.40, 62.90,LS    ,  2.50,  0.000,  0.00,  0.000,  0.000,  0.000,  0.000
840003268256482,  9300, 7,20:34:18,20:38:41,   263, 64.10, 62.90,LS    ,  1.20,  0.000,  0.00,  0.000,  0.000,  0.000,  0.000
840003205049521,  9635,26,20:38:42,20:38:45,     3, 47.90, 47.90,HS    ,  0.00,  0.000,  0.00,  0.000,  0.000,  0.000,  0.000
840003250681672,  1657,27,20:30:47,20:38:50,   483, 64.00, 61.10,LS    ,  2.90,  0.000,  0.00,  0.000,  0.000,  0.000,  0.000
840003250681820,  1805,67,20:34:34,20:39:03,   269, 19.16, 17.78,TEST  ,  1.38,  0.000,  0.00,  0.000,  0.000,  0.000,  0.000
840003274076149,  9436,11,20:38:37,20:39:01,    24, 70.50, 70.30,LS    ,  0.20,  0.000,  0.00,  0.000,  0.000,  0.000,  0.000
840003218920820,  1062,28,20:38:26,20:39:02,    36, 32.60, 32.50,LS    ,  0.10,  0.000,  0.00,  0.000,  0.000,  0.000,  0.000
840003250681627,  1612,20,20:34:16,20:39:31,   315, 61.80, 46.90,LS    , 14.90,  0.000,  0.00,  0.000,  0.000,  0.000,  0.000
840003234513828,  1436,53,20:35:41,20:40:09,   268, 18.36, 16.73,TEST  ,  1.63,  0.000,  0.00,  0.000,  0.000,  0.000,  0.000
840003234513932,  1540,12,20:40:34,20:40:40,     6, 53.20, 53.00,LS    ,  0.20,  0.000,  0.00,  0.000,  0.000,  0.000,  0.000
840003274076178,  9425,55,20:24:35,20:40:55,   980, 51.74, 44.62,TEST  ,  7.12,  0.000,  0.00,  0.000,  0.000,  0.000,  0.000
840003211748008,  9979,54,20:39:19,20:40:56,    97, 32.12, 31.44,TEST  ,  0.68,  0.000,  0.00,  0.000,  0.000,  0.000,  0.000
840003287324988,  9593,68,20:35:26,20:40:56,   330, 11.78,  9.41,TEST  ,  2.37,  0.000,  0.00,  0.000,  0.000,  0.000,  0.000
840003234513964,  1572, 4,20:34:54,20:40:53,   359, 54.70, 52.10,HS    ,  2.60,  0.000,  0.00,  0.000,  0.000,  0.000,  0.000
840003234513778,  1386,67,20:39:48,20:41:04,    76, 17.78, 16.94,TEST  ,  0.84,  0.000,  0.00,  0.000,  0.000,  0.000,  0.000
840003205049486,  9600,57,20:39:52,20:41:11,    79, 59.23, 58.86,TEST  ,  0.37,  0.000,  0.00,  0.000,  0.000,  0.000,  0.000
840003211748008,  9979,55,20:41:05,20:41:10,     5, 44.63, 44.64,TEST  , -0.01,  0.000,  0.00,  0.000,  0.000,  0.000,  0.000
840003287324988,  9593,67,20:41:04,20:41:12,     8, 16.94, 16.95,TEST  , -0.01,  0.000,  0.00,  0.000,  0.000,  0.000,  0.000
840003250681632,  1617, 8,20:40:19,20:41:11,    52, 78.10, 77.80,HS    ,  0.30,  0.000,  0.00,  0.000,  0.000,  0.000,  0.000
840003234513937,  1545, 9,20:36:57,20:41:31,   274, 69.60, 68.50,HS    ,  1.10,  0.000,  0.00,  0.000,  0.000,  0.000,  0.000
840003234513826,  1434,31,20:39:43,20:41:38,   115, 36.40, 35.90,LS    ,  0.50,  0.000,  0.00,  0.000,  0.000,  0.000,  0.000
840003274076149,  9436,10,20:39:25,20:41:39,   134,  6.10,  5.00,LS    ,  1.10,  0.000,  0.00,  0.000,  0.000,  0.000,  0.000
840003234513826,  1434,32,20:41:44,20:42:02,    18, 72.50, 72.40,HS    ,  0.10,  0.000,  0.00,  0.000,  0.000,  0.000,  0.000
840003218920882,  1124,17,20:25:25,20:42:04,   999, 56.40, 51.90,HS    ,  4.50,  0.000,  0.00,  0.000,  0.000,  0.000,  0.000
840003274076119,  9867,26,20:41:49,20:42:11,    22, 47.90, 47.40,HS    ,  0.50,  0.000,  0.00,  0.000,  0.000,  0.000,  0.000
840003234513964,  1572,10,20:41:53,20:42:50,    57,  4.90,  4.60,LS    ,  0.30,  0.000,  0.00,  0.000,  0.000,  0.000,  0.000
840003234513932,  1540, 9,20:42:26,20:43:05,    39, 68.50, 68.30,HS    ,  0.20,  0.000,  0.00,  0.000,  0.000,  0.000,  0.000
840003274076119,  9867,26,20:42:53,20:43:47,    54, 47.40, 47.00,HS    ,  0.40,  0.000,  0.00,  0.000,  0.000,  0.000,  0.000
840003250681672,  1657,25,20:39:39,20:43:55,   256, 56.30, 54.80,LS    ,  1.50,  0.000,  0.00,  0.000,  0.000,  0.000,  0.000
840003218920882,  1124,22,20:42:31,20:44:05,    94, 65.40, 65.00,HS    ,  0.40,  0.000,  0.00,  0.000,  0.000,  0.000,  0.000
840003234513828,  1436,54,20:41:00,20:44:25,   205, 31.45, 29.99,TEST  ,  1.46,  0.000,  0.00,  0.000,  0.000,  0.000,  0.000
840003218920990,  1232, 1,20:38:04,20:44:43,   399, 46.40, 44.40,HS    ,  2.00,  0.000,  0.00,  0.000,  0.000,  0.000,  0.000
840003250681672,  1657,21,20:44:30,20:45:00,    30, 60.20, 60.20,HS    ,  0.00,  0.000,  0.00,  0.000,  0.000,  0.000,  0.000
840003234513964,  1572, 9,20:43:15,20:45:07,   112, 68.30, 67.60,HS    ,  0.70,  0.000,  0.00,  0.000,  0.000,  0.000,  0.000
840003211748008,  9979,55,20:41:17,20:45:26,   249, 44.68, 42.83,TEST  ,  1.85,  0.000,  0.00,  0.000,  0.000,  0.000,  0.000
840003234513932,  1540, 8,20:43:24,20:45:26,   122, 77.80, 76.90,HS    ,  0.90,  0.000,  0.00,  0.000,  0.000,  0.000,  0.000
840003268256482,  9300,11,20:40:00,20:45:45,   345, 70.20, 68.60,LS    ,  1.60,  0.000,  0.00,  0.000,  0.000,  0.000,  0.000
840003274076119,  9867,25,20:44:05,20:45:54,   109, 54.80, 54.30,LS    ,  0.50,  0.000,  0.00,  0.000,  0.000,  0.000,  0.000
840003274076149,  9436,14,20:43:12,20:46:00,   168, 63.30, 61.70,HS    ,  1.60,  0.000,  0.00,  0.000,  0.000,  0.000,  0.000
840003274076119,  9867,25,20:46:08,20:46:12,     4, 54.30, 54.30,LS    ,  0.00,  0.000,  0.00,  0.000,  0.000,  0.000,  0.000
840003234513973,  1581,19,20:43:05,20:46:11,   186, 57.00, 56.10,LS    ,  0.90,  0.000,  0.00,  0.000,  0.000,  0.000,  0.000
840003234513973,  1581,22,20:46:40,20:46:58,    18, 64.90, 65.00,HS    , -0.10,  0.000,  0.00,  0.000,  0.000,  0.000,  0.000
840003274076119,  9867,26,20:46:27,20:46:58,    31, 47.00, 46.60,HS    ,  0.40,  0.000,  0.00,  0.000,  0.000,  0.000,  0.000
840003234513778,  1386,69,20:41:43,20:47:11,   328, 17.97, 15.68,TEST  ,  2.29,  0.000,  0.00,  0.000,  0.000,  0.000,  0.000
840003234513778,  1386,69,20:47:12,20:47:18,     6, 15.68, 15.68,TEST  ,  0.00,  0.000,  0.00,  0.000,  0.000,  0.000,  0.000
840003274076149,  9436,15,20:46:15,20:47:34,    79, 50.10, 49.40,LS    ,  0.70,  0.000,  0.00,  0.000,  0.000,  0.000,  0.000
840003218920932,  1174, 4,20:41:04,20:47:41,   397, 52.10, 49.10,HS    ,  3.00,  0.000,  0.00,  0.000,  0.000,  0.000,  0.000
840003234513828,  1436,53,20:45:09,20:47:55,   166, 16.73, 15.55,TEST  ,  1.18,  0.000,  0.00,  0.000,  0.000,  0.000,  0.000
840003274076119,  9867,26,20:47:53,20:48:24,    31, 46.60, 46.10,HS    ,  0.50,  0.000,  0.00,  0.000,  0.000,  0.000,  0.000
840003250681672,  1657,29,20:48:28,20:48:41,    13, 55.70, 55.70,HS    ,  0.00,  0.000,  0.00,  0.000,  0.000,  0.000,  0.000
840003274076170,  9253,74,20:32:40,20:49:03,   983, 18.37, 13.91,TEST  ,  4.46,  0.000,  0.00,  0.000,  0.000,  0.000,  0.000
840003234513964,  1572, 8,20:45:37,20:49:09,   212, 76.90, 75.70,HS    ,  1.20,  0.000,  0.00,  0.000,  0.000,  0.000,  0.000
840003234513932,  1540,10,20:45:58,20:49:23,   205,  4.40,  3.20,LS    ,  1.20,  0.000,  0.00,  0.000,  0.000,  0.000,  0.000
840003234513964,  1572,13,20:49:44,20:51:07,    83, 60.20, 60.10,HS    ,  0.10,  0.000,  0.00,  0.000,  0.000,  0.000,  0.000
840003274076149,  9436,14,20:47:39,20:51:12,   213, 61.70, 59.90,HS    ,  1.80,  0.000,  0.00,  0.000,  0.000,  0.000,  0.000
840003250681632,  1617, 1,20:51:17,20:51:33,    16, 44.40, 44.40,HS    ,  0.00,  0.000,  0.00,  0.000,  0.000,  0.000,  0.000
840003234513973,  1581,31,20:47:51,20:51:34,   223, 35.90, 35.10,LS    ,  0.80,  0.000,  0.00,  0.000,  0.000,  0.000,  0.000
840003274076119,  9867,25,20:49:21,20:51:42,   141, 54.30, 53.50,LS    ,  0.80,  0.000,  0.00,  0.000,  0.000,  0.000,  0.000
840003250681653,  1638,32,20:43:44,20:51:50,   486, 72.40, 70.40,HS    ,  2.00,  0.000,  0.00,  0.000,  0.000,  0.000,  0.000
840003205049521,  9635,28,20:39:23,20:51:54,   751, 32.50, 28.30,LS    ,  4.20,  0.000,  0.00,  0.000,  0.000,  0.000,  0.000
840003250681632,  1617, 3,20:51:56,20:52:14,    18, 44.10, 44.00,LS    ,  0.10,  0.000,  0.00,  0.000,  0.000,  0.000,  0.000
840003203286181,  1204,30,20:41:07,20:52:21,   674, 58.90, 55.90,HS    ,  3.00,  0.000,  0.00,  0.000,  0.000,  0.000,  0.000
840003205049521,  9635,30,20:52:43,20:52:49,     6, 55.50, 55.60,HS    , -0.10,  0.000,  0.00,  0.000,  0.000,  0.000,  0.000
840003234513932,  1540, 9,20:52:47,20:53:01,    14, 67.60, 67.40,HS    ,  0.20,  0.000,  0.00,  0.000,  0.000,  0.000,  0.000
840003234513973,  1581,32,20:52:51,20:53:07,    16, 70.40, 70.20,HS    ,  0.20,  0.000,  0.00,  0.000,  0.000,  0.000,  0.000
840003205049521,  9635,30,20:53:22,20:53:38,    16, 55.60, 55.40,HS    ,  0.20,  0.000,  0.00,  0.000,  0.000,  0.000,  0.000
840003274076149,  9436,26,20:52:58,20:54:14,    76, 46.10, 45.50,HS    ,  0.60,  0.000,  0.00,  0.000,  0.000,  0.000,  0.000
840003234513852,  1460,72,20:43:24,20:54:35,   671, 40.11, 35.90,TEST  ,  4.21,  0.000,  0.00,  0.000,  0.000,  0.000,  0.000
840003205049521,  9635,30,20:54:23,20:54:35,    12, 55.40, 55.10,HS    ,  0.30,  0.000,  0.00,  0.000,  0.000,  0.000,  0.000
840003205049565,  9679,73,20:32:43,20:54:51,  1328, 18.54, 11.09,TEST  ,  7.45,  0.000,  0.00,  0.000,  0.000,  0.000,  0.000
840003234513973,  1581,32,20:54:06,20:55:03,    57, 70.20, 70.00,HS    ,  0.20,  0.000,  0.00,  0.000,  0.000,  0.000,  0.000
840003234513932,  1540,10,20:53:59,20:55:27,    88,  2.00,  1.70,LS    ,  0.30,  0.000,  0.00,  0.000,  0.000,  0.000,  0.000
840003205049521,  9635,30,20:55:17,20:55:31,    14, 55.10, 54.90,HS    ,  0.20,  0.000,  0.00,  0.000,  0.000,  0.000,  0.000
840003274076179,  8966,71,20:55:33,20:55:38,     5, 12.02, 12.02,TEST  ,  0.00,  0.000,  0.00,  0.000,  0.000,  0.000,  0.000
840003205049521,  9635,29,20:55:52,20:56:10,    18, 55.40, 55.20,HS    ,  0.20,  0.000,  0.00,  0.000,  0.000,  0.000,  0.000
840003274076119,  9867,28,20:52:47,20:56:16,   209, 28.30, 27.30,LS    ,  1.00,  0.000,  0.00,  0.000,  0.000,  0.000,  0.000
840003234513964,  1572,17,20:51:39,20:56:50,   311, 51.90, 50.60,HS    ,  1.30,  0.000,  0.00,  0.000,  0.000,  0.000,  0.000
840003205049521,  9635,28,20:56:29,20:56:56,    27, 27.30, 27.10,LS    ,  0.20,  0.000,  0.00,  0.000,  0.000,  0.000,  0.000
840003218920820,  1062,27,20:39:31,20:57:01,  1050, 60.40, 54.80,LS    ,  5.60,  0.000,  0.00,  0.000,  0.000,  0.000,  0.000
840003234513893,  1501,78,20:50:30,20:57:16,   406, 47.50, 44.85,TEST  ,  2.65,  0.000,  0.00,  0.000,  0.000,  0.000,  0.000
840003250681674,  1659, 9,20:54:07,20:57:27,   200, 67.40, 66.50,HS    ,  0.90,  0.000,  0.00,  0.000,  0.000,  0.000,  0.000
840003274076119,  9867,25,20:56:57,20:57:33,    36, 53.50, 53.20,LS    ,  0.30,  0.000,  0.00,  0.000,  0.000,  0.000,  0.000
840003287324988,  9593,67,20:41:13,20:58:34,  1041, 16.95,  9.72,TEST  ,  7.23,  0.000,  0.00,  0.000,  0.000,  0.000,  0.000
840003250681820,  1805,66,20:39:27,20:58:44,  1157, 32.45, 25.81,TEST  ,  6.64,  0.000,  0.00,  0.000,  0.000,  0.000,  0.000
840003211748008,  9979,56,20:45:28,20:58:59,   811, 59.34, 53.26,TEST  ,  6.08,  0.000,  0.00,  0.000,  0.000,  0.000,  0.000
840003274076178,  9425,57,20:41:11,20:59:00,  1069, 58.86, 55.04,TEST  ,  3.82,  0.000,  0.00,  0.000,  0.000,  0.000,  0.000
840003274076179,  8966,71,20:55:40,20:59:11,   211, 12.02, 10.79,TEST  ,  1.23,  0.000,  0.00,  0.000,  0.000,  0.000,  0.000
840003250681674,  1659,10,20:58:49,20:59:08,    19,  1.50,  1.50,LS    ,  0.00,  0.000,  0.00,  0.000,  0.000,  0.000,  0.000
840003218920873,  1115,19,20:58:37,20:59:08,    31, 56.10, 56.10,LS    ,  0.00,  0.000,  0.00,  0.000,  0.000,  0.000,  0.000
840003250681653,  1638,32,20:56:17,20:59:44,   207, 70.00, 69.00,HS    ,  1.00,  0.000,  0.00,  0.000,  0.000,  0.000,  0.000
840003218920932,  1174, 4,20:48:42,20:59:49,   667, 49.10, 44.80,HS    ,  4.30,  0.000,  0.00,  0.000,  0.000,  0.000,  0.000
840003234513799,  1407,69,20:54:44,21:00:11,   327, 15.65, 14.31,TEST  ,  1.34,  0.000,  0.00,  0.000,  0.000,  0.000,  0.000
840003234513990,  1598, 2,20:40:06,21:00:22,  1216, 34.80, 29.40,LS    ,  5.40,  0.000,  0.00,  0.000,  0.000,  0.000,  0.000
840003274076149,  9436,31,21:00:11,21:00:23,    12, 35.10, 34.90,LS    ,  0.20,  0.000,  0.00,  0.000,  0.000,  0.000,  0.000
840003234513964,  1572, 9,20:57:37,21:00:40,   183, 66.50, 65.40,HS    ,  1.10,  0.000,  0.00,  0.000,  0.000,  0.000,  0.000
840003234513932,  1540, 8,20:55:46,21:00:47,   301, 75.70, 74.10,HS    ,  1.60,  0.000,  0.00,  0.000,  0.000,  0.000,  0.000
840003250681653,  1638,29,21:00:13,21:00:54,    41, 55.40, 55.80,HS    , -0.40,  0.000,  0.00,  0.000,  0.000,  0.000,  0.000
840003274076149,  9436,28,21:01:06,21:01:18,    12, 27.10, 26.90,LS    ,  0.20,  0.000,  0.00,  0.000,  0.000,  0.000,  0.000
840003205049565,  9679,75,20:56:33,21:01:36,   303, 31.24, 29.53,TEST  ,  1.71,  0.000,  0.00,  0.000,  0.000,  0.000,  0.000
840003234513932,  1540,10,21:01:05,21:02:57,   112,  1.50,  1.00,LS    ,  0.50,  0.000,  0.00,  0.000,  0.000,  0.000,  0.000
840003218920961,  1203,79,20:46:37,21:03:28,  1011, 39.87, 33.03,TEST  ,  6.84,  0.000,  0.00,  0.000,  0.000,  0.000,  0.000
840003234513799,  1407,73,21:03:55,21:04:00,     5, 11.09, 11.19,TEST  , -0.10,  0.000,  0.00,  0.000,  0.000,  0.000,  0.000
840003218920961,  1203,81,21:04:05,21:05:10,    65, 13.68, 13.27,TEST  ,  0.41,  0.000,  0.00,  0.000,  0.000,  0.000,  0.000
840003218920961,  1203,81,21:05:11,21:05:16,     5, 13.27, 13.26,TEST  ,  0.01,  0.000,  0.00,  0.000,  0.000,  0.000,  0.000
840003250681674,  1659,13,20:59:26,21:05:20,   354, 60.10, 58.50,HS    ,  1.60,  0.000,  0.00,  0.000,  0.000,  0.000,  0.000
840003234513766,  1374,70,20:49:51,21:05:28,   937,  8.81,  4.19,TEST  ,  4.62,  0.000,  0.00,  0.000,  0.000,  0.000,  0.000
840003211748008,  9979,58,21:04:24,21:05:54,    90, 48.58, 47.91,TEST  ,  0.67,  0.000,  0.00,  0.000,  0.000,  0.000,  0.000
840003274076119,  9867, 1,21:06:19,21:06:35,    16, 44.30, 44.10,HS    ,  0.20,  0.000,  0.00,  0.000,  0.000,  0.000,  0.000
840003205049486,  9600,62,20:41:51,21:06:54,  1503, 52.35, 42.97,TEST  ,  9.38,  0.000,  0.00,  0.000,  0.000,  0.000,  0.000
840003218920873,  1115,17,20:59:40,21:07:07,   447, 50.60, 48.10,HS    ,  2.50,  0.000,  0.00,  0.000,  0.000,  0.000,  0.000
840003250681791,  1776,71,21:02:50,21:07:57,   307, 10.72,  9.92,TEST  ,  0.80,  0.000,  0.00,  0.000,  0.000,  0.000,  0.000
840003250681820,  1805,65,21:00:03,21:08:27,   504, 37.40, 34.98,TEST  ,  2.42,  0.000,  0.00,  0.000,  0.000,  0.000,  0.000
840003205049486,  9600,62,21:06:54,21:08:38,   104, 42.97, 42.39,TEST  ,  0.58,  0.000,  0.00,  0.000,  0.000,  0.000,  0.000
840003218920932,  1174, 4,21:00:17,21:08:47,   510, 44.80, 41.80,HS    ,  3.00,  0.000,  0.00,  0.000,  0.000,  0.000,  0.000
840003274076119,  9867, 2,21:07:13,21:08:58,   105, 29.40, 28.90,LS    ,  0.50,  0.000,  0.00,  0.000,  0.000,  0.000,  0.000
840003234513964,  1572, 8,21:01:01,21:09:05,   484, 74.10, 71.80,HS    ,  2.30,  0.000,  0.00,  0.000,  0.000,  0.000,  0.000
840003234513932,  1540, 9,21:03:05,21:09:20,   375, 65.40, 63.90,HS    ,  1.50,  0.000,  0.00,  0.000,  0.000,  0.000,  0.000
840003274076179,  8966,72,20:59:19,21:09:28,   609, 35.90, 32.17,TEST  ,  3.73,  0.000,  0.00,  0.000,  0.000,  0.000,  0.000
840003287325010,  9802,17,21:07:16,21:09:24,   128, 48.10, 47.50,HS    ,  0.60,  0.000,  0.00,  0.000,  0.000,  0.000,  0.000
840003234513991,  1599, 3,21:05:15,21:10:01,   286, 44.10, 42.60,LS    ,  1.50,  0.000,  0.00,  0.000,  0.000,  0.000,  0.000
840003234513966,  1574,55,21:05:50,21:10:22,   272, 42.69, 40.87,TEST  ,  1.82,  0.000,  0.00,  0.000,  0.000,  0.000,  0.000
840003274076135,  1033, 5,20:34:55,21:10:28,  2133, 56.90, 47.30,HS    ,  9.60,  0.000,  0.00,  0.000,  0.000,  0.000,  0.000
840003234513799,  1407,73,21:06:12,21:11:06,   294, 10.39,  9.21,TEST  ,  1.18,  0.000,  0.00,  0.000,  0.000,  0.000,  0.000
840003250681674,  1659,14,21:05:25,21:11:22,   357, 59.90, 58.60,HS    ,  1.30,  0.000,  0.00,  0.000,  0.000,  0.000,  0.000
840003274076179,  8966,72,21:09:43,21:11:43,   120, 32.17, 31.49,TEST  ,  0.68,  0.000,  0.00,  0.000,  0.000,  0.000,  0.000
840003287325010,  9802,18,21:09:31,21:11:36,   125, 62.90, 62.10,LS    ,  0.80,  0.000,  0.00,  0.000,  0.000,  0.000,  0.000
840003218920961,  1203,82,21:05:28,21:11:43,   375,  2.14,  0.86,TEST  ,  1.28,  0.000,  0.00,  0.000,  0.000,  0.000,  0.000
840003234513778,  1386,68,20:48:52,21:12:36,  1424,  9.43,  1.01,TEST  ,  8.42,  0.000,  0.00,  0.000,  0.000,  0.000,  0.000
840003274076149,  9436,26,21:01:42,21:12:42,   660, 45.50, 39.50,HS    ,  6.00,  0.000,  0.00,  0.000,  0.000,  0.000,  0.000
840003234513973,  1581,31,21:01:21,21:13:04,   703, 34.90, 32.20,LS    ,  2.70,  0.000,  0.00,  0.000,  0.000,  0.000,  0.000
840003205049588,  9702, 1,21:09:32,21:13:06,   214, 44.10, 43.50,HS    ,  0.60,  0.000,  0.00,  0.000,  0.000,  0.000,  0.000
840003218920932,  1174, 4,21:09:26,21:13:14,   228, 41.80, 40.60,HS    ,  1.20,  0.000,  0.00,  0.000,  0.000,  0.000,  0.000
840003250681791,  1776,65,21:08:31,21:13:23,   292, 34.98, 33.95,TEST  ,  1.03,  0.000,  0.00,  0.000,  0.000,  0.000,  0.000
840003250681674,  1659,13,21:11:38,21:13:23,   105, 58.50, 58.10,HS    ,  0.40,  0.000,  0.00,  0.000,  0.000,  0.000,  0.000
840003205049565,  9679,64,21:05:00,21:13:38,   518, 56.39, 53.43,TEST  ,  2.96,  0.000,  0.00,  0.000,  0.000,  0.000,  0.000
840003203286181,  1204,30,21:01:06,21:13:40,   754, 54.90, 52.10,HS    ,  2.80,  0.000,  0.00,  0.000,  0.000,  0.000,  0.000
840003250681653,  1638,29,21:01:11,21:13:47,   756, 55.80, 51.80,HS    ,  4.00,  0.000,  0.00,  0.000,  0.000,  0.000,  0.000
840003234513932,  1540, 9,21:12:45,21:14:50,   125, 63.80, 63.30,HS    ,  0.50,  0.000,  0.00,  0.000,  0.000,  0.000,  0.000
840003274076149,  9436,25,21:13:09,21:14:58,   109, 53.20, 52.30,LS    ,  0.90,  0.000,  0.00,  0.000,  0.000,  0.000,  0.000
840003234513966,  1574,56,21:10:47,21:15:06,   259, 53.26, 51.54,TEST  ,  1.72,  0.000,  0.00,  0.000,  0.000,  0.000,  0.000
840003234513987,  1595,26,21:12:50,21:15:02,   132, 39.50, 39.00,HS    ,  0.50,  0.000,  0.00,  0.000,  0.000,  0.000,  0.000
840003274076119,  9867, 7,21:13:07,21:15:14,   127, 62.80, 61.90,LS    ,  0.90,  0.000,  0.00,  0.000,  0.000,  0.000,  0.000
840003218920932,  1174, 4,21:14:01,21:15:45,   104, 40.60, 40.00,HS    ,  0.60,  0.000,  0.00,  0.000,  0.000,  0.000,  0.000
840003234513932,  1540, 6,21:15:58,21:16:02,     4, 56.20, 56.20,LS    ,  0.00,  0.000,  0.00,  0.000,  0.000,  0.000,  0.000
840003234513826,  1434,29,21:15:36,21:16:17,    41, 51.20, 51.70,HS    , -0.50,  0.000,  0.00,  0.000,  0.000,  0.000,  0.000
840003250681674,  1659,14,21:13:47,21:16:33,   166, 58.60, 57.80,HS    ,  0.80,  0.000,  0.00,  0.000,  0.000,  0.000,  0.000
840003274076119,  9867,15,21:16:29,21:16:58,    29, 49.40, 49.20,LS    ,  0.20,  0.000,  0.00,  0.000,  0.000,  0.000,  0.000
840003218920873,  1115,16,21:07:13,21:17:06,   593, 60.10, 55.40,HS    ,  4.70,  0.000,  0.00,  0.000,  0.000,  0.000,  0.000
840003287325010,  9802,17,21:11:48,21:17:59,   371, 47.50, 45.10,HS    ,  2.40,  0.000,  0.00,  0.000,  0.000,  0.000,  0.000
840003274076119,  9867,16,21:17:15,21:18:31,    76, 55.40, 54.70,HS    ,  0.70,  0.000,  0.00,  0.000,  0.000,  0.000,  0.000
840003234513826,  1434,27,21:16:27,21:19:03,   156, 54.80, 53.90,LS    ,  0.90,  0.000,  0.00,  0.000,  0.000,  0.000,  0.000
840003250681653,  1638,26,21:15:27,21:19:07,   220, 39.00, 37.90,HS    ,  1.10,  0.000,  0.00,  0.000,  0.000,  0.000,  0.000
840003287325010,  9802,18,21:18:13,21:19:07,    54, 62.10, 61.80,LS    ,  0.30,  0.000,  0.00,  0.000,  0.000,  0.000,  0.000
840003234513932,  1540, 8,21:16:15,21:19:09,   174, 71.80, 71.20,HS    ,  0.60,  0.000,  0.00,  0.000,  0.000,  0.000,  0.000
840003234513973,  1581,28,21:14:01,21:19:23,   322, 26.90, 25.80,LS    ,  1.10,  0.000,  0.00,  0.000,  0.000,  0.000,  0.000
840003274076119,  9867,16,21:19:16,21:19:56,    40, 54.70, 54.20,HS    ,  0.50,  0.000,  0.00,  0.000,  0.000,  0.000,  0.000
840003234513826,  1434,25,21:19:26,21:20:06,    40, 52.30, 52.00,LS    ,  0.30,  0.000,  0.00,  0.000,  0.000,  0.000,  0.000
840003250681674,  1659,13,21:16:42,21:20:34,   232, 58.10, 57.10,HS    ,  1.00,  0.000,  0.00,  0.000,  0.000,  0.000,  0.000
840003250681791,  1776,63,21:13:59,21:20:44,   405, 52.25, 50.78,TEST  ,  1.47,  0.000,  0.00,  0.000,  0.000,  0.000,  0.000
840003234513966,  1574,56,21:15:33,21:20:45,   312, 51.54, 49.59,TEST  ,  1.95,  0.000,  0.00,  0.000,  0.000,  0.000,  0.000
840003268256482,  9300,20,20:55:11,21:20:44,  1533, 46.60, 31.30,LS    , 15.30,  0.000,  0.00,  0.000,  0.000,  0.000,  0.000
840003211748008,  9979,57,20:59:01,21:20:56,  1315, 55.04, 53.28,TEST  ,  1.76,  0.000,  0.00,  0.000,  0.000,  0.000,  0.000
840003203286181,  1204,30,21:14:09,21:21:24,   435, 52.10, 50.30,HS    ,  1.80,  0.000,  0.00,  0.000,  0.000,  0.000,  0.000
840003234513826,  1434,23,21:20:17,21:21:29,    72, 50.20, 49.80,LS    ,  0.40,  0.000,  0.00,  0.000,  0.000,  0.000,  0.000
840003234513826,  1434,22,21:22:03,21:22:14,    11, 64.90, 64.80,HS    ,  0.10,  0.000,  0.00,  0.000,  0.000,  0.000,  0.000
840003250681653,  1638,26,21:20:01,21:22:22,   141, 37.90, 37.40,HS    ,  0.50,  0.000,  0.00,  0.000,  0.000,  0.000,  0.000
840003274076119,  9867,22,21:22:24,21:22:41,    17, 64.70, 64.40,HS    ,  0.30,  0.000,  0.00,  0.000,  0.000,  0.000,  0.000
840003234513799,  1407,72,21:11:46,21:22:59,   673, 31.49, 27.54,TEST  ,  3.95,  0.000,  0.00,  0.000,  0.000,  0.000,  0.000
840003234513973,  1581,27,21:19:41,21:23:08,   207, 53.90, 52.90,LS    ,  1.00,  0.000,  0.00,  0.000,  0.000,  0.000,  0.000
840003218920932,  1174, 4,21:17:38,21:23:46,   368, 40.00, 38.50,HS    ,  1.50,  0.000,  0.00,  0.000,  0.000,  0.000,  0.000
840003274076119,  9867,22,21:23:11,21:23:55,    44, 64.40, 63.90,HS    ,  0.50,  0.000,  0.00,  0.000,  0.000,  0.000,  0.000
840003234513991,  1599, 3,21:10:29,21:24:28,   839, 42.60, 39.00,LS    ,  3.60,  0.000,  0.00,  0.000,  0.000,  0.000,  0.000
840003234513973,  1581,25,21:23:32,21:24:41,    69, 52.00, 51.70,LS    ,  0.30,  0.000,  0.00,  0.000,  0.000,  0.000,  0.000
840003274076119,  9867,22,21:24:43,21:25:21,    38, 63.90, 63.50,HS    ,  0.40,  0.000,  0.00,  0.000,  0.000,  0.000,  0.000
840003287325014,  9956, 2,21:13:13,21:25:28,   735, 28.90, 25.30,LS    ,  3.60,  0.000,  0.00,  0.000,  0.000,  0.000,  0.000
840003250681674,  1659, 9,21:21:25,21:25:36,   251, 63.30, 62.20,HS    ,  1.10,  0.000,  0.00,  0.000,  0.000,  0.000,  0.000
840003234513826,  1434,20,21:22:37,21:25:45,   188, 31.30, 27.50,LS    ,  3.80,  0.000,  0.00,  0.000,  0.000,  0.000,  0.000
840003234513826,  1434,22,21:26:02,21:26:19,    17, 63.50, 63.30,HS    ,  0.20,  0.000,  0.00,  0.000,  0.000,  0.000,  0.000
840003205049565,  9679,55,21:19:07,21:26:28,   441, 40.87, 38.07,TEST  ,  2.80,  0.000,  0.00,  0.000,  0.000,  0.000,  0.000
840003274076119,  9867,26,21:26:21,21:26:44,    23, 37.40, 37.00,HS    ,  0.40,  0.000,  0.00,  0.000,  0.000,  0.000,  0.000
840003234513811,  1419,54,21:17:53,21:27:01,   548, 29.97, 26.16,TEST  ,  3.81,  0.000,  0.00,  0.000,  0.000,  0.000,  0.000
840003234513811,  1419,54,21:27:01,21:27:06,     5, 26.16, 26.16,TEST  ,  0.00,  0.000,  0.00,  0.000,  0.000,  0.000,  0.000
840003234513811,  1419,54,21:27:07,21:27:16,     9, 26.16, 26.23,TEST  , -0.07,  0.000,  0.00,  0.000,  0.000,  0.000,  0.000
840003250681791,  1776,59,21:23:40,21:27:19,   219, 71.66, 71.10,TEST  ,  0.56,  0.000,  0.00,  0.000,  0.000,  0.000,  0.000
840003234513826,  1434,22,21:27:00,21:27:18,    18, 63.30, 63.10,HS    ,  0.20,  0.000,  0.00,  0.000,  0.000,  0.000,  0.000
840003287325010,  9802,17,21:19:14,21:27:46,   512, 45.10, 42.20,HS    ,  2.90,  0.000,  0.00,  0.000,  0.000,  0.000,  0.000
840003234513826,  1434,22,21:27:38,21:27:52,    14, 63.10, 62.90,HS    ,  0.20,  0.000,  0.00,  0.000,  0.000,  0.000,  0.000
840003287325039,  1348,53,21:27:58,21:28:06,     8, 15.53, 15.53,TEST  ,  0.00,  0.000,  0.00,  0.000,  0.000,  0.000,  0.000
840003218920932,  1174, 4,21:25:00,21:28:05,   185, 38.50, 37.60,HS    ,  0.90,  0.000,  0.00,  0.000,  0.000,  0.000,  0.000
840003274076135,  1033,32,21:23:35,21:28:21,   286, 69.00, 68.10,HS    ,  0.90,  0.000,  0.00,  0.000,  0.000,  0.000,  0.000
840003234513932,  1540,14,21:21:28,21:28:33,   425, 57.80, 56.30,HS    ,  1.50,  0.000,  0.00,  0.000,  0.000,  0.000,  0.000
840003234513826,  1434,14,21:28:47,21:28:51,     4, 56.10, 56.10,HS    ,  0.00,  0.000,  0.00,  0.000,  0.000,  0.000,  0.000
840003234513799,  1407,63,21:25:32,21:28:56,   204, 50.78, 49.57,TEST  ,  1.21,  0.000,  0.00,  0.000,  0.000,  0.000,  0.000
840003287324997,  1371,72,21:29:02,21:29:09,     7, 27.54, 27.63,TEST  , -0.09,  0.000,  0.00,  0.000,  0.000,  0.000,  0.000
840003234513966,  1574,58,21:25:30,21:29:30,   240, 47.92, 46.61,TEST  ,  1.31,  0.000,  0.00,  0.000,  0.000,  0.000,  0.000
840003234513826,  1434,14,21:29:08,21:29:27,    19, 56.10, 56.00,HS    ,  0.10,  0.000,  0.00,  0.000,  0.000,  0.000,  0.000
840003268256482,  9300,31,21:28:41,21:29:37,    56, 32.20, 31.90,LS    ,  0.30,  0.000,  0.00,  0.000,  0.000,  0.000,  0.000
840003234513826,  1434,14,21:29:38,21:29:54,    16, 55.80, 55.80,HS    ,  0.00,  0.000,  0.00,  0.000,  0.000,  0.000,  0.000
840003287325039,  1348,61,21:28:33,21:29:59,    86, 58.13, 57.71,TEST  ,  0.42,  0.000,  0.00,  0.000,  0.000,  0.000,  0.000
840003234513811,  1419,60,21:27:47,21:30:08,   141, 64.33, 63.22,TEST  ,  1.11,  0.000,  0.00,  0.000,  0.000,  0.000,  0.000
840003234513811,  1419,60,21:30:10,21:30:15,     5, 63.23, 63.24,TEST  , -0.01,  0.000,  0.00,  0.000,  0.000,  0.000,  0.000
840003250681791,  1776,55,21:27:50,21:30:40,   170, 37.87, 37.34,TEST  ,  0.53,  0.000,  0.00,  0.000,  0.000,  0.000,  0.000
840003234513799,  1407,59,21:29:15,21:31:00,   105, 71.12, 70.51,TEST  ,  0.61,  0.000,  0.00,  0.000,  0.000,  0.000,  0.000
840003250681791,  1776,56,21:31:27,21:32:07,    40, 49.58, 49.59,TEST  , -0.01,  0.000,  0.00,  0.000,  0.000,  0.000,  0.000
840003234513932,  1540, 9,21:29:37,21:32:53,   196, 62.20, 61.40,HS    ,  0.80,  0.000,  0.00,  0.000,  0.000,  0.000,  0.000
840003205049588,  9702, 5,21:19:58,21:33:30,   812, 47.30, 45.00,HS    ,  2.30,  0.000,  0.00,  0.000,  0.000,  0.000,  0.000
840003205049675,  9789, 4,21:28:51,21:34:09,   318, 37.60, 35.60,HS    ,  2.00,  0.000,  0.00,  0.000,  0.000,  0.000,  0.000
840003234513932,  1540,10,21:34:29,21:34:33,     4, -0.30, -0.30,LS    ,  0.00,  0.000,  0.00,  0.000,  0.000,  0.000,  0.000
840003250681791,  1776,59,21:32:14,21:35:05,   171, 70.51, 69.89,TEST  ,  0.62,  0.000,  0.00,  0.000,  0.000,  0.000,  0.000
840003250681644,  1629,13,21:26:46,21:35:24,   518, 57.10, 54.90,HS    ,  2.20,  0.000,  0.00,  0.000,  0.000,  0.000,  0.000
840003234513811,  1419,63,21:30:23,21:35:31,   308, 49.60, 47.06,TEST  ,  2.54,  0.000,  0.00,  0.000,  0.000,  0.000,  0.000
840003234513987,  1595,24,21:15:18,21:35:30,  1212, 66.80, 61.50,HS    ,  5.30,  0.000,  0.00,  0.000,  0.000,  0.000,  0.000
840003234513850,  1458,63,21:35:32,21:35:43,    11, 47.06, 47.17,TEST  , -0.11,  0.000,  0.00,  0.000,  0.000,  0.000,  0.000
840003287324997,  1371,72,21:29:10,21:35:54,   404, 27.63, 25.10,TEST  ,  2.53,  0.000,  0.00,  0.000,  0.000,  0.000,  0.000
840003287325014,  9956, 3,21:28:42,21:35:49,   427, 39.00, 36.80,LS    ,  2.20,  0.000,  0.00,  0.000,  0.000,  0.000,  0.000
840003274076119,  9867,27,21:27:16,21:36:04,   528, 52.90, 49.00,LS    ,  3.90,  0.000,  0.00,  0.000,  0.000,  0.000,  0.000
840003287325010,  9802,22,21:28:15,21:36:10,   475, 62.90, 60.30,HS    ,  2.60,  0.000,  0.00,  0.000,  0.000,  0.000,  0.000
840003274076135,  1033,29,21:28:35,21:37:15,   520, 51.10, 49.90,HS    ,  1.20,  0.000,  0.00,  0.000,  0.000,  0.000,  0.000
840003250681637,  1622,31,21:33:30,21:37:56,   266, 31.90, 30.60,LS    ,  1.30,  0.000,  0.00,  0.000,  0.000,  0.000,  0.000
840003287325014,  9956, 3,21:36:24,21:38:23,   119, 36.80, 36.20,LS    ,  0.60,  0.000,  0.00,  0.000,  0.000,  0.000,  0.000
840003234513991,  1599,19,21:29:08,21:38:35,   567, 56.00, 53.40,LS    ,  2.60,  0.000,  0.00,  0.000,  0.000,  0.000,  0.000
840003274076119,  9867,29,21:38:15,21:38:40,    25, 50.00, 48.70,HS    ,  1.30,  0.000,  0.00,  0.000,  0.000,  0.000,  0.000
840003205049588,  9702, 8,21:34:23,21:38:42,   259, 71.10, 70.20,HS    ,  0.90,  0.000,  0.00,  0.000,  0.000,  0.000,  0.000
840003287325010,  9802,23,21:36:38,21:38:52,   134, 49.80, 48.80,LS    ,  1.00,  0.000,  0.00,  0.000,  0.000,  0.000,  0.000
840003234513932,  1540, 9,21:34:40,21:38:54,   254, 61.40, 60.40,HS    ,  1.00,  0.000,  0.00,  0.000,  0.000,  0.000,  0.000
840003234513973,  1581,25,21:25:36,21:39:07,   811, 51.70, 48.70,LS    ,  3.00,  0.000,  0.00,  0.000,  0.000,  0.000,  0.000
840003234513826,  1434,12,21:32:53,21:39:15,   382, 53.00, 51.20,LS    ,  1.80,  0.000,  0.00,  0.000,  0.000,  0.000,  0.000
840003205049675,  9789,13,21:36:22,21:39:31,   189, 54.90, 53.70,HS    ,  1.20,  0.000,  0.00,  0.000,  0.000,  0.000,  0.000
840003250681644,  1629,14,21:35:31,21:39:49,   258, 55.90, 54.80,HS    ,  1.10,  0.000,  0.00,  0.000,  0.000,  0.000,  0.000
840003274076113,  9290, 2,21:39:20,21:40:08,    48, 25.20, 25.00,LS    ,  0.20,  0.000,  0.00,  0.000,  0.000,  0.000,  0.000
840003250681644,  1629,15,21:39:58,21:40:07,     9, 49.20, 49.20,LS    ,  0.00,  0.000,  0.00,  0.000,  0.000,  0.000,  0.000
840003234513826,  1434,14,21:40:06,21:40:24,    18, 54.70, 54.60,HS    ,  0.10,  0.000,  0.00,  0.000,  0.000,  0.000,  0.000
840003250681637,  1622,27,21:38:21,21:40:27,   126, 49.00, 48.50,LS    ,  0.50,  0.000,  0.00,  0.000,  0.000,  0.000,  0.000
840003205049610,  9724,16,21:31:08,21:40:36,   568, 54.20, 51.50,HS    ,  2.70,  0.000,  0.00,  0.000,  0.000,  0.000,  0.000
840003274076119,  9867,29,21:40:17,21:40:37,    20, 48.70, 48.10,HS    ,  0.60,  0.000,  0.00,  0.000,  0.000,  0.000,  0.000
840003234513991,  1599,22,21:39:52,21:40:42,    50, 60.30, 59.90,HS    ,  0.40,  0.000,  0.00,  0.000,  0.000,  0.000,  0.000
840003234513826,  1434,14,21:40:45,21:41:01,    16, 54.60, 54.50,HS    ,  0.10,  0.000,  0.00,  0.000,  0.000,  0.000,  0.000
840003250681791,  1776,59,21:35:15,21:41:15,   360, 69.90, 68.55,TEST  ,  1.35,  0.000,  0.00,  0.000,  0.000,  0.000,  0.000
840003250681644,  1629,18,21:40:24,21:41:14,    50, 61.80, 61.60,LS    ,  0.20,  0.000,  0.00,  0.000,  0.000,  0.000,  0.000
840003234513991,  1599,22,21:41:11,21:41:27,    16, 59.90, 59.70,HS    ,  0.20,  0.000,  0.00,  0.000,  0.000,  0.000,  0.000
840003205049675,  9789,21,21:40:50,21:41:35,    45, 60.10, 59.90,HS    ,  0.20,  0.000,  0.00,  0.000,  0.000,  0.000,  0.000
840003250681791,  1776,61,21:41:36,21:41:41,     5, 57.43, 57.46,TEST  , -0.03,  0.000,  0.00,  0.000,  0.000,  0.000,  0.000
840003234513826,  1434,14,21:41:11,21:41:45,    34, 54.40, 54.30,HS    ,  0.10,  0.000,  0.00,  0.000,  0.000,  0.000,  0.000
840003234513991,  1599,22,21:41:44,21:42:20,    36, 59.70, 59.20,HS    ,  0.50,  0.000,  0.00,  0.000,  0.000,  0.000,  0.000
840003287325014,  9956,11,21:39:13,21:42:36,   203, 68.60, 67.00,LS    ,  1.60,  0.000,  0.00,  0.000,  0.000,  0.000,  0.000
840003234513799,  1407,62,21:31:28,21:42:42,   674, 42.38, 38.82,TEST  ,  3.56,  0.000,  0.00,  0.000,  0.000,  0.000,  0.000
840003234513991,  1599,22,21:42:49,21:43:04,    15, 59.20, 59.00,HS    ,  0.20,  0.000,  0.00,  0.000,  0.000,  0.000,  0.000
840003287325010,  9802,29,21:40:50,21:43:09,   139, 48.10, 48.20,HS    , -0.10,  0.000,  0.00,  0.000,  0.000,  0.000,  0.000
840003287324997,  1371,76,21:35:59,21:43:14,   435, 33.15, 30.40,TEST  ,  2.75,  0.000,  0.00,  0.000,  0.000,  0.000,  0.000
840003234513833,  1441,78,21:36:58,21:43:23,   385, 44.85, 42.75,TEST  ,  2.10,  0.000,  0.00,  0.000,  0.000,  0.000,  0.000
840003234513991,  1599,22,21:43:34,21:43:44,    10, 59.00, 58.80,HS    ,  0.20,  0.000,  0.00,  0.000,  0.000,  0.000,  0.000
840003234513973,  1581,27,21:41:37,21:43:50,   133, 48.50, 47.80,LS    ,  0.70,  0.000,  0.00,  0.000,  0.000,  0.000,  0.000
840003234513850,  1458,63,21:36:16,21:44:13,   477, 46.82, 44.39,TEST  ,  2.43,  0.000,  0.00,  0.000,  0.000,  0.000,  0.000
840003218920826,  1068,66,21:30:20,21:44:16,   836, 25.81, 21.28,TEST  ,  4.53,  0.000,  0.00,  0.000,  0.000,  0.000,  0.000
840003234513932,  1540,12,21:43:55,21:44:12,    17, 51.30, 51.30,LS    ,  0.00,  0.000,  0.00,  0.000,  0.000,  0.000,  0.000
840003218920826,  1068,66,21:44:17,21:44:23,     6, 21.28, 21.28,TEST  ,  0.00,  0.000,  0.00,  0.000,  0.000,  0.000,  0.000
840003234513991,  1599,22,21:44:16,21:44:33,    17, 58.80, 58.70,HS    ,  0.10,  0.000,  0.00,  0.000,  0.000,  0.000,  0.000
840003287325039,  1348,64,21:30:18,21:44:42,   864, 53.39, 48.37,TEST  ,  5.02,  0.000,  0.00,  0.000,  0.000,  0.000,  0.000
840003234513826,  1434, 2,21:43:09,21:44:53,   104, 25.00, 24.60,LS    ,  0.40,  0.000,  0.00,  0.000,  0.000,  0.000,  0.000
840003287324997,  1371,78,21:43:23,21:45:13,   110, 42.75, 42.12,TEST  ,  0.63,  0.000,  0.00,  0.000,  0.000,  0.000,  0.000
840003234513991,  1599,22,21:45:06,21:45:22,    16, 58.70, 58.40,HS    ,  0.30,  0.000,  0.00,  0.000,  0.000,  0.000,  0.000
840003287325010,  9802,27,21:44:04,21:45:30,    86, 47.60, 47.20,LS    ,  0.40,  0.000,  0.00,  0.000,  0.000,  0.000,  0.000
840003211747935,  9906,19,21:42:40,21:45:41,   181, 53.40, 52.50,LS    ,  0.90,  0.000,  0.00,  0.000,  0.000,  0.000,  0.000
840003274076113,  9290, 3,21:41:27,21:45:52,   265, 36.20, 35.10,LS    ,  1.10,  0.000,  0.00,  0.000,  0.000,  0.000,  0.000
840003234513991,  1599,22,21:45:51,21:46:04,    13, 58.40, 58.20,HS    ,  0.20,  0.000,  0.00,  0.000,  0.000,  0.000,  0.000
840003234513850,  1458,63,21:45:49,21:46:25,    36, 44.41, 44.23,TEST  ,  0.18,  0.000,  0.00,  0.000,  0.000,  0.000,  0.000
840003234513828,  1436,76,21:43:16,21:46:30,   194, 30.41, 28.80,TEST  ,  1.61,  0.000,  0.00,  0.000,  0.000,  0.000,  0.000
840003234513991,  1599,22,21:46:36,21:46:46,    10, 58.20, 58.10,HS    ,  0.10,  0.000,  0.00,  0.000,  0.000,  0.000,  0.000
840003250681644,  1629,21,21:41:44,21:47:33,   349, 59.90, 58.30,HS    ,  1.60,  0.000,  0.00,  0.000,  0.000,  0.000,  0.000
840003250681637,  1622,23,21:40:48,21:48:09,   441, 48.80, 46.50,LS    ,  2.30,  0.000,  0.00,  0.000,  0.000,  0.000,  0.000
840003250681674,  1659,30,21:45:11,21:48:18,   187, 50.30, 49.70,HS    ,  0.60,  0.000,  0.00,  0.000,  0.000,  0.000,  0.000
840003250681644,  1629,20,21:48:09,21:48:26,    17, 27.00, 27.10,LS    , -0.10,  0.000,  0.00,  0.000,  0.000,  0.000,  0.000
840003205049675,  9789,24,21:42:11,21:48:54,   403, 61.50, 58.80,HS    ,  2.70,  0.000,  0.00,  0.000,  0.000,  0.000,  0.000
840003287325010,  9802,29,21:45:54,21:48:56,   182, 47.70, 47.30,HS    ,  0.40,  0.000,  0.00,  0.000,  0.000,  0.000,  0.000
840003234513826,  1434, 3,21:46:04,21:50:06,   242, 35.10, 34.10,LS    ,  1.00,  0.000,  0.00,  0.000,  0.000,  0.000,  0.000
840003234513850,  1458,64,21:46:29,21:50:30,   241, 48.38, 47.13,TEST  ,  1.25,  0.000,  0.00,  0.000,  0.000,  0.000,  0.000
840003234513828,  1436,78,21:46:49,21:50:39,   230, 42.13, 40.28,TEST  ,  1.85,  0.000,  0.00,  0.000,  0.000,  0.000,  0.000
840003234513850,  1458,65,21:50:36,21:50:42,     6, 33.95, 34.03,TEST  , -0.08,  0.000,  0.00,  0.000,  0.000,  0.000,  0.000
840003234513826,  1434, 5,21:50:20,21:50:40,    20, 45.00, 44.80,HS    ,  0.20,  0.000,  0.00,  0.000,  0.000,  0.000,  0.000
840003234513833,  1441,79,21:43:33,21:51:26,   473, 33.01, 30.38,TEST  ,  2.63,  0.000,  0.00,  0.000,  0.000,  0.000,  0.000
840003234513826,  1434, 5,21:51:09,21:51:24,    15, 44.80, 44.60,HS    ,  0.20,  0.000,  0.00,  0.000,  0.000,  0.000,  0.000
840003250681674,  1659,26,21:51:32,21:51:49,    17, 37.00, 37.10,HS    , -0.10,  0.000,  0.00,  0.000,  0.000,  0.000,  0.000
840003234513826,  1434, 5,21:51:49,21:52:01,    12, 44.60, 44.50,HS    ,  0.10,  0.000,  0.00,  0.000,  0.000,  0.000,  0.000
840003287324983,  9870,31,21:47:41,21:52:36,   295, 30.50, 29.20,LS    ,  1.30,  0.000,  0.00,  0.000,  0.000,  0.000,  0.000
840003234513828,  1436,79,21:52:05,21:52:42,    37, 30.37, 29.94,TEST  ,  0.43,  0.000,  0.00,  0.000,  0.000,  0.000,  0.000
840003250681644,  1629,21,21:49:02,21:52:49,   227, 58.30, 57.40,HS    ,  0.90,  0.000,  0.00,  0.000,  0.000,  0.000,  0.000
840003250681674,  1659,29,21:52:25,21:52:54,    29, 47.40, 47.40,HS    ,  0.00,  0.000,  0.00,  0.000,  0.000,  0.000,  0.000
840003274076113,  9290, 6,21:46:07,21:52:55,   408, 56.20, 54.40,LS    ,  1.80,  0.000,  0.00,  0.000,  0.000,  0.000,  0.000
840003234513811,  1419,80,21:43:25,21:53:18,   593, 24.05, 20.30,TEST  ,  3.75,  0.000,  0.00,  0.000,  0.000,  0.000,  0.000
840003234513850,  1458,65,21:51:09,21:53:18,   129, 33.77, 33.22,TEST  ,  0.55,  0.000,  0.00,  0.000,  0.000,  0.000,  0.000
840003234513811,  1419,80,21:53:18,21:53:25,     7, 20.31, 20.31,TEST  ,  0.00,  0.000,  0.00,  0.000,  0.000,  0.000,  0.000
840003250681644,  1629,20,21:52:55,21:53:23,    28, 27.10, 27.30,LS    , -0.20,  0.000,  0.00,  0.000,  0.000,  0.000,  0.000
840003234513991,  1599,18,21:48:11,21:53:36,   325, 61.60, 59.90,LS    ,  1.70,  0.000,  0.00,  0.000,  0.000,  0.000,  0.000
840003268256514,  9411,69,21:52:05,21:53:45,   100, 14.29, 13.76,TEST  ,  0.53,  0.000,  0.00,  0.000,  0.000,  0.000,  0.000
840003234513828,  1436,76,21:53:18,21:53:48,    30, 28.80, 28.49,TEST  ,  0.31,  0.000,  0.00,  0.000,  0.000,  0.000,  0.000
840003234513850,  1458,69,21:53:46,21:53:52,     6, 13.77, 13.80,TEST  , -0.03,  0.000,  0.00,  0.000,  0.000,  0.000,  0.000
840003287325013,  9824,17,21:37:31,21:53:57,   986, 42.20, 36.70,HS    ,  5.50,  0.000,  0.00,  0.000,  0.000,  0.000,  0.000
840003205049675,  9789,22,21:50:14,21:54:14,   240, 58.10, 56.70,HS    ,  1.40,  0.000,  0.00,  0.000,  0.000,  0.000,  0.000
840003287324997,  1371,81,21:50:12,21:54:29,   257, 13.26, 12.10,TEST  ,  1.16,  0.000,  0.00,  0.000,  0.000,  0.000,  0.000
840003205049675,  9789,23,21:54:37,21:54:52,    15, 46.50, 46.50,LS    ,  0.00,  0.000,  0.00,  0.000,  0.000,  0.000,  0.000
840003234513991,  1599,22,21:54:25,21:55:02,    37, 56.80, 56.40,HS    ,  0.40,  0.000,  0.00,  0.000,  0.000,  0.000,  0.000
840003205049675,  9789,25,21:55:09,21:55:27,    18, 48.70, 48.70,LS    ,  0.00,  0.000,  0.00,  0.000,  0.000,  0.000,  0.000
840003234513932,  1540,14,21:45:05,21:55:31,   626, 54.30, 52.30,HS    ,  2.00,  0.000,  0.00,  0.000,  0.000,  0.000,  0.000
840003234513826,  1434, 6,21:53:10,21:55:31,   141, 54.40, 53.90,LS    ,  0.50,  0.000,  0.00,  0.000,  0.000,  0.000,  0.000
840003274076113,  9290,11,21:54:34,21:55:38,    64, 67.00, 66.70,LS    ,  0.30,  0.000,  0.00,  0.000,  0.000,  0.000,  0.000
840003211747935,  9906,15,21:47:53,21:55:37,   464, 49.20, 46.50,LS    ,  2.70,  0.000,  0.00,  0.000,  0.000,  0.000,  0.000
840003234513850,  1458,69,21:54:14,21:55:47,    93, 13.58, 13.27,TEST  ,  0.31,  0.000,  0.00,  0.000,  0.000,  0.000,  0.000
840003234513991,  1599,22,21:55:38,21:55:54,    16, 56.40, 56.10,HS    ,  0.30,  0.000,  0.00,  0.000,  0.000,  0.000,  0.000
840003234513932,  1540,12,21:55:42,21:55:56,    14, 50.80, 50.90,LS    , -0.10,  0.000,  0.00,  0.000,  0.000,  0.000,  0.000
840003287325014,  9956, 7,21:43:06,21:55:57,   771, 61.90, 58.00,LS    ,  3.90,  0.000,  0.00,  0.000,  0.000,  0.000,  0.000
840003274076113,  9290,11,21:55:48,21:56:06,    18, 66.70, 66.60,LS    ,  0.10,  0.000,  0.00,  0.000,  0.000,  0.000,  0.000
840003250681674,  1659,24,21:53:09,21:56:35,   206, 58.80, 58.10,HS    ,  0.70,  0.000,  0.00,  0.000,  0.000,  0.000,  0.000
840003234513850,  1458,72,21:56:36,21:56:42,     6, 25.09, 25.08,TEST  ,  0.01,  0.000,  0.00,  0.000,  0.000,  0.000,  0.000
840003234513991,  1599,22,21:56:33,21:56:46,    13, 56.10, 55.80,HS    ,  0.30,  0.000,  0.00,  0.000,  0.000,  0.000,  0.000
840003268256514,  9411,74,21:54:12,21:57:04,   172, 13.88, 13.29,TEST  ,  0.59,  0.000,  0.00,  0.000,  0.000,  0.000,  0.000
840003234513991,  1599,22,21:57:19,21:57:36,    17, 55.80, 55.70,HS    ,  0.10,  0.000,  0.00,  0.000,  0.000,  0.000,  0.000
840003287324983,  9870,28,21:53:04,21:57:59,   295, 25.70, 24.40,LS    ,  1.30,  0.000,  0.00,  0.000,  0.000,  0.000,  0.000
840003287324997,  1371,79,21:54:33,21:58:12,   219, 29.96, 28.89,TEST  ,  1.07,  0.000,  0.00,  0.000,  0.000,  0.000,  0.000
840003234513828,  1436,76,21:53:53,21:58:20,   267, 28.49, 26.54,TEST  ,  1.95,  0.000,  0.00,  0.000,  0.000,  0.000,  0.000
840003234513850,  1458,73,21:56:41,21:58:22,   101,  9.20,  8.82,TEST  ,  0.38,  0.000,  0.00,  0.000,  0.000,  0.000,  0.000
840003234513991,  1599,22,21:58:15,21:58:24,     9, 55.70, 55.50,HS    ,  0.20,  0.000,  0.00,  0.000,  0.000,  0.000,  0.000
840003234513811,  1419,77,21:53:47,21:58:31,   284, 42.15, 40.46,TEST  ,  1.69,  0.000,  0.00,  0.000,  0.000,  0.000,  0.000
840003234513811,  1419,77,21:58:31,21:58:41,    10, 40.46, 40.46,TEST  ,  0.00,  0.000,  0.00,  0.000,  0.000,  0.000,  0.000
840003234513991,  1599,22,21:58:56,21:59:05,     9, 55.50, 55.30,HS    ,  0.20,  0.000,  0.00,  0.000,  0.000,  0.000,  0.000
840003287325039,  1348,60,21:45:09,21:59:46,   877, 63.21, 58.93,TEST  ,  4.28,  0.000,  0.00,  0.000,  0.000,  0.000,  0.000
840003250681674,  1659,21,21:57:15,22:00:01,   166, 57.40, 56.90,HS    ,  0.50,  0.000,  0.00,  0.000,  0.000,  0.000,  0.000
840003287324983,  9870,27,21:58:08,22:00:23,   135, 47.20, 46.60,LS    ,  0.60,  0.000,  0.00,  0.000,  0.000,  0.000,  0.000
840003205049675,  9789,26,21:55:36,22:00:25,   289, 37.10, 35.40,HS    ,  1.70,  0.000,  0.00,  0.000,  0.000,  0.000,  0.000
840003287324983,  9870,26,22:00:39,22:01:26,    47, 35.00, 35.20,HS    , -0.20,  0.000,  0.00,  0.000,  0.000,  0.000,  0.000
840003211747935,  9906,25,22:00:55,22:01:56,    61, 48.70, 48.30,LS    ,  0.40,  0.000,  0.00,  0.000,  0.000,  0.000,  0.000
840003287324983,  9870,26,22:01:38,22:01:57,    19, 35.20, 35.20,HS    ,  0.00,  0.000,  0.00,  0.000,  0.000,  0.000,  0.000
840003250681674,  1659,22,22:00:17,22:02:10,   113, 55.30, 55.20,HS    ,  0.10,  0.000,  0.00,  0.000,  0.000,  0.000,  0.000
840003250681674,  1659,13,22:02:43,22:02:48,     5, 53.70, 53.70,HS    ,  0.00,  0.000,  0.00,  0.000,  0.000,  0.000,  0.000
840003274076113,  9290,11,21:56:21,22:02:51,   390, 66.60, 65.10,LS    ,  1.50,  0.000,  0.00,  0.000,  0.000,  0.000,  0.000
840003287324997,  1371,69,22:00:18,22:03:13,   175, 13.27, 12.53,TEST  ,  0.74,  0.000,  0.00,  0.000,  0.000,  0.000,  0.000
840003287324997,  1371,69,22:03:14,22:03:20,     6, 12.53, 12.53,TEST  ,  0.00,  0.000,  0.00,  0.000,  0.000,  0.000,  0.000
840003268256514,  9411,64,22:00:26,22:03:32,   186, 47.11, 45.99,TEST  ,  1.12,  0.000,  0.00,  0.000,  0.000,  0.000,  0.000
840003268256516,  9779,25,22:03:01,22:03:28,    27, 48.30, 48.30,LS    ,  0.00,  0.000,  0.00,  0.000,  0.000,  0.000,  0.000
840003287324983,  9870,28,22:02:04,22:03:47,   103, 24.40, 23.90,LS    ,  0.50,  0.000,  0.00,  0.000,  0.000,  0.000,  0.000
840003250681644,  1629,17,21:54:07,22:04:17,   610, 36.70, 34.00,HS    ,  2.70,  0.000,  0.00,  0.000,  0.000,  0.000,  0.000
840003234513991,  1599,19,22:00:20,22:04:40,   260, 52.50, 51.40,LS    ,  1.10,  0.000,  0.00,  0.000,  0.000,  0.000,  0.000
840003250681644,  1629,18,22:04:25,22:05:14,    49, 59.90, 59.80,LS    ,  0.10,  0.000,  0.00,  0.000,  0.000,  0.000,  0.000
840003268256516,  9779,24,22:03:33,22:05:34,   121, 58.10, 57.20,HS    ,  0.90,  0.000,  0.00,  0.000,  0.000,  0.000,  0.000
840003287324997,  1371,64,22:03:33,22:05:52,   139, 45.99, 45.09,TEST  ,  0.90,  0.000,  0.00,  0.000,  0.000,  0.000,  0.000
840003211747927,  9898,66,22:05:46,22:06:02,    16, 21.28, 21.27,TEST  ,  0.01,  0.000,  0.00,  0.000,  0.000,  0.000,  0.000
840003287324997,  1371,64,22:05:53,22:06:03,    10, 45.09, 45.08,TEST  ,  0.01,  0.000,  0.00,  0.000,  0.000,  0.000,  0.000
840003268256514,  9411,62,22:03:52,22:06:10,   138, 38.81, 37.91,TEST  ,  0.90,  0.000,  0.00,  0.000,  0.000,  0.000,  0.000
840003205049605,  9719,61,21:52:26,22:06:10,   824, 57.81, 50.46,TEST  ,  7.35,  0.000,  0.00,  0.000,  0.000,  0.000,  0.000
840003234513991,  1599,25,22:06:01,22:06:22,    21, 48.30, 48.30,LS    ,  0.00,  0.000,  0.00,  0.000,  0.000,  0.000,  0.000
840003218920939,  1181, 2,22:01:53,22:06:21,   268, 24.60, 23.70,LS    ,  0.90,  0.000,  0.00,  0.000,  0.000,  0.000,  0.000
840003250681673,  1658, 1,21:54:22,22:06:23,   721, 43.40, 40.10,HS    ,  3.30,  0.000,  0.00,  0.000,  0.000,  0.000,  0.000
840003287325013,  9824,16,21:54:05,22:06:29,   744, 51.50, 47.70,HS    ,  3.80,  0.000,  0.00,  0.000,  0.000,  0.000,  0.000
840003218920939,  1181, 1,22:06:36,22:06:42,     6, 40.10, 40.00,HS    ,  0.10,  0.000,  0.00,  0.000,  0.000,  0.000,  0.000
840003211747927,  9898,65,22:06:09,22:07:01,    52, 33.22, 32.92,TEST  ,  0.30,  0.000,  0.00,  0.000,  0.000,  0.000,  0.000
840003287324997,  1371,62,22:06:14,22:07:23,    69, 37.91, 37.48,TEST  ,  0.43,  0.000,  0.00,  0.000,  0.000,  0.000,  0.000
840003287324983,  9870,26,22:07:13,22:07:32,    19, 35.20, 35.20,HS    ,  0.00,  0.000,  0.00,  0.000,  0.000,  0.000,  0.000
840003234513991,  1599,22,22:07:16,22:07:40,    24, 55.20, 54.90,HS    ,  0.30,  0.000,  0.00,  0.000,  0.000,  0.000,  0.000
840003268256516,  9779,20,22:06:22,22:07:42,    80, 27.20, 27.30,LS    , -0.10,  0.000,  0.00,  0.000,  0.000,  0.000,  0.000
840003287324990,  9827,15,21:55:48,22:07:53,   725, 46.50, 40.60,LS    ,  5.90,  0.000,  0.00,  0.000,  0.000,  0.000,  0.000
840003268256514,  9411,62,22:08:04,22:08:34,    30, 37.49, 37.30,TEST  ,  0.19,  0.000,  0.00,  0.000,  0.000,  0.000,  0.000
840003234513991,  1599,22,22:08:29,22:08:52,    23, 54.80, 54.60,HS    ,  0.20,  0.000,  0.00,  0.000,  0.000,  0.000,  0.000
840003250681637,  1622, 3,21:50:16,22:08:57,  1121, 34.10, 29.50,LS    ,  4.60,  0.000,  0.00,  0.000,  0.000,  0.000,  0.000
840003218920939,  1181, 2,22:06:47,22:09:07,   140, 23.70, 23.30,LS    ,  0.40,  0.000,  0.00,  0.000,  0.000,  0.000,  0.000
840003234513991,  1599,22,22:09:20,22:09:44,    24, 54.60, 54.30,HS    ,  0.30,  0.000,  0.00,  0.000,  0.000,  0.000,  0.000
840003234513811,  1419,83,22:08:46,22:10:09,    83,  0.14,  0.00,TEST  ,  0.14,  0.000,  0.00,  0.000,  0.000,  0.000,  0.000
840003287325014,  9956, 7,22:05:23,22:10:15,   292, 58.10, 56.60,LS    ,  1.50,  0.000,  0.00,  0.000,  0.000,  0.000,  0.000
840003234513811,  1419,83,22:10:09,22:10:41,    32,  0.00,  0.01,TEST  , -0.01,  0.000,  0.00,  0.000,  0.000,  0.000,  0.000
840003250681674,  1659, 5,22:04:51,22:10:45,   354, 44.50, 43.20,HS    ,  1.30,  0.000,  0.00,  0.000,  0.000,  0.000,  0.000
840003234513833,  1441,54,22:00:51,22:11:00,   609, 26.13, 23.31,TEST  ,  2.82,  0.000,  0.00,  0.000,  0.000,  0.000,  0.000
840003234513991,  1599,22,22:10:27,22:11:35,    68, 54.30, 53.90,HS    ,  0.40,  0.000,  0.00,  0.000,  0.000,  0.000,  0.000
840003211747935,  9906,27,22:02:24,22:12:19,   595, 46.50, 43.60,LS    ,  2.90,  0.000,  0.00,  0.000,  0.000,  0.000,  0.000
840003250681791,  1776,83,22:12:12,22:12:31,    19,  0.02,  0.01,TEST  ,  0.01,  0.000,  0.00,  0.000,  0.000,  0.000,  0.000
840003250681673,  1658, 4,22:07:38,22:12:37,   299, 35.60, 34.20,HS    ,  1.40,  0.000,  0.00,  0.000,  0.000,  0.000,  0.000
840003218920939,  1181, 3,22:09:25,22:12:40,   195, 29.50, 29.00,LS    ,  0.50,  0.000,  0.00,  0.000,  0.000,  0.000,  0.000
840003250681791,  1776,80,22:12:43,22:12:57,    14, 20.30, 20.32,TEST  , -0.02,  0.000,  0.00,  0.000,  0.000,  0.000,  0.000
840003218921056,  1298,81,22:05:14,22:13:02,   468, 12.11,  9.04,TEST  ,  3.07,  0.000,  0.00,  0.000,  0.000,  0.000,  0.000
840003268256516,  9779,16,22:08:02,22:14:31,   389, 47.70, 46.00,HS    ,  1.70,  0.000,  0.00,  0.000,  0.000,  0.000,  0.000
840003250681637,  1622,18,22:11:52,22:14:33,   161, 59.80, 59.20,LS    ,  0.60,  0.000,  0.00,  0.000,  0.000,  0.000,  0.000
840003250681791,  1776,83,22:13:25,22:14:40,    75,  0.00,  0.02,TEST  , -0.02,  0.000,  0.00,  0.000,  0.000,  0.000,  0.000
840003287324990,  9827,15,22:08:06,22:15:27,   441, 40.60, 37.80,LS    ,  2.80,  0.000,  0.00,  0.000,  0.000,  0.000,  0.000
840003268256516,  9779,15,22:15:36,22:15:45,     9, 37.80, 37.80,LS    ,  0.00,  0.000,  0.00,  0.000,  0.000,  0.000,  0.000
840003234513826,  1434,12,22:14:28,22:15:59,    91, 50.70, 50.40,LS    ,  0.30,  0.000,  0.00,  0.000,  0.000,  0.000,  0.000
840003218920767,  1009,66,22:15:37,22:16:16,    39, 21.27, 21.07,TEST  ,  0.20,  0.000,  0.00,  0.000,  0.000,  0.000,  0.000
840003234513826,  1434,11,22:16:04,22:16:12,     8, 65.10, 65.10,LS    ,  0.00,  0.000,  0.00,  0.000,  0.000,  0.000,  0.000
840003211747927,  9898,65,22:07:09,22:16:25,   556, 32.92, 29.20,TEST  ,  3.72,  0.000,  0.00,  0.000,  0.000,  0.000,  0.000
840003234513826,  1434,10,22:16:19,22:16:25,     6, -0.40, -0.40,LS    ,  0.00,  0.000,  0.00,  0.000,  0.000,  0.000,  0.000
840003211747927,  9898,65,22:16:26,22:16:55,    29, 29.20, 29.10,TEST  ,  0.10,  0.000,  0.00,  0.000,  0.000,  0.000,  0.000
840003218920939,  1181, 6,22:12:59,22:16:54,   235, 53.80, 52.90,LS    ,  0.90,  0.000,  0.00,  0.000,  0.000,  0.000,  0.000
840003234513811,  1419,82,22:12:15,22:17:01,   286,  0.85,  0.17,TEST  ,  0.68,  0.000,  0.00,  0.000,  0.000,  0.000,  0.000
840003218920767,  1009,64,22:16:21,22:17:11,    50, 45.09, 44.81,TEST  ,  0.28,  0.000,  0.00,  0.000,  0.000,  0.000,  0.000
840003287324997,  1371,63,22:07:26,22:17:38,   612, 44.20, 40.65,TEST  ,  3.55,  0.000,  0.00,  0.000,  0.000,  0.000,  0.000
840003234513811,  1419,82,22:17:04,22:17:38,    34,  0.16,  0.17,TEST  , -0.01,  0.000,  0.00,  0.000,  0.000,  0.000,  0.000
840003218920939,  1181, 5,22:17:28,22:17:33,     5, 43.20, 43.20,HS    ,  0.00,  0.000,  0.00,  0.000,  0.000,  0.000,  0.000
840003268256516,  9779,12,22:16:10,22:17:38,    88, 49.60, 49.50,LS    ,  0.10,  0.000,  0.00,  0.000,  0.000,  0.000,  0.000
840003234513826,  1434, 8,22:16:43,22:17:46,    63, 70.10, 69.80,HS    ,  0.30,  0.000,  0.00,  0.000,  0.000,  0.000,  0.000
840003218921056,  1298,81,22:13:08,22:18:05,   297,  9.06,  7.47,TEST  ,  1.59,  0.000,  0.00,  0.000,  0.000,  0.000,  0.000
840003268256516,  9779,13,22:17:46,22:18:18,    32, 53.70, 53.70,HS    ,  0.00,  0.000,  0.00,  0.000,  0.000,  0.000,  0.000
840003287324983,  9870,31,22:08:03,22:18:32,   629, 29.10, 26.10,LS    ,  3.00,  0.000,  0.00,  0.000,  0.000,  0.000,  0.000
840003268256516,  9779,12,22:18:37,22:19:45,    68, 49.70, 48.80,LS    ,  0.90,  0.000,  0.00,  0.000,  0.000,  0.000,  0.000
840003274076178,  9425,60,22:10:31,22:19:50,   559, 58.90, 54.37,TEST  ,  4.53,  0.000,  0.00,  0.000,  0.000,  0.000,  0.000
840003211747927,  9898,62,22:17:06,22:20:05,   179, 37.31, 35.95,TEST  ,  1.36,  0.000,  0.00,  0.000,  0.000,  0.000,  0.000
840003234513826,  1434,16,22:20:08,22:20:12,     4, 46.00, 46.00,HS    ,  0.00,  0.000,  0.00,  0.000,  0.000,  0.000,  0.000
840003234513966,  1574,57,21:20:56,22:20:26,  3570, 53.28, 51.77,TEST  ,  1.51,  0.000,  0.00,  0.000,  0.000,  0.000,  0.000
840003268256514,  9411,61,22:08:35,22:20:26,   711, 50.54, 45.82,TEST  ,  4.72,  0.000,  0.00,  0.000,  0.000,  0.000,  0.000
840003250681644,  1629,21,22:05:43,22:20:27,   884, 56.90, 53.30,HS    ,  3.60,  0.000,  0.00,  0.000,  0.000,  0.000,  0.000
840003218920920,  1162, 2,22:15:53,22:20:40,   287, 23.20, 22.10,LS    ,  1.10,  0.000,  0.00,  0.000,  0.000,  0.000,  0.000
840003211747927,  9898,61,22:20:32,22:21:14,    42, 45.84, 45.53,TEST  ,  0.31,  0.000,  0.00,  0.000,  0.000,  0.000,  0.000
840003250681674,  1659,14,22:12:54,22:21:14,   500, 52.30, 50.40,HS    ,  1.90,  0.000,  0.00,  0.000,  0.000,  0.000,  0.000
840003234513826,  1434,22,22:21:00,22:21:14,    14, 53.90, 53.60,HS    ,  0.30,  0.000,  0.00,  0.000,  0.000,  0.000,  0.000
840003218920901,  1143,18,22:14:43,22:21:23,   400, 59.20, 56.60,LS    ,  2.60,  0.000,  0.00,  0.000,  0.000,  0.000,  0.000
840003211747935,  9906,25,22:12:54,22:21:35,   521, 48.30, 45.70,LS    ,  2.60,  0.000,  0.00,  0.000,  0.000,  0.000,  0.000
840003287324997,  1371,62,22:20:35,22:21:41,    66, 35.97, 35.53,TEST  ,  0.44,  0.000,  0.00,  0.000,  0.000,  0.000,  0.000
840003250681791,  1776,63,22:17:38,22:21:51,   253, 40.65, 39.71,TEST  ,  0.94,  0.000,  0.00,  0.000,  0.000,  0.000,  0.000
840003274076178,  9425,57,22:20:27,22:21:53,    86, 51.77, 51.28,TEST  ,  0.49,  0.000,  0.00,  0.000,  0.000,  0.000,  0.000
840003234513826,  1434,22,22:21:35,22:21:49,    14, 53.60, 53.40,HS    ,  0.20,  0.000,  0.00,  0.000,  0.000,  0.000,  0.000
840003218920767,  1009,64,22:17:44,22:21:57,   253, 44.82, 43.56,TEST  ,  1.26,  0.000,  0.00,  0.000,  0.000,  0.000,  0.000
840003287324997,  1371,59,22:21:48,22:22:12,    24, 68.54, 68.23,TEST  ,  0.31,  0.000,  0.00,  0.000,  0.000,  0.000,  0.000
840003250681674,  1659,13,22:21:58,22:22:08,    10, 53.70, 53.70,HS    ,  0.00,  0.000,  0.00,  0.000,  0.000,  0.000,  0.000
840003268256516,  9779, 9,22:20:19,22:22:18,   119, 60.40, 60.30,HS    ,  0.10,  0.000,  0.00,  0.000,  0.000,  0.000,  0.000
840003287324983,  9870,27,22:19:20,22:22:24,   184, 43.40, 42.90,LS    ,  0.50,  0.000,  0.00,  0.000,  0.000,  0.000,  0.000
840003268256516,  9779, 8,22:22:40,22:22:45,     5, 69.80, 69.80,HS    ,  0.00,  0.000,  0.00,  0.000,  0.000,  0.000,  0.000
840003218920920,  1162, 7,22:22:13,22:22:51,    38, 56.60, 56.40,LS    ,  0.20,  0.000,  0.00,  0.000,  0.000,  0.000,  0.000
840003250681640,  1625,30,22:00:25,22:22:53,  1348, 49.70, 43.80,HS    ,  5.90,  0.000,  0.00,  0.000,  0.000,  0.000,  0.000
840003250681637,  1622,19,22:16:45,22:22:55,   370, 51.40, 49.80,LS    ,  1.60,  0.000,  0.00,  0.000,  0.000,  0.000,  0.000
840003234513826,  1434,20,22:22:32,22:23:48,    76, 27.20, 27.70,LS    , -0.50,  0.000,  0.00,  0.000,  0.000,  0.000,  0.000
840003234513826,  1434,22,22:24:05,22:24:31,    26, 53.40, 53.20,HS    ,  0.20,  0.000,  0.00,  0.000,  0.000,  0.000,  0.000
840003250681674,  1659,14,22:22:13,22:24:48,   155, 50.40, 49.80,HS    ,  0.60,  0.000,  0.00,  0.000,  0.000,  0.000,  0.000
840003250681674,  1659,13,22:24:55,22:25:04,     9, 53.70, 53.70,HS    ,  0.00,  0.000,  0.00,  0.000,  0.000,  0.000,  0.000
840003205049605,  9719,79,22:19:26,22:25:08,   342, 28.92, 26.48,TEST  ,  2.44,  0.000,  0.00,  0.000,  0.000,  0.000,  0.000
840003234513826,  1434,26,22:24:47,22:25:10,    23, 35.20, 35.10,HS    ,  0.10,  0.000,  0.00,  0.000,  0.000,  0.000,  0.000
840003287324983,  9870,28,22:22:56,22:25:16,   140, 23.80, 23.20,LS    ,  0.60,  0.000,  0.00,  0.000,  0.000,  0.000,  0.000
840003268256516,  9779, 7,22:23:11,22:25:26,   135, 56.80, 55.20,LS    ,  1.60,  0.000,  0.00,  0.000,  0.000,  0.000,  0.000
840003218921056,  1298,80,22:18:22,22:25:44,   442, 20.30, 17.12,TEST  ,  3.18,  0.000,  0.00,  0.000,  0.000,  0.000,  0.000
840003250681791,  1776,59,22:22:14,22:26:13,   239, 68.22, 67.39,TEST  ,  0.83,  0.000,  0.00,  0.000,  0.000,  0.000,  0.000
840003218920939,  1181, 6,22:17:41,22:26:08,   507, 52.90, 50.40,LS    ,  2.50,  0.000,  0.00,  0.000,  0.000,  0.000,  0.000
840003287324997,  1371,58,22:22:11,22:26:20,   249, 46.60, 45.32,TEST  ,  1.28,  0.000,  0.00,  0.000,  0.000,  0.000,  0.000
840003268256516,  9779, 7,22:25:52,22:26:29,    37, 55.30, 54.90,LS    ,  0.40,  0.000,  0.00,  0.000,  0.000,  0.000,  0.000
840003234513826,  1434,28,22:25:27,22:27:07,   100, 23.30, 22.70,LS    ,  0.60,  0.000,  0.00,  0.000,  0.000,  0.000,  0.000
840003250681644,  1629,14,22:24:57,22:28:45,   228, 49.80, 49.10,HS    ,  0.70,  0.000,  0.00,  0.000,  0.000,  0.000,  0.000
840003250681791,  1776,56,22:26:42,22:29:01,   139, 49.58, 49.04,TEST  ,  0.54,  0.000,  0.00,  0.000,  0.000,  0.000,  0.000
840003218921056,  1298,79,22:26:28,22:29:27,   179, 26.51, 25.35,TEST  ,  1.16,  0.000,  0.00,  0.000,  0.000,  0.000,  0.000
840003287324983,  9870,31,22:25:30,22:29:38,   248, 26.10, 25.00,LS    ,  1.10,  0.000,  0.00,  0.000,  0.000,  0.000,  0.000
840003287324973,  9890, 4,22:26:57,22:29:45,   168, 34.20, 33.60,HS    ,  0.60,  0.000,  0.00,  0.000,  0.000,  0.000,  0.000
840003218920939,  1181, 8,22:29:51,22:30:02,    11, 69.80, 69.80,HS    ,  0.00,  0.000,  0.00,  0.000,  0.000,  0.000,  0.000
840003287324983,  9870,26,22:30:08,22:30:21,    13, 35.10, 35.10,HS    ,  0.00,  0.000,  0.00,  0.000,  0.000,  0.000,  0.000
840003234513811,  1419,81,22:18:32,22:30:26,   714,  7.47,  2.93,TEST  ,  4.54,  0.000,  0.00,  0.000,  0.000,  0.000,  0.000
840003250681644,  1629,13,22:29:27,22:30:50,    83, 53.70, 53.60,HS    ,  0.10,  0.000,  0.00,  0.000,  0.000,  0.000,  0.000
840003218920901,  1143,15,22:22:53,22:31:07,   494, 37.70, 35.60,LS    ,  2.10,  0.000,  0.00,  0.000,  0.000,  0.000,  0.000
840003250681791,  1776,56,22:29:06,22:33:04,   238, 49.04, 48.36,TEST  ,  0.68,  0.000,  0.00,  0.000,  0.000,  0.000,  0.000
840003218920767,  1009,60,22:22:35,22:33:10,   635, 54.37, 50.11,TEST  ,  4.26,  0.000,  0.00,  0.000,  0.000,  0.000,  0.000
840003287324973,  9890,13,22:31:02,22:33:06,   124, 53.60, 52.80,HS    ,  0.80,  0.000,  0.00,  0.000,  0.000,  0.000,  0.000
840003274076178,  9425,55,22:21:53,22:33:11,   678, 37.52, 32.84,TEST  ,  4.68,  0.000,  0.00,  0.000,  0.000,  0.000,  0.000
840003211748008,  9979,58,22:29:37,22:33:17,   220, 45.33, 43.65,TEST  ,  1.68,  0.000,  0.00,  0.000,  0.000,  0.000,  0.000
840003250681632,  1617,12,22:31:46,22:33:19,    93, 49.00, 48.70,LS    ,  0.30,  0.000,  0.00,  0.000,  0.000,  0.000,  0.000
840003250681674,  1659, 9,22:32:39,22:33:41,    62, 60.30, 60.00,HS    ,  0.30,  0.000,  0.00,  0.000,  0.000,  0.000,  0.000
840003218920767,  1009,61,22:34:02,22:34:09,     7, 45.78, 45.75,TEST  ,  0.03,  0.000,  0.00,  0.000,  0.000,  0.000,  0.000
840003234513826,  1434,31,22:31:55,22:34:47,   172, 25.00, 24.20,LS    ,  0.80,  0.000,  0.00,  0.000,  0.000,  0.000,  0.000
840003234513826,  1434,32,22:35:15,22:35:29,    14, 68.10, 68.10,HS    ,  0.00,  0.000,  0.00,  0.000,  0.000,  0.000,  0.000
840003218920920,  1162, 3,22:24:33,22:35:37,   664, 28.90, 26.00,LS    ,  2.90,  0.000,  0.00,  0.000,  0.000,  0.000,  0.000
840003250681632,  1617,11,22:33:25,22:35:39,   134, 65.10, 64.50,LS    ,  0.60,  0.000,  0.00,  0.000,  0.000,  0.000,  0.000
840003287324997,  1371,54,22:28:04,22:36:01,   477, 23.30, 21.31,TEST  ,  1.99,  0.000,  0.00,  0.000,  0.000,  0.000,  0.000
840003287324997,  1371,54,22:36:03,22:36:09,     6, 21.31, 21.32,TEST  , -0.01,  0.000,  0.00,  0.000,  0.000,  0.000,  0.000
840003250681637,  1622, 2,22:33:10,22:36:12,   182, 22.10, 21.50,LS    ,  0.60,  0.000,  0.00,  0.000,  0.000,  0.000,  0.000
840003218920767,  1009,61,22:34:09,22:36:36,   147, 45.75, 44.71,TEST  ,  1.04,  0.000,  0.00,  0.000,  0.000,  0.000,  0.000
840003250681791,  1776,58,22:33:17,22:36:43,   206, 43.65, 43.14,TEST  ,  0.51,  0.000,  0.00,  0.000,  0.000,  0.000,  0.000
840003234513826,  1434,31,22:35:41,22:37:19,    98, 24.20, 23.80,LS    ,  0.40,  0.000,  0.00,  0.000,  0.000,  0.000,  0.000
840003250681637,  1622, 2,22:36:21,22:38:48,   147, 21.50, 20.90,LS    ,  0.60,  0.000,  0.00,  0.000,  0.000,  0.000,  0.000
840003250681632,  1617, 7,22:35:58,22:39:00,   182, 54.90, 53.80,LS    ,  1.10,  0.000,  0.00,  0.000,  0.000,  0.000,  0.000
840003250681640,  1625,30,22:31:44,22:39:03,   439, 43.80, 42.30,HS    ,  1.50,  0.000,  0.00,  0.000,  0.000,  0.000,  0.000
840003250681674,  1659, 8,22:34:11,22:40:09,   358, 69.80, 68.70,HS    ,  1.10,  0.000,  0.00,  0.000,  0.000,  0.000,  0.000
840003211748008,  9979,59,22:34:07,22:40:16,   369, 67.38, 64.55,TEST  ,  2.83,  0.000,  0.00,  0.000,  0.000,  0.000,  0.000
840003234513847,  1455,53,22:36:50,22:40:32,   222, 15.53, 13.68,TEST  ,  1.85,  0.000,  0.00,  0.000,  0.000,  0.000,  0.000
840003250681632,  1617, 6,22:39:27,22:40:36,    69, 50.40, 50.00,LS    ,  0.40,  0.000,  0.00,  0.000,  0.000,  0.000,  0.000
840003250681644,  1629,17,22:33:12,22:40:55,   463, 33.90, 31.80,HS    ,  2.10,  0.000,  0.00,  0.000,  0.000,  0.000,  0.000
840003234513847,  1455,53,22:40:33,22:41:07,    34, 13.68, 13.38,TEST  ,  0.30,  0.000,  0.00,  0.000,  0.000,  0.000,  0.000
840003250681637,  1622, 2,22:39:58,22:41:20,    82, 20.90, 20.40,LS    ,  0.50,  0.000,  0.00,  0.000,  0.000,  0.000,  0.000
840003211747927,  9898,57,22:21:53,22:41:35,  1182, 51.28, 49.30,TEST  ,  1.98,  0.000,  0.00,  0.000,  0.000,  0.000,  0.000
840003250681672,  1657,22,22:41:39,22:41:43,     4, 53.20, 53.20,HS    ,  0.00,  0.000,  0.00,  0.000,  0.000,  0.000,  0.000
840003274076117,  9785,15,22:36:36,22:42:16,   340, 35.60, 33.30,LS    ,  2.30,  0.000,  0.00,  0.000,  0.000,  0.000,  0.000
840003250681644,  1629,18,22:41:06,22:42:20,    74, 56.50, 56.20,LS    ,  0.30,  0.000,  0.00,  0.000,  0.000,  0.000,  0.000
840003250681632,  1617, 8,22:41:15,22:42:25,    70, 68.70, 68.10,HS    ,  0.60,  0.000,  0.00,  0.000,  0.000,  0.000,  0.000
840003218920901,  1143,12,22:33:29,22:42:46,   557, 48.60, 46.00,LS    ,  2.60,  0.000,  0.00,  0.000,  0.000,  0.000,  0.000
840003250681748,  1733,70,22:37:34,22:43:16,   342,  4.16,  2.61,TEST  ,  1.55,  0.000,  0.00,  0.000,  0.000,  0.000,  0.000
840003250681632,  1617, 8,22:42:42,22:43:24,    42, 68.10, 67.70,HS    ,  0.40,  0.000,  0.00,  0.000,  0.000,  0.000,  0.000
840003250681644,  1629,18,22:42:48,22:43:31,    43, 56.20, 56.10,LS    ,  0.10,  0.000,  0.00,  0.000,  0.000,  0.000,  0.000
840003250681748,  1733,70,22:43:55,22:44:07,    12,  2.63,  2.97,TEST  , -0.34,  0.000,  0.00,  0.000,  0.000,  0.000,  0.000
840003234513973,  1581,31,22:43:04,22:45:34,   150, 23.80, 23.20,LS    ,  0.60,  0.000,  0.00,  0.000,  0.000,  0.000,  0.000
840003250681748,  1733,70,22:46:12,22:46:25,    13,  1.93,  1.97,TEST  , -0.04,  0.000,  0.00,  0.000,  0.000,  0.000,  0.000
840003268256460,  9534,16,22:39:33,22:46:29,   416, 46.00, 43.70,HS    ,  2.30,  0.000,  0.00,  0.000,  0.000,  0.000,  0.000
840003250681632,  1617, 7,22:43:34,22:49:56,   382, 53.80, 51.70,LS    ,  2.10,  0.000,  0.00,  0.000,  0.000,  0.000,  0.000
840003250681748,  1733,70,22:48:13,22:50:10,   117,  1.97,  1.56,TEST  ,  0.41,  0.000,  0.00,  0.000,  0.000,  0.000,  0.000
840003250681632,  1617, 8,22:50:02,22:50:37,    35, 67.70, 67.50,HS    ,  0.20,  0.000,  0.00,  0.000,  0.000,  0.000,  0.000
840003274076117,  9785,12,22:42:56,22:50:44,   468, 45.70, 42.60,LS    ,  3.10,  0.000,  0.00,  0.000,  0.000,  0.000,  0.000
840003250681681,  1666, 1,22:49:13,22:50:50,    97, 40.00, 39.90,HS    ,  0.10,  0.000,  0.00,  0.000,  0.000,  0.000,  0.000
840003234513973,  1581,32,22:50:09,22:51:01,    52, 68.00, 67.90,HS    ,  0.10,  0.000,  0.00,  0.000,  0.000,  0.000,  0.000
840003250681681,  1666, 4,22:51:37,22:51:48,    11, 33.60, 33.70,HS    , -0.10,  0.000,  0.00,  0.000,  0.000,  0.000,  0.000
840003234513777,  1385,81,22:40:52,22:52:08,   676,  2.93,  0.26,TEST  ,  2.67,  0.000,  0.00,  0.000,  0.000,  0.000,  0.000
840003250681632,  1617, 7,22:50:52,22:52:08,    76, 51.70, 51.10,LS    ,  0.60,  0.000,  0.00,  0.000,  0.000,  0.000,  0.000
840003234513973,  1581,32,22:52:03,22:52:27,    24, 67.80, 67.70,HS    ,  0.10,  0.000,  0.00,  0.000,  0.000,  0.000,  0.000
840003234513847,  1455,58,22:49:22,22:53:19,   237, 43.14, 41.13,TEST  ,  2.01,  0.000,  0.00,  0.000,  0.000,  0.000,  0.000
840003234513973,  1581,32,22:53:08,22:53:28,    20, 67.60, 67.40,HS    ,  0.20,  0.000,  0.00,  0.000,  0.000,  0.000,  0.000
840003218920983,  1225,18,22:51:03,22:53:56,   173, 56.10, 55.20,LS    ,  0.90,  0.000,  0.00,  0.000,  0.000,  0.000,  0.000
840003234513693,  1301,78,22:42:56,22:54:16,   680, 40.27, 35.04,TEST  ,  5.23,  0.000,  0.00,  0.000,  0.000,  0.000,  0.000
840003250681637,  1622, 2,22:42:02,22:54:16,   734, 20.40, 17.80,LS    ,  2.60,  0.000,  0.00,  0.000,  0.000,  0.000,  0.000
840003218920983,  1225,22,22:54:08,22:54:16,     8, 53.20, 52.80,HS    ,  0.40,  0.000,  0.00,  0.000,  0.000,  0.000,  0.000
840003234513973,  1581,32,22:54:17,22:54:33,    16, 67.40, 67.40,HS    ,  0.00,  0.000,  0.00,  0.000,  0.000,  0.000,  0.000
840003250681674,  1659, 5,22:40:52,22:55:03,   851, 43.20, 40.50,HS    ,  2.70,  0.000,  0.00,  0.000,  0.000,  0.000,  0.000
840003250681748,  1733,73,22:54:58,22:55:11,    13,  8.82,  8.81,TEST  ,  0.01,  0.000,  0.00,  0.000,  0.000,  0.000,  0.000
840003218920983,  1225,22,22:54:56,22:55:07,    11, 52.80, 52.30,HS    ,  0.50,  0.000,  0.00,  0.000,  0.000,  0.000,  0.000
840003250681681,  1666, 8,22:52:16,22:56:01,   225, 67.50, 66.50,HS    ,  1.00,  0.000,  0.00,  0.000,  0.000,  0.000,  0.000
840003287324973,  9890, 9,22:33:50,22:56:11,  1341, 60.00, 54.60,HS    ,  5.40,  0.000,  0.00,  0.000,  0.000,  0.000,  0.000
840003234513920,  1528,53,22:41:14,22:56:26,   912, 13.38,  8.86,TEST  ,  4.52,  0.000,  0.00,  0.000,  0.000,  0.000,  0.000
840003250681627,  1612,11,22:41:16,22:56:29,   913, 64.40, 60.00,LS    ,  4.40,  0.000,  0.00,  0.000,  0.000,  0.000,  0.000
840003268256460,  9534,13,22:46:50,22:56:33,   583, 52.80, 50.10,HS    ,  2.70,  0.000,  0.00,  0.000,  0.000,  0.000,  0.000
840003274076119,  9867,25,22:55:48,22:56:39,    51, 45.60, 45.40,LS    ,  0.20,  0.000,  0.00,  0.000,  0.000,  0.000,  0.000
840003205049610,  9724,14,22:55:53,22:56:53,    60, 49.10, 48.90,HS    ,  0.20,  0.000,  0.00,  0.000,  0.000,  0.000,  0.000
840003274076119,  9867,26,22:56:54,22:57:25,    31, 35.00, 34.70,HS    ,  0.30,  0.000,  0.00,  0.000,  0.000,  0.000,  0.000
840003218920983,  1225,20,22:55:48,22:57:39,   111, 27.40, 26.90,LS    ,  0.50,  0.000,  0.00,  0.000,  0.000,  0.000,  0.000
840003250681681,  1666,21,22:57:32,22:57:45,    13, 53.20, 53.30,HS    , -0.10,  0.000,  0.00,  0.000,  0.000,  0.000,  0.000
840003205049610,  9724,10,22:57:54,22:57:57,     3, -0.40, -0.40,LS    ,  0.00,  0.000,  0.00,  0.000,  0.000,  0.000,  0.000
840003218920983,  1225,22,22:57:53,22:58:04,    11, 52.30, 51.90,HS    ,  0.40,  0.000,  0.00,  0.000,  0.000,  0.000,  0.000
840003250681748,  1733,71,22:55:12,22:58:10,   178,  9.89,  8.99,TEST  ,  0.90,  0.000,  0.00,  0.000,  0.000,  0.000,  0.000
840003274076119,  9867,26,22:58:07,22:58:30,    23, 34.70, 34.30,HS    ,  0.40,  0.000,  0.00,  0.000,  0.000,  0.000,  0.000
840003250681681,  1666,20,22:59:03,22:59:10,     7, 26.90, 26.90,LS    ,  0.00,  0.000,  0.00,  0.000,  0.000,  0.000,  0.000
840003287324983,  9870,19,22:31:23,22:59:25,  1682, 49.80, 42.20,LS    ,  7.60,  0.000,  0.00,  0.000,  0.000,  0.000,  0.000
840003250681632,  1617,15,22:53:28,22:59:38,   370, 33.30, 31.80,LS    ,  1.50,  0.000,  0.00,  0.000,  0.000,  0.000,  0.000
840003218920983,  1225,23,22:58:41,23:00:43,   122, 46.50, 45.70,LS    ,  0.80,  0.000,  0.00,  0.000,  0.000,  0.000,  0.000
840003250681681,  1666,16,23:00:34,23:00:54,    20, 43.70, 43.70,HS    ,  0.00,  0.000,  0.00,  0.000,  0.000,  0.000,  0.000
840003274076119,  9867,27,22:59:16,23:01:00,   104, 41.80, 42.20,LS    , -0.40,  0.000,  0.00,  0.000,  0.000,  0.000,  0.000
840003268256460,  9534,14,22:57:17,23:01:02,   225, 48.90, 47.90,HS    ,  1.00,  0.000,  0.00,  0.000,  0.000,  0.000,  0.000
840003218920983,  1225,26,23:01:07,23:01:21,    14, 34.30, 34.00,HS    ,  0.30,  0.000,  0.00,  0.000,  0.000,  0.000,  0.000
840003250681627,  1612, 2,23:00:00,23:01:26,    86, 17.80, 17.40,LS    ,  0.40,  0.000,  0.00,  0.000,  0.000,  0.000,  0.000
840003250681632,  1617, 8,23:00:13,23:01:29,    76, 66.50, 66.00,HS    ,  0.50,  0.000,  0.00,  0.000,  0.000,  0.000,  0.000
840003218920887,  1129,78,22:56:06,23:02:02,   356, 35.04, 32.90,TEST  ,  2.14,  0.000,  0.00,  0.000,  0.000,  0.000,  0.000
840003218920983,  1225,25,23:01:46,23:01:57,    11, 45.40, 45.40,LS    ,  0.00,  0.000,  0.00,  0.000,  0.000,  0.000,  0.000
840003250681681,  1666,14,23:01:12,23:01:59,    47, 47.90, 47.90,HS    ,  0.00,  0.000,  0.00,  0.000,  0.000,  0.000,  0.000
840003234513923,  1531,24,22:58:00,23:02:03,   243, 57.20, 56.10,HS    ,  1.10,  0.000,  0.00,  0.000,  0.000,  0.000,  0.000
840003234513777,  1385,80,22:52:18,23:02:47,   629, 17.13, 14.16,TEST  ,  2.97,  0.000,  0.00,  0.000,  0.000,  0.000,  0.000
840003274076119,  9867,27,23:01:10,23:04:12,   182, 41.50, 41.00,LS    ,  0.50,  0.000,  0.00,  0.000,  0.000,  0.000,  0.000
840003234513973,  1581,28,22:56:56,23:04:20,   444, 22.60, 20.80,LS    ,  1.80,  0.000,  0.00,  0.000,  0.000,  0.000,  0.000
840003218920983,  1225,23,23:02:12,23:05:10,   178, 45.70, 44.80,LS    ,  0.90,  0.000,  0.00,  0.000,  0.000,  0.000,  0.000
840003268256460,  9534,11,23:01:19,23:05:11,   232, 60.00, 58.40,LS    ,  1.60,  0.000,  0.00,  0.000,  0.000,  0.000,  0.000
840003250681632,  1617, 7,23:01:39,23:05:13,   214, 51.00, 49.80,LS    ,  1.20,  0.000,  0.00,  0.000,  0.000,  0.000,  0.000
840003218920983,  1225,22,23:05:18,23:05:31,    13, 52.00, 51.40,HS    ,  0.60,  0.000,  0.00,  0.000,  0.000,  0.000,  0.000
840003250681644,  1629,17,22:43:43,23:05:34,  1311, 31.80, 26.70,HS    ,  5.10,  0.000,  0.00,  0.000,  0.000,  0.000,  0.000
840003250681632,  1617, 5,23:05:45,23:06:09,    24, 40.50, 40.10,HS    ,  0.40,  0.000,  0.00,  0.000,  0.000,  0.000,  0.000
840003234513925,  1533,15,23:05:28,23:06:17,    49, 31.80, 31.60,LS    ,  0.20,  0.000,  0.00,  0.000,  0.000,  0.000,  0.000
840003274076119,  9867,25,23:04:46,23:06:33,   107, 45.40, 44.90,LS    ,  0.50,  0.000,  0.00,  0.000,  0.000,  0.000,  0.000
840003274076119,  9867,26,23:06:39,23:06:56,    17, 34.00, 33.60,HS    ,  0.40,  0.000,  0.00,  0.000,  0.000,  0.000,  0.000
840003250681644,  1629,15,23:06:57,23:07:16,    19, 31.60, 31.60,LS    ,  0.00,  0.000,  0.00,  0.000,  0.000,  0.000,  0.000
840003250681632,  1617, 5,23:06:49,23:07:21,    32, 40.10, 39.90,HS    ,  0.20,  0.000,  0.00,  0.000,  0.000,  0.000,  0.000
840003287324973,  9890,13,22:56:47,23:07:34,   647, 50.10, 47.40,HS    ,  2.70,  0.000,  0.00,  0.000,  0.000,  0.000,  0.000
840003250681669,  1654,10,23:06:49,23:07:57,    68, -0.50, -0.50,LS    ,  0.00,  0.000,  0.00,  0.000,  0.000,  0.000,  0.000
840003250681632,  1617, 5,23:07:38,23:08:09,    31, 39.90, 39.60,HS    ,  0.30,  0.000,  0.00,  0.000,  0.000,  0.000,  0.000
840003205049610,  9724, 9,22:58:27,23:08:20,   593, 54.60, 52.00,HS    ,  2.60,  0.000,  0.00,  0.000,  0.000,  0.000,  0.000
840003274076117,  9785,12,22:54:01,23:08:36,   875, 42.50, 38.20,LS    ,  4.30,  0.000,  0.00,  0.000,  0.000,  0.000,  0.000
840003274076119,  9867,26,23:08:05,23:08:45,    40, 33.60, 33.10,HS    ,  0.50,  0.000,  0.00,  0.000,  0.000,  0.000,  0.000
840003250681819,  1804,79,22:49:34,23:08:52,  1158, 25.35, 19.49,TEST  ,  5.86,  0.000,  0.00,  0.000,  0.000,  0.000,  0.000
840003218920983,  1225,19,23:06:22,23:08:56,   154, 42.10, 41.40,LS    ,  0.70,  0.000,  0.00,  0.000,  0.000,  0.000,  0.000
840003287324983,  9870,31,23:01:10,23:09:06,   476, 23.20, 21.50,LS    ,  1.70,  0.000,  0.00,  0.000,  0.000,  0.000,  0.000
840003234513852,  1460,80,23:02:53,23:09:17,   384, 14.16, 12.07,TEST  ,  2.09,  0.000,  0.00,  0.000,  0.000,  0.000,  0.000
840003218920983,  1225,22,23:09:05,23:09:17,    12, 51.40, 51.00,HS    ,  0.40,  0.000,  0.00,  0.000,  0.000,  0.000,  0.000
840003234513920,  1528,53,22:56:51,23:09:28,   757,  8.86,  5.09,TEST  ,  3.77,  0.000,  0.00,  0.000,  0.000,  0.000,  0.000
840003250681669,  1654, 9,23:08:31,23:09:30,    59, 52.00, 51.60,HS    ,  0.40,  0.000,  0.00,  0.000,  0.000,  0.000,  0.000
840003250681632,  1617, 6,23:08:24,23:09:31,    67, 50.00, 49.60,LS    ,  0.40,  0.000,  0.00,  0.000,  0.000,  0.000,  0.000
840003234513778,  1386,68,23:07:41,23:09:43,   122,  1.03,  0.41,TEST  ,  0.62,  0.000,  0.00,  0.000,  0.000,  0.000,  0.000
840003234513973,  1581,27,23:04:43,23:09:48,   305, 41.20, 39.60,LS    ,  1.60,  0.000,  0.00,  0.000,  0.000,  0.000,  0.000
840003274076119,  9867,25,23:09:45,23:10:00,    15, 44.90, 44.70,LS    ,  0.20,  0.000,  0.00,  0.000,  0.000,  0.000,  0.000
840003218920983,  1225,22,23:09:58,23:10:13,    15, 51.00, 50.50,HS    ,  0.50,  0.000,  0.00,  0.000,  0.000,  0.000,  0.000
840003234513923,  1531,24,23:02:19,23:10:19,   480, 56.10, 54.20,HS    ,  1.90,  0.000,  0.00,  0.000,  0.000,  0.000,  0.000
840003205049610,  9724,12,23:09:51,23:10:26,    35, 38.00, 38.60,LS    , -0.60,  0.000,  0.00,  0.000,  0.000,  0.000,  0.000
840003268256515,  1097,73,22:55:14,23:10:35,   921,  8.81,  3.94,TEST  ,  4.87,  0.000,  0.00,  0.000,  0.000,  0.000,  0.000
840003268256515,  1097,73,23:10:36,23:10:42,     6,  3.93,  3.92,TEST  ,  0.01,  0.000,  0.00,  0.000,  0.000,  0.000,  0.000
840003250681632,  1617, 5,23:10:12,23:10:44,    32, 39.60, 39.20,HS    ,  0.40,  0.000,  0.00,  0.000,  0.000,  0.000,  0.000
840003250681674,  1659, 1,23:10:06,23:11:01,    55, 39.90, 39.90,HS    ,  0.00,  0.000,  0.00,  0.000,  0.000,  0.000,  0.000
840003274076119,  9867,24,23:10:54,23:11:13,    19, 54.20, 53.90,HS    ,  0.30,  0.000,  0.00,  0.000,  0.000,  0.000,  0.000
840003218920983,  1225,22,23:11:05,23:11:18,    13, 50.50, 50.00,HS    ,  0.50,  0.000,  0.00,  0.000,  0.000,  0.000,  0.000
840003205049610,  9724,12,23:11:01,23:11:45,    44, 37.20, 37.90,LS    , -0.70,  0.000,  0.00,  0.000,  0.000,  0.000,  0.000
840003250681644,  1629,13,23:07:48,23:11:50,   242, 47.40, 46.10,HS    ,  1.30,  0.000,  0.00,  0.000,  0.000,  0.000,  0.000
840003274076119,  9867,24,23:11:56,23:12:22,    26, 53.90, 53.40,HS    ,  0.50,  0.000,  0.00,  0.000,  0.000,  0.000,  0.000
840003250681632,  1617, 6,23:11:12,23:12:21,    69, 49.60, 49.30,LS    ,  0.30,  0.000,  0.00,  0.000,  0.000,  0.000,  0.000
840003274076119,  9867,24,23:13:08,23:13:43,    35, 53.50, 52.90,HS    ,  0.60,  0.000,  0.00,  0.000,  0.000,  0.000,  0.000
840003287324983,  9870,27,23:10:17,23:14:44,   267, 39.50, 38.70,LS    ,  0.80,  0.000,  0.00,  0.000,  0.000,  0.000,  0.000
840003250681644,  1629,12,23:12:44,23:15:03,   139, 37.30, 37.10,LS    ,  0.20,  0.000,  0.00,  0.000,  0.000,  0.000,  0.000
840003234513777,  1385,71,23:11:03,23:15:16,   253,  8.98,  8.00,TEST  ,  0.98,  0.000,  0.00,  0.000,  0.000,  0.000,  0.000
840003218920983,  1225,20,23:12:07,23:15:12,   185, 26.90, 27.50,LS    , -0.60,  0.000,  0.00,  0.000,  0.000,  0.000,  0.000
840003287324973,  9890, 9,23:09:40,23:15:20,   340, 51.60, 50.30,HS    ,  1.30,  0.000,  0.00,  0.000,  0.000,  0.000,  0.000
840003218920983,  1225,22,23:15:18,23:15:31,    13, 50.00, 49.60,HS    ,  0.40,  0.000,  0.00,  0.000,  0.000,  0.000,  0.000
840003234513925,  1533,11,23:06:52,23:15:32,   520, 58.40, 55.50,LS    ,  2.90,  0.000,  0.00,  0.000,  0.000,  0.000,  0.000
840003250681681,  1666, 8,23:02:19,23:15:43,   804, 66.00, 62.50,HS    ,  3.50,  0.000,  0.00,  0.000,  0.000,  0.000,  0.000
840003250681674,  1659, 9,23:15:29,23:15:44,    15, 50.30, 50.30,HS    ,  0.00,  0.000,  0.00,  0.000,  0.000,  0.000,  0.000
840003250681669,  1654, 4,23:10:10,23:15:49,   339, 33.60, 32.30,HS    ,  1.30,  0.000,  0.00,  0.000,  0.000,  0.000,  0.000
840003234513973,  1581,25,23:10:44,23:15:54,   310, 44.70, 43.50,LS    ,  1.20,  0.000,  0.00,  0.000,  0.000,  0.000,  0.000
840003234513852,  1460,79,23:09:22,23:16:12,   410, 19.50, 17.69,TEST  ,  1.81,  0.000,  0.00,  0.000,  0.000,  0.000,  0.000
840003250681627,  1612, 2,23:03:41,23:16:08,   747, 17.40, 14.70,LS    ,  2.70,  0.000,  0.00,  0.000,  0.000,  0.000,  0.000
840003274076119,  9867,23,23:14:36,23:16:22,   106, 44.80, 43.90,LS    ,  0.90,  0.000,  0.00,  0.000,  0.000,  0.000,  0.000
840003218920983,  1225,22,23:16:13,23:16:22,     9, 49.60, 49.10,HS    ,  0.50,  0.000,  0.00,  0.000,  0.000,  0.000,  0.000
840003205049610,  9724,13,23:12:00,23:16:22,   262, 46.10, 45.00,HS    ,  1.10,  0.000,  0.00,  0.000,  0.000,  0.000,  0.000
840003218920887,  1129,77,23:02:01,23:16:41,   880, 40.43, 35.64,TEST  ,  4.79,  0.000,  0.00,  0.000,  0.000,  0.000,  0.000
840003287324983,  9870,26,23:16:27,23:16:44,    17, 33.10, 33.10,HS    ,  0.00,  0.000,  0.00,  0.000,  0.000,  0.000,  0.000
840003205049610,  9724,12,23:16:41,23:17:07,    26, 37.90, 37.20,LS    ,  0.70,  0.000,  0.00,  0.000,  0.000,  0.000,  0.000
982000372939914,  8693,54,23:17:12,23:17:17,     5, 21.29, 21.28,TEST  ,  0.01,  0.000,  0.00,  0.000,  0.000,  0.000,  0.000
840003274076117,  9785,18,23:09:39,23:17:21,   462, 55.20, 52.80,LS    ,  2.40,  0.000,  0.00,  0.000,  0.000,  0.000,  0.000
840003274076119,  9867,22,23:17:03,23:17:27,    24, 49.10, 48.70,HS    ,  0.40,  0.000,  0.00,  0.000,  0.000,  0.000,  0.000
840003268256460,  9534, 1,23:12:20,23:17:28,   308, 39.90, 38.20,HS    ,  1.70,  0.000,  0.00,  0.000,  0.000,  0.000,  0.000
840003234513778,  1386,69,23:09:45,23:18:58,   553,  9.33,  5.74,TEST  ,  3.59,  0.000,  0.00,  0.000,  0.000,  0.000,  0.000
840003250681787,  1772,72,23:15:40,23:19:08,   208, 25.05, 23.85,TEST  ,  1.20,  0.000,  0.00,  0.000,  0.000,  0.000,  0.000
840003287324988,  9593,80,23:09:22,23:19:12,   590, 12.08,  7.31,TEST  ,  4.77,  0.000,  0.00,  0.000,  0.000,  0.000,  0.000
840003250681787,  1772,72,23:19:09,23:19:18,     9, 23.85, 23.85,TEST  ,  0.00,  0.000,  0.00,  0.000,  0.000,  0.000,  0.000
982000372939914,  8693,54,23:17:41,23:19:25,   104, 21.10, 20.53,TEST  ,  0.57,  0.000,  0.00,  0.000,  0.000,  0.000,  0.000
840003250681787,  1772,73,23:19:17,23:19:27,    10,  3.92,  3.92,TEST  ,  0.00,  0.000,  0.00,  0.000,  0.000,  0.000,  0.000
840003287324988,  9593,79,23:19:23,23:19:32,     9, 17.69, 17.68,TEST  ,  0.01,  0.000,  0.00,  0.000,  0.000,  0.000,  0.000
840003234513847,  1455,57,22:41:36,23:19:39,  2283, 49.30, 45.42,TEST  ,  3.88,  0.000,  0.00,  0.000,  0.000,  0.000,  0.000
840003287324988,  9593,79,23:19:33,23:19:40,     7, 17.68, 17.69,TEST  , -0.01,  0.000,  0.00,  0.000,  0.000,  0.000,  0.000
840003205049610,  9724,13,23:17:54,23:19:44,   110, 45.00, 44.60,HS    ,  0.40,  0.000,  0.00,  0.000,  0.000,  0.000,  0.000
840003250681653,  1638,16,23:08:52,23:20:34,   702, 43.70, 40.30,HS    ,  3.40,  0.000,  0.00,  0.000,  0.000,  0.000,  0.000
840003218920932,  1174, 4,23:20:12,23:20:35,    23, 32.30, 32.20,HS    ,  0.10,  0.000,  0.00,  0.000,  0.000,  0.000,  0.000
840003250681632,  1617, 2,23:20:42,23:20:51,     9, 14.70, 14.70,LS    ,  0.00,  0.000,  0.00,  0.000,  0.000,  0.000,  0.000
840003218920932,  1174, 6,23:20:54,23:21:03,     9, 49.30, 49.30,LS    ,  0.00,  0.000,  0.00,  0.000,  0.000,  0.000,  0.000
840003234513973,  1581,23,23:16:35,23:21:09,   274, 43.90, 42.80,LS    ,  1.10,  0.000,  0.00,  0.000,  0.000,  0.000,  0.000
840003287324988,  9593,78,23:19:45,23:21:13,    88, 32.90, 32.34,TEST  ,  0.56,  0.000,  0.00,  0.000,  0.000,  0.000,  0.000
840003250681649,  1634,15,23:10:56,23:21:13,   617, 31.60, 29.20,LS    ,  2.40,  0.000,  0.00,  0.000,  0.000,  0.000,  0.000
840003234513840,  1448,67,23:16:28,23:21:40,   312,  9.68,  8.16,TEST  ,  1.52,  0.000,  0.00,  0.000,  0.000,  0.000,  0.000
840003205049610,  9724,12,23:21:06,23:21:35,    29, 36.20, 36.80,LS    , -0.60,  0.000,  0.00,  0.000,  0.000,  0.000,  0.000
840003234513778,  1386,66,23:21:13,23:21:46,    33, 21.08, 20.77,TEST  ,  0.31,  0.000,  0.00,  0.000,  0.000,  0.000,  0.000
840003250681681,  1666, 5,23:16:23,23:21:43,   320, 39.20, 38.20,HS    ,  1.00,  0.000,  0.00,  0.000,  0.000,  0.000,  0.000
840003287324983,  9870,25,23:16:51,23:21:52,   301, 43.50, 42.40,LS    ,  1.10,  0.000,  0.00,  0.000,  0.000,  0.000,  0.000
840003274076119,  9867,24,23:21:37,23:22:00,    23, 52.90, 52.50,HS    ,  0.40,  0.000,  0.00,  0.000,  0.000,  0.000,  0.000
840003250681787,  1772,74,23:19:27,23:22:42,   195, 13.27, 12.10,TEST  ,  1.17,  0.000,  0.00,  0.000,  0.000,  0.000,  0.000
840003274076117,  9785,25,23:22:01,23:22:44,    43, 42.40, 42.20,LS    ,  0.20,  0.000,  0.00,  0.000,  0.000,  0.000,  0.000
840003250681644,  1629, 9,23:16:14,23:22:44,   390, 50.30, 48.80,HS    ,  1.50,  0.000,  0.00,  0.000,  0.000,  0.000,  0.000
840003287324973,  9890, 8,23:15:53,23:22:54,   421, 62.50, 60.90,HS    ,  1.60,  0.000,  0.00,  0.000,  0.000,  0.000,  0.000
840003274076119,  9867,23,23:22:47,23:22:55,     8, 42.80, 42.60,LS    ,  0.20,  0.000,  0.00,  0.000,  0.000,  0.000,  0.000
840003250681787,  1772,74,23:22:49,23:23:01,    12, 12.10, 12.11,TEST  , -0.01,  0.000,  0.00,  0.000,  0.000,  0.000,  0.000
840003250681787,  1772,74,23:23:03,23:23:08,     5, 12.10, 12.10,TEST  ,  0.00,  0.000,  0.00,  0.000,  0.000,  0.000,  0.000
840003234513925,  1533, 7,23:18:35,23:24:14,   339, 49.80, 48.10,LS    ,  1.70,  0.000,  0.00,  0.000,  0.000,  0.000,  0.000
982000372939914,  8693,58,23:24:13,23:24:18,     5, 41.12, 41.17,TEST  , -0.05,  0.000,  0.00,  0.000,  0.000,  0.000,  0.000
840003250681674,  1659,16,23:21:26,23:24:19,   173, 40.30, 39.70,HS    ,  0.60,  0.000,  0.00,  0.000,  0.000,  0.000,  0.000
840003250681681,  1666,14,23:23:28,23:24:27,    59, 47.90, 47.90,HS    ,  0.00,  0.000,  0.00,  0.000,  0.000,  0.000,  0.000
840003234513973,  1581,20,23:21:58,23:24:29,   151, 27.40, 30.80,LS    , -3.40,  0.000,  0.00,  0.000,  0.000,  0.000,  0.000
840003205049610,  9724,13,23:21:49,23:24:37,   168, 44.60, 43.90,HS    ,  0.70,  0.000,  0.00,  0.000,  0.000,  0.000,  0.000
840003250681649,  1634,15,23:21:52,23:24:50,   178, 29.20, 28.40,LS    ,  0.80,  0.000,  0.00,  0.000,  0.000,  0.000,  0.000
840003268256482,  9300, 2,23:23:42,23:25:08,    86, 14.70, 14.40,LS    ,  0.30,  0.000,  0.00,  0.000,  0.000,  0.000,  0.000
840003234513840,  1448,66,23:21:50,23:25:12,   202, 20.77, 19.54,TEST  ,  1.23,  0.000,  0.00,  0.000,  0.000,  0.000,  0.000
840003250681669,  1654, 1,23:18:43,23:25:15,   392, 38.10, 35.50,HS    ,  2.60,  0.000,  0.00,  0.000,  0.000,  0.000,  0.000
840003234513778,  1386,64,23:22:00,23:25:23,   203, 43.55, 42.01,TEST  ,  1.54,  0.000,  0.00,  0.000,  0.000,  0.000,  0.000
840003250681674,  1659,16,23:24:40,23:25:31,    51, 39.70, 39.80,HS    , -0.10,  0.000,  0.00,  0.000,  0.000,  0.000,  0.000
840003218920983,  1225,18,23:17:48,23:25:38,   470, 52.80, 50.30,LS    ,  2.50,  0.000,  0.00,  0.000,  0.000,  0.000,  0.000
840003287325039,  1348,63,23:13:25,23:26:07,   762, 39.69, 34.84,TEST  ,  4.85,  0.000,  0.00,  0.000,  0.000,  0.000,  0.000
840003250681644,  1629, 8,23:23:17,23:26:11,   174, 60.90, 60.10,HS    ,  0.80,  0.000,  0.00,  0.000,  0.000,  0.000,  0.000
840003234513840,  1448,65,23:25:15,23:26:37,    82, 29.10, 28.68,TEST  ,  0.42,  0.000,  0.00,  0.000,  0.000,  0.000,  0.000
840003234513973,  1581,19,23:24:36,23:26:34,   118, 41.40, 40.90,LS    ,  0.50,  0.000,  0.00,  0.000,  0.000,  0.000,  0.000
840003234513778,  1386,64,23:25:23,23:27:10,   107, 42.01, 41.40,TEST  ,  0.61,  0.000,  0.00,  0.000,  0.000,  0.000,  0.000
982000372939914,  8693,58,23:24:27,23:27:21,   174, 41.25, 40.17,TEST  ,  1.08,  0.000,  0.00,  0.000,  0.000,  0.000,  0.000
840003211747972,  9943, 3,23:24:43,23:27:22,   159, 26.00, 25.30,LS    ,  0.70,  0.000,  0.00,  0.000,  0.000,  0.000,  0.000
840003218920932,  1174,13,23:24:48,23:27:32,   164, 43.90, 42.70,HS    ,  1.20,  0.000,  0.00,  0.000,  0.000,  0.000,  0.000
840003211747972,  9943, 4,23:27:32,23:27:47,    15, 32.10, 32.20,HS    , -0.10,  0.000,  0.00,  0.000,  0.000,  0.000,  0.000
840003218920887,  1129,59,23:26:22,23:27:53,    91, 64.53, 64.21,TEST  ,  0.32,  0.000,  0.00,  0.000,  0.000,  0.000,  0.000
840003218920887,  1129,61,23:27:56,23:28:01,     5, 44.96, 45.24,TEST  , -0.28,  0.000,  0.00,  0.000,  0.000,  0.000,  0.000
840003234513973,  1581,10,23:28:04,23:28:07,     3, -0.50, -0.50,LS    ,  0.00,  0.000,  0.00,  0.000,  0.000,  0.000,  0.000
840003211747972,  9943, 8,23:28:03,23:28:19,    16, 60.20, 59.80,HS    ,  0.40,  0.000,  0.00,  0.000,  0.000,  0.000,  0.000
840003234513990,  1598,11,23:20:47,23:28:22,   455, 55.50, 53.60,LS    ,  1.90,  0.000,  0.00,  0.000,  0.000,  0.000,  0.000
840003268256460,  9534, 9,23:23:30,23:28:32,   302, 48.80, 47.50,HS    ,  1.30,  0.000,  0.00,  0.000,  0.000,  0.000,  0.000
840003250681669,  1654, 5,23:27:41,23:28:51,    70, 38.20, 38.00,HS    ,  0.20,  0.000,  0.00,  0.000,  0.000,  0.000,  0.000
982000372939914,  8693,67,23:28:27,23:29:00,    33,  8.17,  7.92,TEST  ,  0.25,  0.000,  0.00,  0.000,  0.000,  0.000,  0.000
840003234513840,  1448,62,23:26:49,23:29:02,   133, 35.48, 34.50,TEST  ,  0.98,  0.000,  0.00,  0.000,  0.000,  0.000,  0.000
840003250681632,  1617, 6,23:23:27,23:28:59,   332, 49.30, 47.70,LS    ,  1.60,  0.000,  0.00,  0.000,  0.000,  0.000,  0.000
840003234513925,  1533, 7,23:24:47,23:29:13,   266, 48.10, 47.10,LS    ,  1.00,  0.000,  0.00,  0.000,  0.000,  0.000,  0.000
840003218920887,  1129,61,23:28:04,23:29:22,    78, 44.96, 44.46,TEST  ,  0.50,  0.000,  0.00,  0.000,  0.000,  0.000,  0.000
840003287324988,  9593,79,23:21:27,23:29:28,   481, 17.70, 14.17,TEST  ,  3.53,  0.000,  0.00,  0.000,  0.000,  0.000,  0.000
840003234513920,  1528,56,23:28:09,23:29:30,    81, 48.30, 47.85,TEST  ,  0.45,  0.000,  0.00,  0.000,  0.000,  0.000,  0.000
840003218920932,  1174,14,23:28:03,23:29:32,    89, 47.90, 47.30,HS    ,  0.60,  0.000,  0.00,  0.000,  0.000,  0.000,  0.000
840003250681788,  1773,80,23:25:59,23:29:44,   225,  7.32,  6.37,TEST  ,  0.95,  0.000,  0.00,  0.000,  0.000,  0.000,  0.000
982000372939914,  8693,57,23:19:40,23:29:49,   609, 45.42, 43.77,TEST  ,  1.65,  0.000,  0.00,  0.000,  0.000,  0.000,  0.000
840003250681681,  1666,32,23:26:46,23:30:01,   195, 67.30, 66.90,HS    ,  0.40,  0.000,  0.00,  0.000,  0.000,  0.000,  0.000
840003287324993,  9134,55,23:07:18,23:30:33,  1395, 33.18, 25.35,TEST  ,  7.83,  0.000,  0.00,  0.000,  0.000,  0.000,  0.000
840003250681787,  1772,77,23:23:15,23:30:33,   438, 35.64, 32.81,TEST  ,  2.83,  0.000,  0.00,  0.000,  0.000,  0.000,  0.000
840003250681649,  1634,12,23:26:16,23:30:42,   266, 36.40, 35.10,LS    ,  1.30,  0.000,  0.00,  0.000,  0.000,  0.000,  0.000
840003274076117,  9785,20,23:24:39,23:30:50,   371, 30.80, 27.50,LS    ,  3.30,  0.000,  0.00,  0.000,  0.000,  0.000,  0.000
840003234513920,  1528,56,23:29:57,23:31:10,    73, 47.80, 47.46,TEST  ,  0.34,  0.000,  0.00,  0.000,  0.000,  0.000,  0.000
840003274076181,  9663,53,23:27:08,23:31:12,   244,  5.09,  3.89,TEST  ,  1.20,  0.000,  0.00,  0.000,  0.000,  0.000,  0.000
840003274076181,  9663,53,23:31:25,23:31:30,     5,  3.92,  4.02,TEST  , -0.10,  0.000,  0.00,  0.000,  0.000,  0.000,  0.000
840003268256482,  9300,11,23:28:32,23:31:29,   177, 53.60, 52.80,LS    ,  0.80,  0.000,  0.00,  0.000,  0.000,  0.000,  0.000
840003250681674,  1659,22,23:26:40,23:31:58,   318, 48.70, 47.00,HS    ,  1.70,  0.000,  0.00,  0.000,  0.000,  0.000,  0.000
840003218920932,  1174,17,23:30:05,23:32:00,   115, 26.60, 26.10,HS    ,  0.50,  0.000,  0.00,  0.000,  0.000,  0.000,  0.000
840003250681669,  1654, 9,23:29:27,23:32:15,   168, 47.50, 46.80,HS    ,  0.70,  0.000,  0.00,  0.000,  0.000,  0.000,  0.000
840003234513923,  1531,29,23:20:08,23:32:36,   748, 47.10, 43.40,HS    ,  3.70,  0.000,  0.00,  0.000,  0.000,  0.000,  0.000
840003218920887,  1129,65,23:29:34,23:32:40,   186, 28.69, 27.82,TEST  ,  0.87,  0.000,  0.00,  0.000,  0.000,  0.000,  0.000
840003234513973,  1581, 7,23:29:36,23:32:57,   201, 47.10, 46.00,LS    ,  1.10,  0.000,  0.00,  0.000,  0.000,  0.000,  0.000
840003274076117,  9785,23,23:32:56,23:33:09,    13, 42.60, 42.60,LS    ,  0.00,  0.000,  0.00,  0.000,  0.000,  0.000,  0.000
840003250681787,  1772,76,23:30:52,23:33:17,   145, 26.50, 25.93,TEST  ,  0.57,  0.000,  0.00,  0.000,  0.000,  0.000,  0.000
840003250681787,  1772,76,23:33:17,23:33:23,     6, 25.93, 25.93,TEST  ,  0.00,  0.000,  0.00,  0.000,  0.000,  0.000,  0.000
840003234513925,  1533, 6,23:29:35,23:33:32,   237, 47.70, 46.70,LS    ,  1.00,  0.000,  0.00,  0.000,  0.000,  0.000,  0.000
840003234513923,  1531,28,23:33:38,23:33:42,     4, 20.80, 20.80,LS    ,  0.00,  0.000,  0.00,  0.000,  0.000,  0.000,  0.000
840003274076181,  9663,53,23:33:57,23:34:03,     6,  2.89,  2.89,TEST  ,  0.00,  0.000,  0.00,  0.000,  0.000,  0.000,  0.000
840003250681788,  1773,78,23:29:52,23:34:05,   253, 32.35, 31.20,TEST  ,  1.15,  0.000,  0.00,  0.000,  0.000,  0.000,  0.000
840003250681674,  1659,22,23:32:14,23:34:07,   113, 47.00, 46.60,HS    ,  0.40,  0.000,  0.00,  0.000,  0.000,  0.000,  0.000
840003250681669,  1654,13,23:33:14,23:34:15,    61, 42.70, 42.40,HS    ,  0.30,  0.000,  0.00,  0.000,  0.000,  0.000,  0.000
840003287324973,  9890, 1,23:30:56,23:35:07,   251, 35.50, 34.00,HS    ,  1.50,  0.000,  0.00,  0.000,  0.000,  0.000,  0.000
840003250681638,  1623, 3,23:34:06,23:35:25,    79, 25.30, 24.70,LS    ,  0.60,  0.000,  0.00,  0.000,  0.000,  0.000,  0.000
982000372939914,  8693,66,23:30:35,23:35:33,   298, 19.55, 18.29,TEST  ,  1.26,  0.000,  0.00,  0.000,  0.000,  0.000,  0.000
840003250681674,  1659,21,23:34:16,23:35:56,   100, 53.20, 52.90,HS    ,  0.30,  0.000,  0.00,  0.000,  0.000,  0.000,  0.000
840003274076117,  9785,31,23:34:04,23:36:04,   120, 21.50, 21.10,LS    ,  0.40,  0.000,  0.00,  0.000,  0.000,  0.000,  0.000
840003268256460,  9534,20,23:33:04,23:36:06,   182, 27.40, 26.90,LS    ,  0.50,  0.000,  0.00,  0.000,  0.000,  0.000,  0.000
840003250681638,  1623, 6,23:36:15,23:37:27,    72, 46.70, 46.30,LS    ,  0.40,  0.000,  0.00,  0.000,  0.000,  0.000,  0.000
840003234513826,  1434, 2,23:35:27,23:37:30,   123, 14.40, 13.80,LS    ,  0.60,  0.000,  0.00,  0.000,  0.000,  0.000,  0.000
840003250681669,  1654,16,23:35:32,23:37:30,   118, 39.80, 39.10,HS    ,  0.70,  0.000,  0.00,  0.000,  0.000,  0.000,  0.000
840003218920932,  1174,17,23:33:52,23:37:55,   243, 26.10, 24.80,HS    ,  1.30,  0.000,  0.00,  0.000,  0.000,  0.000,  0.000
840003250681788,  1773,76,23:34:18,23:38:02,   224, 25.92, 24.97,TEST  ,  0.95,  0.000,  0.00,  0.000,  0.000,  0.000,  0.000
840003250681638,  1623, 6,23:37:48,23:38:09,    21, 46.30, 46.10,LS    ,  0.20,  0.000,  0.00,  0.000,  0.000,  0.000,  0.000
840003234513990,  1598,18,23:29:26,23:38:10,   524, 50.30, 48.00,LS    ,  2.30,  0.000,  0.00,  0.000,  0.000,  0.000,  0.000
840003268256460,  9534,19,23:37:17,23:38:15,    58, 40.80, 40.50,LS    ,  0.30,  0.000,  0.00,  0.000,  0.000,  0.000,  0.000
840003218920887,  1129,64,23:32:48,23:39:02,   374, 41.41, 39.77,TEST  ,  1.64,  0.000,  0.00,  0.000,  0.000,  0.000,  0.000
840003287324973,  9890, 9,23:37:24,23:39:03,    99, 46.80, 46.40,HS    ,  0.40,  0.000,  0.00,  0.000,  0.000,  0.000,  0.000
840003211747972,  9943,32,23:39:29,23:39:37,     8, 66.80, 66.80,HS    ,  0.00,  0.000,  0.00,  0.000,  0.000,  0.000,  0.000
840003234513826,  1434, 2,23:37:52,23:39:41,   109, 13.90, 13.30,LS    ,  0.60,  0.000,  0.00,  0.000,  0.000,  0.000,  0.000
840003211747972,  9943,31,23:39:42,23:39:58,    16, 21.10, 21.10,LS    ,  0.00,  0.000,  0.00,  0.000,  0.000,  0.000,  0.000
840003234513925,  1533,12,23:35:32,23:41:00,   328, 35.30, 33.70,LS    ,  1.60,  0.000,  0.00,  0.000,  0.000,  0.000,  0.000
840003268256460,  9534,20,23:39:39,23:41:03,    84, 26.90, 26.40,LS    ,  0.50,  0.000,  0.00,  0.000,  0.000,  0.000,  0.000
840003250681788,  1773,75,23:38:06,23:41:11,   185, 29.50, 28.71,TEST  ,  0.79,  0.000,  0.00,  0.000,  0.000,  0.000,  0.000
840003250681674,  1659,21,23:36:21,23:42:15,   354, 52.90, 51.20,HS    ,  1.70,  0.000,  0.00,  0.000,  0.000,  0.000,  0.000
982000372939914,  8693,65,23:35:38,23:42:41,   423, 27.81, 25.83,TEST  ,  1.98,  0.000,  0.00,  0.000,  0.000,  0.000,  0.000
840003211747972,  9943,28,23:40:15,23:42:38,   143, 20.80, 20.00,LS    ,  0.80,  0.000,  0.00,  0.000,  0.000,  0.000,  0.000
840003287324998,  9295,54,23:42:55,23:43:01,     6, 20.52, 20.61,TEST  , -0.09,  0.000,  0.00,  0.000,  0.000,  0.000,  0.000
982000372939914,  8693,64,23:42:50,23:43:48,    58, 39.71, 39.35,TEST  ,  0.36,  0.000,  0.00,  0.000,  0.000,  0.000,  0.000
840003234513826,  1434, 6,23:40:08,23:44:04,   236, 46.10, 45.00,LS    ,  1.10,  0.000,  0.00,  0.000,  0.000,  0.000,  0.000
840003250681638,  1623,15,23:39:35,23:44:13,   278, 28.40, 26.60,LS    ,  1.80,  0.000,  0.00,  0.000,  0.000,  0.000,  0.000
840003234513972,  1580, 7,23:41:10,23:44:24,   194, 46.00, 44.40,LS    ,  1.60,  0.000,  0.00,  0.000,  0.000,  0.000,  0.000
840003250681788,  1773,74,23:41:27,23:44:41,   194, 12.10, 11.47,TEST  ,  0.63,  0.000,  0.00,  0.000,  0.000,  0.000,  0.000
840003205049521,  9635,18,23:38:28,23:44:55,   387, 48.00, 45.50,LS    ,  2.50,  0.000,  0.00,  0.000,  0.000,  0.000,  0.000
840003234513990,  1598,19,23:38:35,23:44:59,   384, 40.50, 38.90,LS    ,  1.60,  0.000,  0.00,  0.000,  0.000,  0.000,  0.000
840003268256460,  9534,24,23:42:42,23:44:58,   136, 52.40, 51.70,HS    ,  0.70,  0.000,  0.00,  0.000,  0.000,  0.000,  0.000
840003250681669,  1654,26,23:39:01,23:44:58,   357, 33.10, 31.30,HS    ,  1.80,  0.000,  0.00,  0.000,  0.000,  0.000,  0.000
840003211747972,  9943,27,23:43:01,23:44:58,   117, 37.60, 37.20,LS    ,  0.40,  0.000,  0.00,  0.000,  0.000,  0.000,  0.000
840003268256482,  9300,31,23:42:06,23:45:00,   174, 21.10, 20.10,LS    ,  1.00,  0.000,  0.00,  0.000,  0.000,  0.000,  0.000
840003234513964,  1572, 1,23:38:09,23:44:58,   409, 33.90, 31.60,HS    ,  2.30,  0.000,  0.00,  0.000,  0.000,  0.000,  0.000
840003218920990,  1232, 4,23:40:25,23:44:59,   274, 32.10, 30.50,HS    ,  1.60,  0.000,  0.00,  0.000,  0.000,  0.000,  0.000
840003250681638,  1623,11,23:44:44,23:44:59,    15, 52.80, 52.60,LS    ,  0.20,  0.000,  0.00,  0.000,  0.000,  0.000,  0.000
840003234513923,  1531,22,23:34:19,23:45:00,   641, 46.60, 44.10,HS    ,  2.50,  0.000,  0.00,  0.000,  0.000,  0.000,  0.000
840003250681674,  1659,21,23:42:55,23:44:59,   124, 51.20, 51.10,HS    ,  0.10,  0.000,  0.00,  0.000,  0.000,  0.000,  0.000
840003218920882,  1124,30,23:39:27,23:45:00,   333, 42.20, 40.70,HS    ,  1.50,  0.000,  0.00,  0.000,  0.000,  0.000,  0.000
840003218920932,  1174,29,23:44:09,23:45:00,    51, 43.60, 43.20,HS    ,  0.40,  0.000,  0.00,  0.000,  0.000,  0.000,  0.000
840003250681783,  1768,78,23:36:27,23:45:27,   540, 31.21, 29.45,TEST  ,  1.76,  0.000,  0.00,  0.000,  0.000,  0.000,  0.000
840003287324998,  9295,54,23:43:38,23:45:35,   117, 20.11, 19.36,TEST  ,  0.75,  0.000,  0.00,  0.000,  0.000,  0.000,  0.000
840003274076181,  9663,55,23:43:13,23:45:34,   141, 25.19, 24.65,TEST  ,  0.54,  0.000,  0.00,  0.000,  0.000,  0.000,  0.000
840003234513840,  1448,57,23:29:49,23:45:36,   947, 43.77, 43.15,TEST  ,  0.62,  0.000,  0.00,  0.000,  0.000,  0.000,  0.000
982000372939914,  8693,59,23:44:33,23:45:36,    63, 64.20, 63.70,TEST  ,  0.50,  0.000,  0.00,  0.000,  0.000,  0.000,  0.000
840003250681788,  1773,72,23:44:48,23:45:37,    49, 23.84, 23.58,TEST  ,  0.26,  0.000,  0.00,  0.000,  0.000,  0.000,  0.000
840003234513920,  1528,77,23:41:37,23:45:38,   241, 32.80, 31.46,TEST  ,  1.34,  0.000,  0.00,  0.000,  0.000,  0.000,  0.000
840003234513850,  1458,78,23:45:30,23:45:38,     8, 29.46, 29.43,TEST  ,  0.03,  0.000,  0.00,  0.000,  0.000,  0.000,  0.000
